budget_year,budget_source_group_id,budget_source_group_th,type,camp_name_thai,fac_name_thai,sum_final_budget
2553,7,เงินรายได้คณะ (กองทุนวิจัย),ภายใน,¿¿¿¿¿¿¿¿¿¿¿¿¿¿¿,¿¿¿¿¿¿¿¿¿¿¿¿¿,3315.79
2554,0,สกอ-มหาวิทยาลัยวิจัยแห่งชาติ (NRU)      ,ภายนอก,¿¿¿¿¿¿¿¿¿¿¿¿¿¿¿,¿¿¿¿¿¿¿¿¿¿¿¿¿,1926296.4999999998
2554,0,สกอ-มหาวิทยาลัยวิจัยแห่งชาติ (NRU)      ,ภายนอก,¿¿¿¿¿¿¿¿¿¿¿¿¿¿¿,¿¿¿¿¿¿¿¿¿¿¿¿¿¿,31932384.36666667
2554,0,สกอ-มหาวิทยาลัยวิจัยแห่งชาติ (NRU)      ,ภายนอก,¿¿¿¿¿¿¿¿¿¿¿¿¿¿¿,¿¿¿¿¿¿¿¿¿¿¿¿¿¿¿,329000.0
2554,0,สกอ-มหาวิทยาลัยวิจัยแห่งชาติ (NRU)      ,ภายนอก,¿¿¿¿¿¿¿¿¿¿¿¿¿¿¿,¿¿¿¿¿¿¿¿¿¿¿¿¿¿¿¿¿,14287527.000000002
2554,0,สกอ-มหาวิทยาลัยวิจัยแห่งชาติ (NRU)      ,ภายนอก,¿¿¿¿¿¿¿¿¿¿¿¿¿¿¿,¿¿¿¿¿¿¿¿¿¿¿¿¿¿¿¿¿ ¿¿¿¿¿¿¿¿¿¿¿¿¿¿¿¿¿¿¿¿¿¿¿¿,1532773.266666667
2554,0,สกอ-มหาวิทยาลัยวิจัยแห่งชาติ (NRU)      ,ภายนอก,¿¿¿¿¿¿¿¿¿¿¿¿¿¿¿,¿¿¿¿¿¿¿¿¿¿¿¿¿¿¿¿¿¿,11525082.166666668
2554,0,สกอ-มหาวิทยาลัยวิจัยแห่งชาติ (NRU)      ,ภายนอก,¿¿¿¿¿¿¿¿¿¿¿¿¿¿¿,¿¿¿¿¿¿¿¿¿¿¿¿¿¿¿¿¿¿¿,10048666.000000002
2554,0,สกอ-มหาวิทยาลัยวิจัยแห่งชาติ (NRU)      ,ภายนอก,¿¿¿¿¿¿¿¿¿¿¿¿¿¿¿,¿¿¿¿¿¿¿¿¿¿¿¿¿¿¿¿¿¿¿¿¿¿¿¿¿¿,2797410.0
2554,0,สกอ-มหาวิทยาลัยวิจัยแห่งชาติ (NRU)      ,ภายนอก,¿¿¿¿¿¿¿¿¿¿¿¿¿¿¿,¿¿¿¿¿¿¿¿¿¿¿¿¿¿¿¿¿¿¿¿¿¿¿¿¿¿¿¿,158800.0
2554,0,สกอ-มหาวิทยาลัยวิจัยแห่งชาติ (NRU)      ,ภายนอก,¿¿¿¿¿¿¿¿¿¿¿¿¿¿¿¿¿¿¿¿,¿¿¿¿¿¿¿¿¿¿¿¿¿¿¿¿¿¿¿¿¿¿¿¿¿¿¿¿¿¿¿¿¿¿¿¿,2272590.0
2554,2,เงินกองทุนวิจัยมหาวิทยาลัย   ,ภายใน,¿¿¿¿¿¿¿¿¿¿¿¿¿¿,¿¿¿¿¿¿¿¿¿¿¿¿¿¿¿¿¿¿¿¿¿¿¿¿¿¿,6667.0
2554,2,เงินกองทุนวิจัยมหาวิทยาลัย   ,ภายใน,¿¿¿¿¿¿¿¿¿¿¿¿¿¿¿,¿¿¿¿¿¿¿¿¿¿¿¿¿,96896.0
2554,2,เงินกองทุนวิจัยมหาวิทยาลัย   ,ภายใน,¿¿¿¿¿¿¿¿¿¿¿¿¿¿¿,¿¿¿¿¿¿¿¿¿¿¿¿¿¿,439640.593
2554,2,เงินกองทุนวิจัยมหาวิทยาลัย   ,ภายใน,¿¿¿¿¿¿¿¿¿¿¿¿¿¿¿,¿¿¿¿¿¿¿¿¿¿¿¿¿¿¿¿¿,45996.5
2554,2,เงินกองทุนวิจัยมหาวิทยาลัย   ,ภายใน,¿¿¿¿¿¿¿¿¿¿¿¿¿¿¿,¿¿¿¿¿¿¿¿¿¿¿¿¿¿¿¿¿¿,136583.08000000002
2554,2,เงินกองทุนวิจัยมหาวิทยาลัย   ,ภายใน,¿¿¿¿¿¿¿¿¿¿¿¿¿¿¿,¿¿¿¿¿¿¿¿¿¿¿¿¿¿¿¿¿¿¿,325641.652
2554,2,เงินกองทุนวิจัยมหาวิทยาลัย   ,ภายใน,¿¿¿¿¿¿¿¿¿¿¿¿¿¿¿,¿¿¿¿¿¿¿¿¿¿¿¿¿¿¿¿¿¿¿¿¿¿¿,6667.0
2554,2,เงินกองทุนวิจัยมหาวิทยาลัย   ,ภายใน,¿¿¿¿¿¿¿¿¿¿¿¿¿¿¿,¿¿¿¿¿¿¿¿¿¿¿¿¿¿¿¿¿¿¿¿¿¿¿¿¿¿¿¿,41916.75
2554,3,เงินจากแหล่งทุนภายนอก ในประเทศไทย,ภายนอก,¿¿¿¿¿¿¿¿¿¿¿¿¿¿¿,¿¿¿¿¿¿¿¿¿¿¿¿¿,1161275.2145
2554,3,เงินจากแหล่งทุนภายนอก ในประเทศไทย,ภายนอก,¿¿¿¿¿¿¿¿¿¿¿¿¿¿¿,¿¿¿¿¿¿¿¿¿¿¿¿¿¿,1730728.8939999999
2554,3,เงินจากแหล่งทุนภายนอก ในประเทศไทย,ภายนอก,¿¿¿¿¿¿¿¿¿¿¿¿¿¿¿,¿¿¿¿¿¿¿¿¿¿¿¿¿¿¿,99999.9999999999
2554,3,เงินจากแหล่งทุนภายนอก ในประเทศไทย,ภายนอก,¿¿¿¿¿¿¿¿¿¿¿¿¿¿¿,¿¿¿¿¿¿¿¿¿¿¿¿¿¿¿ ¿¿¿¿¿¿¿¿¿¿¿¿¿¿¿,145356.5195
2554,3,เงินจากแหล่งทุนภายนอก ในประเทศไทย,ภายนอก,¿¿¿¿¿¿¿¿¿¿¿¿¿¿¿,¿¿¿¿¿¿¿¿¿¿¿¿¿¿¿¿¿,275250.0
2554,3,เงินจากแหล่งทุนภายนอก ในประเทศไทย,ภายนอก,¿¿¿¿¿¿¿¿¿¿¿¿¿¿¿,¿¿¿¿¿¿¿¿¿¿¿¿¿¿¿¿¿¿,950556.0
2554,3,เงินจากแหล่งทุนภายนอก ในประเทศไทย,ภายนอก,¿¿¿¿¿¿¿¿¿¿¿¿¿¿¿,¿¿¿¿¿¿¿¿¿¿¿¿¿¿¿¿¿¿¿,3986710.896
2554,3,เงินจากแหล่งทุนภายนอก ในประเทศไทย,ภายนอก,¿¿¿¿¿¿¿¿¿¿¿¿¿¿¿,¿¿¿¿¿¿¿¿¿¿¿¿¿¿¿¿¿¿¿¿¿¿¿¿¿¿,642309.0800000001
2554,3,เงินจากแหล่งทุนภายนอก ในประเทศไทย,ภายนอก,¿¿¿¿¿¿¿¿¿¿¿¿¿¿¿,¿¿¿¿¿¿¿¿¿¿¿¿¿¿¿¿¿¿¿¿¿¿¿¿¿¿¿¿,350000.0
2554,4,เงินจากแหล่งทุนภายนอก ต่างประเทศ,ภายนอก,¿¿¿¿¿¿¿¿¿¿¿¿¿¿¿,¿¿¿¿¿¿¿¿¿¿¿¿¿¿¿¿¿¿,1000000.0
2554,6,เงินรายได้คณะ (เงินรายได้),ภายใน,¿¿¿¿¿¿¿¿¿¿¿¿¿¿,¿¿¿¿¿¿¿¿¿¿¿¿¿¿¿¿¿¿¿¿¿¿¿¿¿¿¿¿,298760.0
2554,6,เงินรายได้คณะ (เงินรายได้),ภายใน,¿¿¿¿¿¿¿¿¿¿¿¿¿¿¿,¿¿¿¿¿¿¿¿¿¿¿¿¿,50000.0
2554,6,เงินรายได้คณะ (เงินรายได้),ภายใน,¿¿¿¿¿¿¿¿¿¿¿¿¿¿¿,¿¿¿¿¿¿¿¿¿¿¿¿¿¿¿¿¿¿¿¿¿¿¿¿¿¿,300000.0
2554,7,เงินรายได้คณะ (กองทุนวิจัย),ภายใน,¿¿¿¿¿¿¿¿¿¿¿¿¿¿,¿¿¿¿¿¿¿¿¿¿¿¿¿¿¿¿¿¿¿¿¿¿¿¿¿¿,13333.0
2554,7,เงินรายได้คณะ (กองทุนวิจัย),ภายใน,¿¿¿¿¿¿¿¿¿¿¿¿¿¿,¿¿¿¿¿¿¿¿¿¿¿¿¿¿¿¿¿¿¿¿¿¿¿¿¿¿¿¿,297780.0
2554,7,เงินรายได้คณะ (กองทุนวิจัย),ภายใน,¿¿¿¿¿¿¿¿¿¿¿¿¿¿¿,¿¿¿¿¿¿¿¿¿¿¿¿¿,213333.0
2554,7,เงินรายได้คณะ (กองทุนวิจัย),ภายใน,¿¿¿¿¿¿¿¿¿¿¿¿¿¿¿,¿¿¿¿¿¿¿¿¿¿¿¿¿¿,376666.0
2554,7,เงินรายได้คณะ (กองทุนวิจัย),ภายใน,¿¿¿¿¿¿¿¿¿¿¿¿¿¿¿,¿¿¿¿¿¿¿¿¿¿¿¿¿¿¿¿¿,477333.0
2554,7,เงินรายได้คณะ (กองทุนวิจัย),ภายใน,¿¿¿¿¿¿¿¿¿¿¿¿¿¿¿,¿¿¿¿¿¿¿¿¿¿¿¿¿¿¿¿¿¿¿,150000.0
2554,7,เงินรายได้คณะ (กองทุนวิจัย),ภายใน,¿¿¿¿¿¿¿¿¿¿¿¿¿¿¿,¿¿¿¿¿¿¿¿¿¿¿¿¿¿¿¿¿¿¿¿¿¿¿,13333.0
2554,7,เงินรายได้คณะ (กองทุนวิจัย),ภายใน,¿¿¿¿¿¿¿¿¿¿¿¿¿¿¿,¿¿¿¿¿¿¿¿¿¿¿¿¿¿¿¿¿¿¿¿¿¿¿¿¿¿¿¿,41666.67
2554,8,เงินกองทุนวิจัยวิทยาเขต,ภายใน,¿¿¿¿¿¿¿¿¿¿¿¿,¿¿¿¿¿¿¿¿¿¿¿¿¿¿¿¿¿¿¿¿¿¿¿¿¿¿¿,41666.0
2554,8,เงินกองทุนวิจัยวิทยาเขต,ภายใน,¿¿¿¿¿¿¿¿¿¿¿¿¿¿,¿¿¿¿¿¿¿¿¿¿¿¿¿¿¿¿¿¿¿¿¿¿¿¿¿¿,6667.0
2554,8,เงินกองทุนวิจัยวิทยาเขต,ภายใน,¿¿¿¿¿¿¿¿¿¿¿¿¿¿¿,¿¿¿¿¿¿¿¿¿¿¿¿¿¿,13334.0
2554,8,เงินกองทุนวิจัยวิทยาเขต,ภายใน,¿¿¿¿¿¿¿¿¿¿¿¿¿¿¿,¿¿¿¿¿¿¿¿¿¿¿¿¿¿¿,50000.0
2554,8,เงินกองทุนวิจัยวิทยาเขต,ภายใน,¿¿¿¿¿¿¿¿¿¿¿¿¿¿¿,¿¿¿¿¿¿¿¿¿¿¿¿¿¿¿¿¿,6667.0
2554,8,เงินกองทุนวิจัยวิทยาเขต,ภายใน,¿¿¿¿¿¿¿¿¿¿¿¿¿¿¿,¿¿¿¿¿¿¿¿¿¿¿¿¿¿¿¿¿¿¿¿¿¿¿,6667.0
2554,8,เงินกองทุนวิจัยวิทยาเขต,ภายใน,¿¿¿¿¿¿¿¿¿¿¿¿¿¿¿,¿¿¿¿¿¿¿¿¿¿¿¿¿¿¿¿¿¿¿¿¿¿¿¿¿¿,365621.67
2554,11,ไม่ระบุ,,¿¿¿¿¿¿¿¿¿¿¿¿¿¿¿,¿¿¿¿¿¿¿¿¿¿¿¿¿¿,5798739.427999999
2554,11,ไม่ระบุ,,¿¿¿¿¿¿¿¿¿¿¿¿¿¿¿,¿¿¿¿¿¿¿¿¿¿¿¿¿¿¿,194005.0
2554,11,ไม่ระบุ,,¿¿¿¿¿¿¿¿¿¿¿¿¿¿¿,¿¿¿¿¿¿¿¿¿¿¿¿¿¿¿¿¿,5398876.17
2554,11,ไม่ระบุ,,¿¿¿¿¿¿¿¿¿¿¿¿¿¿¿,¿¿¿¿¿¿¿¿¿¿¿¿¿¿¿¿¿¿,3898520.0
2554,11,ไม่ระบุ,,¿¿¿¿¿¿¿¿¿¿¿¿¿¿¿,¿¿¿¿¿¿¿¿¿¿¿¿¿¿¿¿¿¿¿,2139369.4319999996
2554,11,ไม่ระบุ,,¿¿¿¿¿¿¿¿¿¿¿¿¿¿¿,¿¿¿¿¿¿¿¿¿¿¿¿¿¿¿¿¿¿¿¿¿¿¿,417318.0
2554,11,ไม่ระบุ,,¿¿¿¿¿¿¿¿¿¿¿¿¿¿¿,¿¿¿¿¿¿¿¿¿¿¿¿¿¿¿¿¿¿¿¿¿¿¿¿¿¿,938565.0
2554,11,ไม่ระบุ,,¿¿¿¿¿¿¿¿¿¿¿¿¿¿¿,¿¿¿¿¿¿¿¿¿¿¿¿¿¿¿¿¿¿¿¿¿¿¿¿¿¿¿¿,33333.33
2554,11,ไม่ระบุ,,¿¿¿¿¿¿¿¿¿¿¿¿¿¿¿,¿¿¿¿¿¿¿¿¿¿¿¿¿¿¿¿¿¿¿¿¿¿¿¿¿¿¿¿¿¿¿¿¿,140000.0
2554,11,ไม่ระบุ,,¿¿¿¿¿¿¿¿¿¿¿¿¿¿¿¿¿¿¿¿,¿¿¿¿¿¿¿¿¿¿¿¿¿¿¿¿¿ ¿¿¿¿¿¿¿¿¿¿¿¿¿¿¿¿¿¿¿¿,105000.0
2554,11,ไม่ระบุ,,¿¿¿¿¿¿¿¿¿¿¿¿¿¿¿¿¿¿¿¿,¿¿¿¿¿¿¿¿¿¿¿¿¿¿¿¿¿¿¿¿¿¿¿¿¿¿¿¿¿¿¿¿¿¿¿¿,631906.0
2555,0,สกอ-มหาวิทยาลัยวิจัยแห่งชาติ (NRU)      ,ภายนอก,¿¿¿¿¿¿¿¿¿¿¿¿¿¿¿,¿¿¿¿¿¿¿¿¿¿¿¿¿,2405446.5
2555,0,สกอ-มหาวิทยาลัยวิจัยแห่งชาติ (NRU)      ,ภายนอก,¿¿¿¿¿¿¿¿¿¿¿¿¿¿¿,¿¿¿¿¿¿¿¿¿¿¿¿¿¿,31883945.7
2555,0,สกอ-มหาวิทยาลัยวิจัยแห่งชาติ (NRU)      ,ภายนอก,¿¿¿¿¿¿¿¿¿¿¿¿¿¿¿,¿¿¿¿¿¿¿¿¿¿¿¿¿¿¿,554252.9999999995
2555,0,สกอ-มหาวิทยาลัยวิจัยแห่งชาติ (NRU)      ,ภายนอก,¿¿¿¿¿¿¿¿¿¿¿¿¿¿¿,¿¿¿¿¿¿¿¿¿¿¿¿¿¿¿¿¿,14087770.333333336
2555,0,สกอ-มหาวิทยาลัยวิจัยแห่งชาติ (NRU)      ,ภายนอก,¿¿¿¿¿¿¿¿¿¿¿¿¿¿¿,¿¿¿¿¿¿¿¿¿¿¿¿¿¿¿¿¿ ¿¿¿¿¿¿¿¿¿¿¿¿¿¿¿¿¿¿¿¿¿¿¿¿,1749879.9333333336
2555,0,สกอ-มหาวิทยาลัยวิจัยแห่งชาติ (NRU)      ,ภายนอก,¿¿¿¿¿¿¿¿¿¿¿¿¿¿¿,¿¿¿¿¿¿¿¿¿¿¿¿¿¿¿¿¿¿,10879602.166666668
2555,0,สกอ-มหาวิทยาลัยวิจัยแห่งชาติ (NRU)      ,ภายนอก,¿¿¿¿¿¿¿¿¿¿¿¿¿¿¿,¿¿¿¿¿¿¿¿¿¿¿¿¿¿¿¿¿¿¿,9930276.0
2555,0,สกอ-มหาวิทยาลัยวิจัยแห่งชาติ (NRU)      ,ภายนอก,¿¿¿¿¿¿¿¿¿¿¿¿¿¿¿,¿¿¿¿¿¿¿¿¿¿¿¿¿¿¿¿¿¿¿¿¿¿¿¿¿¿,1645010.0
2555,0,สกอ-มหาวิทยาลัยวิจัยแห่งชาติ (NRU)      ,ภายนอก,¿¿¿¿¿¿¿¿¿¿¿¿¿¿¿,¿¿¿¿¿¿¿¿¿¿¿¿¿¿¿¿¿¿¿¿¿¿¿¿¿¿¿¿,130000.0
2555,0,สกอ-มหาวิทยาลัยวิจัยแห่งชาติ (NRU)      ,ภายนอก,¿¿¿¿¿¿¿¿¿¿¿¿¿¿¿¿¿¿¿¿,¿¿¿¿¿¿¿¿¿¿¿¿¿¿¿¿¿¿¿¿¿¿¿¿¿¿¿¿¿¿¿¿¿¿¿¿,1462590.0
2555,1,เงินงบประมาณแผ่นดิน   ,ภายนอก,¿¿¿¿¿¿¿¿¿¿¿¿¿¿¿,¿¿¿¿¿¿¿¿¿¿¿¿¿¿,900000.0
2555,1,เงินงบประมาณแผ่นดิน   ,ภายนอก,¿¿¿¿¿¿¿¿¿¿¿¿¿¿¿,¿¿¿¿¿¿¿¿¿¿¿¿¿¿¿¿¿¿¿,225000.0
2555,1,เงินงบประมาณแผ่นดิน   ,ภายนอก,¿¿¿¿¿¿¿¿¿¿¿¿¿¿¿¿¿¿¿¿,¿¿¿¿¿¿¿¿¿¿¿¿¿¿¿¿¿¿¿¿¿¿¿¿¿¿¿¿¿¿¿¿¿¿¿¿,180000.0
2555,2,เงินกองทุนวิจัยมหาวิทยาลัย   ,ภายใน,¿¿¿¿¿¿¿¿¿¿¿¿,¿¿¿¿¿¿¿¿¿¿¿¿¿¿¿¿¿¿¿¿¿¿¿¿¿¿¿,130087.0
2555,2,เงินกองทุนวิจัยมหาวิทยาลัย   ,ภายใน,¿¿¿¿¿¿¿¿¿¿¿¿¿¿,¿¿¿¿¿¿¿¿¿¿¿¿¿¿¿¿¿¿¿¿¿¿¿¿¿¿,20000.0
2555,2,เงินกองทุนวิจัยมหาวิทยาลัย   ,ภายใน,¿¿¿¿¿¿¿¿¿¿¿¿¿¿¿,¿¿¿¿¿¿¿¿¿¿¿¿¿,1836076.7833333327
2555,2,เงินกองทุนวิจัยมหาวิทยาลัย   ,ภายใน,¿¿¿¿¿¿¿¿¿¿¿¿¿¿¿,¿¿¿¿¿¿¿¿¿¿¿¿¿¿,5655537.607333335
2555,2,เงินกองทุนวิจัยมหาวิทยาลัย   ,ภายใน,¿¿¿¿¿¿¿¿¿¿¿¿¿¿¿,¿¿¿¿¿¿¿¿¿¿¿¿¿¿¿,1435659.4999999998
2555,2,เงินกองทุนวิจัยมหาวิทยาลัย   ,ภายใน,¿¿¿¿¿¿¿¿¿¿¿¿¿¿¿,¿¿¿¿¿¿¿¿¿¿¿¿¿¿¿ ¿¿¿¿¿¿¿¿¿¿¿¿¿¿¿,8070.599999999999
2555,2,เงินกองทุนวิจัยมหาวิทยาลัย   ,ภายใน,¿¿¿¿¿¿¿¿¿¿¿¿¿¿¿,¿¿¿¿¿¿¿¿¿¿¿¿¿¿¿¿¿,4619123.350000001
2555,2,เงินกองทุนวิจัยมหาวิทยาลัย   ,ภายใน,¿¿¿¿¿¿¿¿¿¿¿¿¿¿¿,¿¿¿¿¿¿¿¿¿¿¿¿¿¿¿¿¿ ¿¿¿¿¿¿¿¿¿¿¿¿¿¿¿¿¿¿¿¿¿¿¿¿,45146.0
2555,2,เงินกองทุนวิจัยมหาวิทยาลัย   ,ภายใน,¿¿¿¿¿¿¿¿¿¿¿¿¿¿¿,¿¿¿¿¿¿¿¿¿¿¿¿¿¿¿¿¿¿,1954223.65
2555,2,เงินกองทุนวิจัยมหาวิทยาลัย   ,ภายใน,¿¿¿¿¿¿¿¿¿¿¿¿¿¿¿,¿¿¿¿¿¿¿¿¿¿¿¿¿¿¿¿¿¿¿,2311986.962666666
2555,2,เงินกองทุนวิจัยมหาวิทยาลัย   ,ภายใน,¿¿¿¿¿¿¿¿¿¿¿¿¿¿¿,¿¿¿¿¿¿¿¿¿¿¿¿¿¿¿¿¿¿¿¿¿¿¿,54332.8
2555,2,เงินกองทุนวิจัยมหาวิทยาลัย   ,ภายใน,¿¿¿¿¿¿¿¿¿¿¿¿¿¿¿,¿¿¿¿¿¿¿¿¿¿¿¿¿¿¿¿¿¿¿¿¿¿¿¿¿¿,279055.8999999999
2555,2,เงินกองทุนวิจัยมหาวิทยาลัย   ,ภายใน,¿¿¿¿¿¿¿¿¿¿¿¿¿¿¿,¿¿¿¿¿¿¿¿¿¿¿¿¿¿¿¿¿¿¿¿¿¿¿¿¿¿¿¿,113888.9166666666
2555,2,เงินกองทุนวิจัยมหาวิทยาลัย   ,ภายใน,¿¿¿¿¿¿¿¿¿¿¿¿¿¿¿,¿¿¿¿¿¿¿¿¿¿¿¿¿¿¿¿¿¿¿¿¿¿¿¿¿¿¿¿¿,50625.0
2555,2,เงินกองทุนวิจัยมหาวิทยาลัย   ,ภายใน,¿¿¿¿¿¿¿¿¿¿¿¿¿¿¿¿¿¿¿¿,¿¿¿¿¿¿¿¿¿¿¿¿¿¿¿¿¿ ¿¿¿¿¿¿¿¿¿¿¿¿¿¿¿¿¿¿¿¿,31350.0
2555,2,เงินกองทุนวิจัยมหาวิทยาลัย   ,ภายใน,¿¿¿¿¿¿¿¿¿¿¿¿¿¿¿¿¿¿¿¿,¿¿¿¿¿¿¿¿¿¿¿¿¿¿¿¿¿¿¿¿¿¿¿¿¿¿¿¿¿¿,121932.0
2555,2,เงินกองทุนวิจัยมหาวิทยาลัย   ,ภายใน,¿¿¿¿¿¿¿¿¿¿¿¿¿¿¿¿¿¿¿¿,¿¿¿¿¿¿¿¿¿¿¿¿¿¿¿¿¿¿¿¿¿¿¿¿¿¿¿¿¿¿¿¿¿¿¿¿,480282.94999999995
2555,3,เงินจากแหล่งทุนภายนอก ในประเทศไทย,ภายนอก,¿¿¿¿¿¿¿¿¿¿¿¿¿¿,¿¿¿¿¿¿¿¿¿¿¿¿¿¿¿¿¿¿¿¿¿¿¿¿¿¿,820395.75
2555,3,เงินจากแหล่งทุนภายนอก ในประเทศไทย,ภายนอก,¿¿¿¿¿¿¿¿¿¿¿¿¿¿,¿¿¿¿¿¿¿¿¿¿¿¿¿¿¿¿¿¿¿¿¿¿¿¿¿¿¿¿,196841.0
2555,3,เงินจากแหล่งทุนภายนอก ในประเทศไทย,ภายนอก,¿¿¿¿¿¿¿¿¿¿¿¿¿¿¿,¿¿¿¿¿¿¿¿¿¿¿¿¿,3750606.3643333334
2555,3,เงินจากแหล่งทุนภายนอก ในประเทศไทย,ภายนอก,¿¿¿¿¿¿¿¿¿¿¿¿¿¿¿,¿¿¿¿¿¿¿¿¿¿¿¿¿¿,7732029.086999999
2555,3,เงินจากแหล่งทุนภายนอก ในประเทศไทย,ภายนอก,¿¿¿¿¿¿¿¿¿¿¿¿¿¿¿,¿¿¿¿¿¿¿¿¿¿¿¿¿¿¿,538863.3333333333
2555,3,เงินจากแหล่งทุนภายนอก ในประเทศไทย,ภายนอก,¿¿¿¿¿¿¿¿¿¿¿¿¿¿¿,¿¿¿¿¿¿¿¿¿¿¿¿¿¿¿ ¿¿¿¿¿¿¿¿¿¿¿¿¿¿¿,276368.1143333335
2555,3,เงินจากแหล่งทุนภายนอก ในประเทศไทย,ภายนอก,¿¿¿¿¿¿¿¿¿¿¿¿¿¿¿,¿¿¿¿¿¿¿¿¿¿¿¿¿¿¿¿¿,4825077.336666666
2555,3,เงินจากแหล่งทุนภายนอก ในประเทศไทย,ภายนอก,¿¿¿¿¿¿¿¿¿¿¿¿¿¿¿,¿¿¿¿¿¿¿¿¿¿¿¿¿¿¿¿¿¿,2421136.0
2555,3,เงินจากแหล่งทุนภายนอก ในประเทศไทย,ภายนอก,¿¿¿¿¿¿¿¿¿¿¿¿¿¿¿,¿¿¿¿¿¿¿¿¿¿¿¿¿¿¿¿¿¿¿,6027444.661333334
2555,3,เงินจากแหล่งทุนภายนอก ในประเทศไทย,ภายนอก,¿¿¿¿¿¿¿¿¿¿¿¿¿¿¿,¿¿¿¿¿¿¿¿¿¿¿¿¿¿¿¿¿¿¿¿¿¿¿,630320.0
2555,3,เงินจากแหล่งทุนภายนอก ในประเทศไทย,ภายนอก,¿¿¿¿¿¿¿¿¿¿¿¿¿¿¿,¿¿¿¿¿¿¿¿¿¿¿¿¿¿¿¿¿¿¿¿¿¿¿¿ ¿¿¿¿¿¿¿¿¿¿¿¿¿¿¿,0.0
2555,3,เงินจากแหล่งทุนภายนอก ในประเทศไทย,ภายนอก,¿¿¿¿¿¿¿¿¿¿¿¿¿¿¿,¿¿¿¿¿¿¿¿¿¿¿¿¿¿¿¿¿¿¿¿¿¿¿¿¿¿,2635543.0
2555,3,เงินจากแหล่งทุนภายนอก ในประเทศไทย,ภายนอก,¿¿¿¿¿¿¿¿¿¿¿¿¿¿¿,¿¿¿¿¿¿¿¿¿¿¿¿¿¿¿¿¿¿¿¿¿¿¿¿¿¿¿¿,350000.0
2555,4,เงินจากแหล่งทุนภายนอก ต่างประเทศ,ภายนอก,¿¿¿¿¿¿¿¿¿¿¿¿¿¿¿,¿¿¿¿¿¿¿¿¿¿¿¿¿¿,220416.67
2555,4,เงินจากแหล่งทุนภายนอก ต่างประเทศ,ภายนอก,¿¿¿¿¿¿¿¿¿¿¿¿¿¿¿,¿¿¿¿¿¿¿¿¿¿¿¿¿¿¿¿¿,280742.0
2555,4,เงินจากแหล่งทุนภายนอก ต่างประเทศ,ภายนอก,¿¿¿¿¿¿¿¿¿¿¿¿¿¿¿,¿¿¿¿¿¿¿¿¿¿¿¿¿¿¿¿¿¿¿,507584.0
2555,6,เงินรายได้คณะ (เงินรายได้),ภายใน,¿¿¿¿¿¿¿¿¿¿¿¿¿¿,¿¿¿¿¿¿¿¿¿¿¿¿¿,89700.0
2555,6,เงินรายได้คณะ (เงินรายได้),ภายใน,¿¿¿¿¿¿¿¿¿¿¿¿¿¿,¿¿¿¿¿¿¿¿¿¿¿¿¿¿¿¿¿¿¿¿¿¿,74998.0
2555,6,เงินรายได้คณะ (เงินรายได้),ภายใน,¿¿¿¿¿¿¿¿¿¿¿¿¿¿,¿¿¿¿¿¿¿¿¿¿¿¿¿¿¿¿¿¿¿¿¿¿¿¿¿¿,7200606.0
2555,6,เงินรายได้คณะ (เงินรายได้),ภายใน,¿¿¿¿¿¿¿¿¿¿¿¿¿¿,¿¿¿¿¿¿¿¿¿¿¿¿¿¿¿¿¿¿¿¿¿¿¿¿¿¿¿¿,2428472.9999999995
2555,6,เงินรายได้คณะ (เงินรายได้),ภายใน,¿¿¿¿¿¿¿¿¿¿¿¿¿¿,¿¿¿¿¿¿¿¿¿¿¿¿¿¿¿¿¿¿¿¿¿¿¿¿¿¿¿¿¿¿¿¿¿¿¿¿¿¿¿¿¿¿¿¿¿¿¿¿¿¿¿¿¿¿¿¿¿¿¿¿¿¿¿¿¿¿¿¿¿¿,1232120.0
2555,6,เงินรายได้คณะ (เงินรายได้),ภายใน,¿¿¿¿¿¿¿¿¿¿¿¿¿¿¿,¿¿¿¿¿¿¿¿¿¿¿¿¿,193483.34999999998
2555,6,เงินรายได้คณะ (เงินรายได้),ภายใน,¿¿¿¿¿¿¿¿¿¿¿¿¿¿¿,¿¿¿¿¿¿¿¿¿¿¿¿¿¿¿¿¿,90000.0
2555,6,เงินรายได้คณะ (เงินรายได้),ภายใน,¿¿¿¿¿¿¿¿¿¿¿¿¿¿¿,¿¿¿¿¿¿¿¿¿¿¿¿¿¿¿¿¿¿,113705.0
2555,6,เงินรายได้คณะ (เงินรายได้),ภายใน,¿¿¿¿¿¿¿¿¿¿¿¿¿¿¿,¿¿¿¿¿¿¿¿¿¿¿¿¿¿¿¿¿¿¿,133333.0
2555,6,เงินรายได้คณะ (เงินรายได้),ภายใน,¿¿¿¿¿¿¿¿¿¿¿¿¿¿¿,¿¿¿¿¿¿¿¿¿¿¿¿¿¿¿¿¿¿¿¿¿¿¿¿¿¿,1949600.0
2555,7,เงินรายได้คณะ (กองทุนวิจัย),ภายใน,¿¿¿¿¿¿¿¿¿¿¿¿¿¿,¿¿¿¿¿¿¿¿¿¿¿¿¿¿¿¿¿¿¿¿¿¿¿¿¿¿,40000.0
2555,7,เงินรายได้คณะ (กองทุนวิจัย),ภายใน,¿¿¿¿¿¿¿¿¿¿¿¿¿¿¿,¿¿¿¿¿¿¿¿¿¿¿¿¿,3481226.3999999994
2555,7,เงินรายได้คณะ (กองทุนวิจัย),ภายใน,¿¿¿¿¿¿¿¿¿¿¿¿¿¿¿,¿¿¿¿¿¿¿¿¿¿¿¿¿¿,675340.1599999999
2555,7,เงินรายได้คณะ (กองทุนวิจัย),ภายใน,¿¿¿¿¿¿¿¿¿¿¿¿¿¿¿,¿¿¿¿¿¿¿¿¿¿¿¿¿¿¿,5685.0
2555,7,เงินรายได้คณะ (กองทุนวิจัย),ภายใน,¿¿¿¿¿¿¿¿¿¿¿¿¿¿¿,¿¿¿¿¿¿¿¿¿¿¿¿¿¿¿¿¿,508106.33
2555,7,เงินรายได้คณะ (กองทุนวิจัย),ภายใน,¿¿¿¿¿¿¿¿¿¿¿¿¿¿¿,¿¿¿¿¿¿¿¿¿¿¿¿¿¿¿¿¿¿,73582.6
2555,7,เงินรายได้คณะ (กองทุนวิจัย),ภายใน,¿¿¿¿¿¿¿¿¿¿¿¿¿¿¿,¿¿¿¿¿¿¿¿¿¿¿¿¿¿¿¿¿¿¿,112583.0
2555,7,เงินรายได้คณะ (กองทุนวิจัย),ภายใน,¿¿¿¿¿¿¿¿¿¿¿¿¿¿¿,¿¿¿¿¿¿¿¿¿¿¿¿¿¿¿¿¿¿¿¿¿¿¿,47666.4
2555,7,เงินรายได้คณะ (กองทุนวิจัย),ภายใน,¿¿¿¿¿¿¿¿¿¿¿¿¿¿¿,¿¿¿¿¿¿¿¿¿¿¿¿¿¿¿¿¿¿¿¿¿¿¿¿¿¿,100000.0
2555,7,เงินรายได้คณะ (กองทุนวิจัย),ภายใน,¿¿¿¿¿¿¿¿¿¿¿¿¿¿¿,¿¿¿¿¿¿¿¿¿¿¿¿¿¿¿¿¿¿¿¿¿¿¿¿¿¿¿¿,321653.33
2555,7,เงินรายได้คณะ (กองทุนวิจัย),ภายใน,¿¿¿¿¿¿¿¿¿¿¿¿¿¿¿,¿¿¿¿¿¿¿¿¿¿¿¿¿¿¿¿¿¿¿¿¿¿¿¿¿¿¿¿¿¿¿,120000.0
2555,8,เงินกองทุนวิจัยวิทยาเขต,ภายใน,¿¿¿¿¿¿¿¿¿¿¿¿,¿¿¿¿¿¿¿¿¿¿¿¿¿¿¿¿¿¿¿¿¿¿¿¿¿¿¿,71546.0
2555,8,เงินกองทุนวิจัยวิทยาเขต,ภายใน,¿¿¿¿¿¿¿¿¿¿¿¿¿¿,¿¿¿¿¿¿¿¿¿¿¿¿¿¿¿¿¿¿¿¿¿¿¿¿¿¿,20000.0
2555,8,เงินกองทุนวิจัยวิทยาเขต,ภายใน,¿¿¿¿¿¿¿¿¿¿¿¿¿¿¿,¿¿¿¿¿¿¿¿¿¿¿¿¿,283282.9999999997
2555,8,เงินกองทุนวิจัยวิทยาเขต,ภายใน,¿¿¿¿¿¿¿¿¿¿¿¿¿¿¿,¿¿¿¿¿¿¿¿¿¿¿¿¿¿,181958.0
2555,8,เงินกองทุนวิจัยวิทยาเขต,ภายใน,¿¿¿¿¿¿¿¿¿¿¿¿¿¿¿,¿¿¿¿¿¿¿¿¿¿¿¿¿¿¿¿¿,669249.9999999998
2555,8,เงินกองทุนวิจัยวิทยาเขต,ภายใน,¿¿¿¿¿¿¿¿¿¿¿¿¿¿¿,¿¿¿¿¿¿¿¿¿¿¿¿¿¿¿¿¿¿,425416.99999999977
2555,8,เงินกองทุนวิจัยวิทยาเขต,ภายใน,¿¿¿¿¿¿¿¿¿¿¿¿¿¿¿,¿¿¿¿¿¿¿¿¿¿¿¿¿¿¿¿¿¿¿,481557.0
2555,8,เงินกองทุนวิจัยวิทยาเขต,ภายใน,¿¿¿¿¿¿¿¿¿¿¿¿¿¿¿,¿¿¿¿¿¿¿¿¿¿¿¿¿¿¿¿¿¿¿¿¿¿¿,20000.0
2555,8,เงินกองทุนวิจัยวิทยาเขต,ภายใน,¿¿¿¿¿¿¿¿¿¿¿¿¿¿¿,¿¿¿¿¿¿¿¿¿¿¿¿¿¿¿¿¿¿¿¿¿¿¿¿¿¿,425738.33
2555,8,เงินกองทุนวิจัยวิทยาเขต,ภายใน,¿¿¿¿¿¿¿¿¿¿¿¿¿¿¿¿¿¿¿¿,¿¿¿¿¿¿¿¿¿¿¿¿¿¿¿¿¿¿¿¿¿¿¿¿¿¿¿¿¿¿,20500.0
2555,9,เงินรายได้วิทยาเขต,ภายใน,¿¿¿¿¿¿¿¿¿¿¿¿¿¿¿,¿¿¿¿¿¿¿¿¿¿¿¿¿¿¿,22500.0
2555,9,เงินรายได้วิทยาเขต,ภายใน,¿¿¿¿¿¿¿¿¿¿¿¿¿¿¿,¿¿¿¿¿¿¿¿¿¿¿¿¿¿¿¿¿,84999.99999999991
2555,9,เงินรายได้วิทยาเขต,ภายใน,¿¿¿¿¿¿¿¿¿¿¿¿¿¿¿,¿¿¿¿¿¿¿¿¿¿¿¿¿¿¿¿¿¿¿¿¿¿¿¿¿¿¿¿,300000.0
2555,9,เงินรายได้วิทยาเขต,ภายใน,¿¿¿¿¿¿¿¿¿¿¿¿¿¿¿¿¿¿¿¿,¿¿¿¿¿¿¿¿¿¿¿¿¿¿¿¿¿¿¿¿¿¿¿¿¿¿¿¿¿¿¿¿¿¿¿¿,50000.0
2555,11,ไม่ระบุ,,¿¿¿¿¿¿¿¿¿¿¿¿¿¿¿,¿¿¿¿¿¿¿¿¿¿¿¿¿,99000.0
2555,11,ไม่ระบุ,,¿¿¿¿¿¿¿¿¿¿¿¿¿¿¿,¿¿¿¿¿¿¿¿¿¿¿¿¿¿,10272464.004999999
2555,11,ไม่ระบุ,,¿¿¿¿¿¿¿¿¿¿¿¿¿¿¿,¿¿¿¿¿¿¿¿¿¿¿¿¿¿¿,501595.4
2555,11,ไม่ระบุ,,¿¿¿¿¿¿¿¿¿¿¿¿¿¿¿,¿¿¿¿¿¿¿¿¿¿¿¿¿¿¿¿,59000.0
2555,11,ไม่ระบุ,,¿¿¿¿¿¿¿¿¿¿¿¿¿¿¿,¿¿¿¿¿¿¿¿¿¿¿¿¿¿¿¿¿,7788782.5
2555,11,ไม่ระบุ,,¿¿¿¿¿¿¿¿¿¿¿¿¿¿¿,¿¿¿¿¿¿¿¿¿¿¿¿¿¿¿¿¿ ¿¿¿¿¿¿¿¿¿¿¿¿¿¿¿¿¿¿¿¿¿¿¿¿,74100.0
2555,11,ไม่ระบุ,,¿¿¿¿¿¿¿¿¿¿¿¿¿¿¿,¿¿¿¿¿¿¿¿¿¿¿¿¿¿¿¿¿¿,4148386.087
2555,11,ไม่ระบุ,,¿¿¿¿¿¿¿¿¿¿¿¿¿¿¿,¿¿¿¿¿¿¿¿¿¿¿¿¿¿¿¿¿¿¿,4433142.743000001
2555,11,ไม่ระบุ,,¿¿¿¿¿¿¿¿¿¿¿¿¿¿¿,¿¿¿¿¿¿¿¿¿¿¿¿¿¿¿¿¿¿¿¿¿¿¿,588540.0
2555,11,ไม่ระบุ,,¿¿¿¿¿¿¿¿¿¿¿¿¿¿¿,¿¿¿¿¿¿¿¿¿¿¿¿¿¿¿¿¿¿¿¿¿¿¿¿¿¿,2315069.3479999998
2555,11,ไม่ระบุ,,¿¿¿¿¿¿¿¿¿¿¿¿¿¿¿,¿¿¿¿¿¿¿¿¿¿¿¿¿¿¿¿¿¿¿¿¿¿¿¿¿¿¿¿,166666.66999999998
2555,11,ไม่ระบุ,,¿¿¿¿¿¿¿¿¿¿¿¿¿¿¿¿¿¿¿¿,¿¿¿¿¿¿¿¿¿¿¿¿¿¿¿¿¿¿¿¿¿¿¿¿¿¿¿¿¿¿¿¿¿¿¿¿,1528960.0
2556,0,สกอ-มหาวิทยาลัยวิจัยแห่งชาติ (NRU)      ,ภายนอก,¿¿¿¿¿¿¿¿¿¿¿¿¿¿¿,¿¿¿¿¿¿¿¿¿¿¿¿¿,2801566.5
2556,0,สกอ-มหาวิทยาลัยวิจัยแห่งชาติ (NRU)      ,ภายนอก,¿¿¿¿¿¿¿¿¿¿¿¿¿¿¿,¿¿¿¿¿¿¿¿¿¿¿¿¿¿,42075367.69999999
2556,0,สกอ-มหาวิทยาลัยวิจัยแห่งชาติ (NRU)      ,ภายนอก,¿¿¿¿¿¿¿¿¿¿¿¿¿¿¿,¿¿¿¿¿¿¿¿¿¿¿¿¿¿¿¿¿,10148537.0
2556,0,สกอ-มหาวิทยาลัยวิจัยแห่งชาติ (NRU)      ,ภายนอก,¿¿¿¿¿¿¿¿¿¿¿¿¿¿¿,¿¿¿¿¿¿¿¿¿¿¿¿¿¿¿¿¿ ¿¿¿¿¿¿¿¿¿¿¿¿¿¿¿¿¿¿¿¿¿¿¿¿,1217446.5999999999
2556,0,สกอ-มหาวิทยาลัยวิจัยแห่งชาติ (NRU)      ,ภายนอก,¿¿¿¿¿¿¿¿¿¿¿¿¿¿¿,¿¿¿¿¿¿¿¿¿¿¿¿¿¿¿¿¿¿,7818265.5
2556,0,สกอ-มหาวิทยาลัยวิจัยแห่งชาติ (NRU)      ,ภายนอก,¿¿¿¿¿¿¿¿¿¿¿¿¿¿¿,¿¿¿¿¿¿¿¿¿¿¿¿¿¿¿¿¿¿¿,8552376.0
2556,0,สกอ-มหาวิทยาลัยวิจัยแห่งชาติ (NRU)      ,ภายนอก,¿¿¿¿¿¿¿¿¿¿¿¿¿¿¿,¿¿¿¿¿¿¿¿¿¿¿¿¿¿¿¿¿¿¿¿¿¿¿¿¿¿,2461510.0
2556,0,สกอ-มหาวิทยาลัยวิจัยแห่งชาติ (NRU)      ,ภายนอก,¿¿¿¿¿¿¿¿¿¿¿¿¿¿¿,¿¿¿¿¿¿¿¿¿¿¿¿¿¿¿¿¿¿¿¿¿¿¿¿¿¿¿¿,60800.0
2556,0,สกอ-มหาวิทยาลัยวิจัยแห่งชาติ (NRU)      ,ภายนอก,¿¿¿¿¿¿¿¿¿¿¿¿¿¿¿¿¿¿¿¿,¿¿¿¿¿¿¿¿¿¿¿¿¿¿¿¿¿¿¿¿¿¿¿¿¿¿¿¿¿¿¿¿¿¿¿¿,2492190.0
2556,1,เงินงบประมาณแผ่นดิน   ,ภายนอก,¿¿¿¿¿¿¿¿¿¿¿¿¿¿¿,¿¿¿¿¿¿¿¿¿¿¿¿¿¿,860000.0
2556,1,เงินงบประมาณแผ่นดิน   ,ภายนอก,¿¿¿¿¿¿¿¿¿¿¿¿¿¿¿,¿¿¿¿¿¿¿¿¿¿¿¿¿¿¿¿¿¿¿,215000.0
2556,2,เงินกองทุนวิจัยมหาวิทยาลัย   ,ภายใน,¿¿¿¿¿¿¿¿¿¿¿¿,¿¿¿¿¿¿¿¿¿¿¿¿¿¿¿¿¿¿¿¿¿¿¿¿¿¿¿,499639.0
2556,2,เงินกองทุนวิจัยมหาวิทยาลัย   ,ภายใน,¿¿¿¿¿¿¿¿¿¿¿¿¿¿,¿¿¿¿¿¿¿¿¿¿¿¿¿¿¿¿¿¿¿¿¿¿¿¿¿¿,13333.0
2556,2,เงินกองทุนวิจัยมหาวิทยาลัย   ,ภายใน,¿¿¿¿¿¿¿¿¿¿¿¿¿¿¿,¿¿¿¿¿¿¿¿¿¿¿¿¿,1197595.4999999995
2556,2,เงินกองทุนวิจัยมหาวิทยาลัย   ,ภายใน,¿¿¿¿¿¿¿¿¿¿¿¿¿¿¿,¿¿¿¿¿¿¿¿¿¿¿¿¿¿,11066964.692333328
2556,2,เงินกองทุนวิจัยมหาวิทยาลัย   ,ภายใน,¿¿¿¿¿¿¿¿¿¿¿¿¿¿¿,¿¿¿¿¿¿¿¿¿¿¿¿¿¿¿,923693.1999999997
2556,2,เงินกองทุนวิจัยมหาวิทยาลัย   ,ภายใน,¿¿¿¿¿¿¿¿¿¿¿¿¿¿¿,¿¿¿¿¿¿¿¿¿¿¿¿¿¿¿ ¿¿¿¿¿¿¿¿¿¿¿¿¿¿¿,96852.0
2556,2,เงินกองทุนวิจัยมหาวิทยาลัย   ,ภายใน,¿¿¿¿¿¿¿¿¿¿¿¿¿¿¿,¿¿¿¿¿¿¿¿¿¿¿¿¿¿¿¿¿,6029436.500000003
2556,2,เงินกองทุนวิจัยมหาวิทยาลัย   ,ภายใน,¿¿¿¿¿¿¿¿¿¿¿¿¿¿¿,¿¿¿¿¿¿¿¿¿¿¿¿¿¿¿¿¿¿,2601637.67
2556,2,เงินกองทุนวิจัยมหาวิทยาลัย   ,ภายใน,¿¿¿¿¿¿¿¿¿¿¿¿¿¿¿,¿¿¿¿¿¿¿¿¿¿¿¿¿¿¿¿¿¿¿,3419913.896000001
2556,2,เงินกองทุนวิจัยมหาวิทยาลัย   ,ภายใน,¿¿¿¿¿¿¿¿¿¿¿¿¿¿¿,¿¿¿¿¿¿¿¿¿¿¿¿¿¿¿¿¿¿¿¿¿¿¿,390666.6
2556,2,เงินกองทุนวิจัยมหาวิทยาลัย   ,ภายใน,¿¿¿¿¿¿¿¿¿¿¿¿¿¿¿,¿¿¿¿¿¿¿¿¿¿¿¿¿¿¿¿¿¿¿¿¿¿¿¿¿¿,997190.9666666666
2556,2,เงินกองทุนวิจัยมหาวิทยาลัย   ,ภายใน,¿¿¿¿¿¿¿¿¿¿¿¿¿¿¿,¿¿¿¿¿¿¿¿¿¿¿¿¿¿¿¿¿¿¿¿¿¿¿¿¿¿¿¿¿,75817.8
2556,2,เงินกองทุนวิจัยมหาวิทยาลัย   ,ภายใน,¿¿¿¿¿¿¿¿¿¿¿¿¿¿¿¿¿¿¿¿,¿¿¿¿¿¿¿¿¿¿¿¿¿¿¿¿¿¿¿¿¿¿¿¿¿¿¿¿¿¿,596639.0
2556,2,เงินกองทุนวิจัยมหาวิทยาลัย   ,ภายใน,¿¿¿¿¿¿¿¿¿¿¿¿¿¿¿¿¿¿¿¿,¿¿¿¿¿¿¿¿¿¿¿¿¿¿¿¿¿¿¿¿¿¿¿¿¿¿¿¿¿¿¿¿¿¿¿¿,1368416.42
2556,3,เงินจากแหล่งทุนภายนอก ในประเทศไทย,ภายนอก,¿¿¿¿¿¿¿¿¿¿¿¿,¿¿¿¿¿¿¿¿¿¿¿¿¿¿¿¿¿¿¿¿¿¿¿¿¿¿¿,408589.9999999999
2556,3,เงินจากแหล่งทุนภายนอก ในประเทศไทย,ภายนอก,¿¿¿¿¿¿¿¿¿¿¿¿¿¿,¿¿¿¿¿¿¿¿¿¿¿¿¿,104999.6666666666
2556,3,เงินจากแหล่งทุนภายนอก ในประเทศไทย,ภายนอก,¿¿¿¿¿¿¿¿¿¿¿¿¿¿,¿¿¿¿¿¿¿¿¿¿¿¿¿¿¿¿¿¿¿¿¿¿,66666.6666666666
2556,3,เงินจากแหล่งทุนภายนอก ในประเทศไทย,ภายนอก,¿¿¿¿¿¿¿¿¿¿¿¿¿¿,¿¿¿¿¿¿¿¿¿¿¿¿¿¿¿¿¿¿¿¿¿¿¿¿¿¿,772966.25
2556,3,เงินจากแหล่งทุนภายนอก ในประเทศไทย,ภายนอก,¿¿¿¿¿¿¿¿¿¿¿¿¿¿,¿¿¿¿¿¿¿¿¿¿¿¿¿¿¿¿¿¿¿¿¿¿¿¿¿¿¿¿,460349.6666666666
2556,3,เงินจากแหล่งทุนภายนอก ในประเทศไทย,ภายนอก,¿¿¿¿¿¿¿¿¿¿¿¿¿¿,¿¿¿¿¿¿¿¿¿¿¿¿¿¿¿¿¿¿¿¿¿¿¿¿¿¿¿¿¿¿¿¿¿¿¿¿¿¿¿¿¿¿¿¿¿¿¿¿¿¿¿¿¿¿¿¿¿¿¿¿¿¿¿¿¿¿¿¿¿¿,9750.0
2556,3,เงินจากแหล่งทุนภายนอก ในประเทศไทย,ภายนอก,¿¿¿¿¿¿¿¿¿¿¿¿¿¿¿,¿¿¿¿¿¿¿¿¿¿¿¿¿,4747358.587333332
2556,3,เงินจากแหล่งทุนภายนอก ในประเทศไทย,ภายนอก,¿¿¿¿¿¿¿¿¿¿¿¿¿¿¿,¿¿¿¿¿¿¿¿¿¿¿¿¿¿,13232793.72233333
2556,3,เงินจากแหล่งทุนภายนอก ในประเทศไทย,ภายนอก,¿¿¿¿¿¿¿¿¿¿¿¿¿¿¿,¿¿¿¿¿¿¿¿¿¿¿¿¿¿¿,3803383.5
2556,3,เงินจากแหล่งทุนภายนอก ในประเทศไทย,ภายนอก,¿¿¿¿¿¿¿¿¿¿¿¿¿¿¿,¿¿¿¿¿¿¿¿¿¿¿¿¿¿¿ ¿¿¿¿¿¿¿¿¿¿¿¿¿¿¿,154508.6940000002
2556,3,เงินจากแหล่งทุนภายนอก ในประเทศไทย,ภายนอก,¿¿¿¿¿¿¿¿¿¿¿¿¿¿¿,¿¿¿¿¿¿¿¿¿¿¿¿¿¿¿¿,57215.16666666678
2556,3,เงินจากแหล่งทุนภายนอก ในประเทศไทย,ภายนอก,¿¿¿¿¿¿¿¿¿¿¿¿¿¿¿,¿¿¿¿¿¿¿¿¿¿¿¿¿¿¿¿¿,16278268.688047618
2556,3,เงินจากแหล่งทุนภายนอก ในประเทศไทย,ภายนอก,¿¿¿¿¿¿¿¿¿¿¿¿¿¿¿,¿¿¿¿¿¿¿¿¿¿¿¿¿¿¿¿¿¿,4677266.541666663
2556,3,เงินจากแหล่งทุนภายนอก ในประเทศไทย,ภายนอก,¿¿¿¿¿¿¿¿¿¿¿¿¿¿¿,¿¿¿¿¿¿¿¿¿¿¿¿¿¿¿¿¿¿¿,12254466.447047621
2556,3,เงินจากแหล่งทุนภายนอก ในประเทศไทย,ภายนอก,¿¿¿¿¿¿¿¿¿¿¿¿¿¿¿,¿¿¿¿¿¿¿¿¿¿¿¿¿¿¿¿¿¿¿¿¿¿¿,1256141.6428571437
2556,3,เงินจากแหล่งทุนภายนอก ในประเทศไทย,ภายนอก,¿¿¿¿¿¿¿¿¿¿¿¿¿¿¿,¿¿¿¿¿¿¿¿¿¿¿¿¿¿¿¿¿¿¿¿¿¿¿¿¿¿,1933023.545
2556,3,เงินจากแหล่งทุนภายนอก ในประเทศไทย,ภายนอก,¿¿¿¿¿¿¿¿¿¿¿¿¿¿¿,¿¿¿¿¿¿¿¿¿¿¿¿¿¿¿¿¿¿¿¿¿¿¿¿¿¿¿¿,944131.9999999999
2556,3,เงินจากแหล่งทุนภายนอก ในประเทศไทย,ภายนอก,¿¿¿¿¿¿¿¿¿¿¿¿¿¿¿¿¿¿¿¿,¿¿¿¿¿¿¿¿¿¿¿¿¿¿¿¿¿¿¿¿¿¿¿¿¿¿¿¿¿¿,454391.66000000003
2556,4,เงินจากแหล่งทุนภายนอก ต่างประเทศ,ภายนอก,¿¿¿¿¿¿¿¿¿¿¿¿¿¿¿,¿¿¿¿¿¿¿¿¿¿¿¿¿¿,440833.33
2556,4,เงินจากแหล่งทุนภายนอก ต่างประเทศ,ภายนอก,¿¿¿¿¿¿¿¿¿¿¿¿¿¿¿,¿¿¿¿¿¿¿¿¿¿¿¿¿¿¿¿¿,505338.0
2556,4,เงินจากแหล่งทุนภายนอก ต่างประเทศ,ภายนอก,¿¿¿¿¿¿¿¿¿¿¿¿¿¿¿,¿¿¿¿¿¿¿¿¿¿¿¿¿¿¿¿¿¿¿,3555691.9999999995
2556,6,เงินรายได้คณะ (เงินรายได้),ภายใน,¿¿¿¿¿¿¿¿¿¿¿¿¿¿,¿¿¿¿¿¿¿¿¿¿¿¿¿,486309.0
2556,6,เงินรายได้คณะ (เงินรายได้),ภายใน,¿¿¿¿¿¿¿¿¿¿¿¿¿¿¿,¿¿¿¿¿¿¿¿¿¿¿¿¿,2391546.35
2556,6,เงินรายได้คณะ (เงินรายได้),ภายใน,¿¿¿¿¿¿¿¿¿¿¿¿¿¿¿,¿¿¿¿¿¿¿¿¿¿¿¿¿¿,460853.33
2556,6,เงินรายได้คณะ (เงินรายได้),ภายใน,¿¿¿¿¿¿¿¿¿¿¿¿¿¿¿,¿¿¿¿¿¿¿¿¿¿¿¿¿¿¿,450.0
2556,6,เงินรายได้คณะ (เงินรายได้),ภายใน,¿¿¿¿¿¿¿¿¿¿¿¿¿¿¿,¿¿¿¿¿¿¿¿¿¿¿¿¿¿¿¿¿,525468.0
2556,6,เงินรายได้คณะ (เงินรายได้),ภายใน,¿¿¿¿¿¿¿¿¿¿¿¿¿¿¿,¿¿¿¿¿¿¿¿¿¿¿¿¿¿¿¿¿¿,818569.0
2556,6,เงินรายได้คณะ (เงินรายได้),ภายใน,¿¿¿¿¿¿¿¿¿¿¿¿¿¿¿,¿¿¿¿¿¿¿¿¿¿¿¿¿¿¿¿¿¿¿,186667.0
2556,6,เงินรายได้คณะ (เงินรายได้),ภายใน,¿¿¿¿¿¿¿¿¿¿¿¿¿¿¿,¿¿¿¿¿¿¿¿¿¿¿¿¿¿¿¿¿¿¿¿¿¿¿¿¿¿,2638000.0
2556,7,เงินรายได้คณะ (กองทุนวิจัย),ภายใน,¿¿¿¿¿¿¿¿¿¿¿¿¿¿,¿¿¿¿¿¿¿¿¿¿¿¿¿¿¿¿¿¿¿¿¿¿¿¿¿¿,26667.0
2556,7,เงินรายได้คณะ (กองทุนวิจัย),ภายใน,¿¿¿¿¿¿¿¿¿¿¿¿¿¿¿,¿¿¿¿¿¿¿¿¿¿¿¿,50000.0
2556,7,เงินรายได้คณะ (กองทุนวิจัย),ภายใน,¿¿¿¿¿¿¿¿¿¿¿¿¿¿¿,¿¿¿¿¿¿¿¿¿¿¿¿¿,291354.30000000005
2556,7,เงินรายได้คณะ (กองทุนวิจัย),ภายใน,¿¿¿¿¿¿¿¿¿¿¿¿¿¿¿,¿¿¿¿¿¿¿¿¿¿¿¿¿¿,3423388.17
2556,7,เงินรายได้คณะ (กองทุนวิจัย),ภายใน,¿¿¿¿¿¿¿¿¿¿¿¿¿¿¿,¿¿¿¿¿¿¿¿¿¿¿¿¿¿¿¿¿,1181770.7105
2556,7,เงินรายได้คณะ (กองทุนวิจัย),ภายใน,¿¿¿¿¿¿¿¿¿¿¿¿¿¿¿,¿¿¿¿¿¿¿¿¿¿¿¿¿¿¿¿¿¿,202091.0
2556,7,เงินรายได้คณะ (กองทุนวิจัย),ภายใน,¿¿¿¿¿¿¿¿¿¿¿¿¿¿¿,¿¿¿¿¿¿¿¿¿¿¿¿¿¿¿¿¿¿¿,207395.0
2556,7,เงินรายได้คณะ (กองทุนวิจัย),ภายใน,¿¿¿¿¿¿¿¿¿¿¿¿¿¿¿,¿¿¿¿¿¿¿¿¿¿¿¿¿¿¿¿¿¿¿¿¿¿¿,118667.0
2556,7,เงินรายได้คณะ (กองทุนวิจัย),ภายใน,¿¿¿¿¿¿¿¿¿¿¿¿¿¿¿,¿¿¿¿¿¿¿¿¿¿¿¿¿¿¿¿¿¿¿¿¿¿¿¿¿¿,592360.0
2556,7,เงินรายได้คณะ (กองทุนวิจัย),ภายใน,¿¿¿¿¿¿¿¿¿¿¿¿¿¿¿,¿¿¿¿¿¿¿¿¿¿¿¿¿¿¿¿¿¿¿¿¿¿¿¿¿¿¿¿,124517.79
2556,7,เงินรายได้คณะ (กองทุนวิจัย),ภายใน,¿¿¿¿¿¿¿¿¿¿¿¿¿¿¿¿¿¿¿¿,¿¿¿¿¿¿¿¿¿¿¿¿¿¿¿¿¿¿¿¿¿¿¿¿¿¿¿¿¿¿¿¿¿¿¿¿,100000.0
2556,8,เงินกองทุนวิจัยวิทยาเขต,ภายใน,¿¿¿¿¿¿¿¿¿¿¿¿,¿¿¿¿¿¿¿¿¿¿¿¿¿¿¿¿¿¿¿¿¿¿¿¿¿¿¿,266162.0
2556,8,เงินกองทุนวิจัยวิทยาเขต,ภายใน,¿¿¿¿¿¿¿¿¿¿¿¿¿¿,¿¿¿¿¿¿¿¿¿¿¿¿¿¿¿¿¿¿¿¿¿¿¿¿¿¿,13333.0
2556,8,เงินกองทุนวิจัยวิทยาเขต,ภายใน,¿¿¿¿¿¿¿¿¿¿¿¿¿¿¿,¿¿¿¿¿¿¿¿¿¿¿¿¿,46657.99999999996
2556,8,เงินกองทุนวิจัยวิทยาเขต,ภายใน,¿¿¿¿¿¿¿¿¿¿¿¿¿¿¿,¿¿¿¿¿¿¿¿¿¿¿¿¿¿,515331.0
2556,8,เงินกองทุนวิจัยวิทยาเขต,ภายใน,¿¿¿¿¿¿¿¿¿¿¿¿¿¿¿,¿¿¿¿¿¿¿¿¿¿¿¿¿¿¿ ¿¿¿¿¿¿¿¿¿¿¿¿¿¿¿,133000.0
2556,8,เงินกองทุนวิจัยวิทยาเขต,ภายใน,¿¿¿¿¿¿¿¿¿¿¿¿¿¿¿,¿¿¿¿¿¿¿¿¿¿¿¿¿¿¿¿¿,88957.0
2556,8,เงินกองทุนวิจัยวิทยาเขต,ภายใน,¿¿¿¿¿¿¿¿¿¿¿¿¿¿¿,¿¿¿¿¿¿¿¿¿¿¿¿¿¿¿¿¿¿,99374.99999999991
2556,8,เงินกองทุนวิจัยวิทยาเขต,ภายใน,¿¿¿¿¿¿¿¿¿¿¿¿¿¿¿,¿¿¿¿¿¿¿¿¿¿¿¿¿¿¿¿¿¿¿,126750.0
2556,8,เงินกองทุนวิจัยวิทยาเขต,ภายใน,¿¿¿¿¿¿¿¿¿¿¿¿¿¿¿,¿¿¿¿¿¿¿¿¿¿¿¿¿¿¿¿¿¿¿¿¿¿¿,13333.0
2556,8,เงินกองทุนวิจัยวิทยาเขต,ภายใน,¿¿¿¿¿¿¿¿¿¿¿¿¿¿¿,¿¿¿¿¿¿¿¿¿¿¿¿¿¿¿¿¿¿¿¿¿¿¿¿¿¿,232709.0
2556,8,เงินกองทุนวิจัยวิทยาเขต,ภายใน,¿¿¿¿¿¿¿¿¿¿¿¿¿¿¿,¿¿¿¿¿¿¿¿¿¿¿¿¿¿¿¿¿¿¿¿¿¿¿¿¿¿¿¿¿¿¿,55000.0
2556,8,เงินกองทุนวิจัยวิทยาเขต,ภายใน,¿¿¿¿¿¿¿¿¿¿¿¿¿¿¿¿¿¿¿¿,¿¿¿¿¿¿¿¿¿¿¿¿¿¿¿¿¿¿¿¿¿¿¿¿¿¿¿¿¿¿,225500.0
2556,8,เงินกองทุนวิจัยวิทยาเขต,ภายใน,¿¿¿¿¿¿¿¿¿¿¿¿¿¿¿¿¿¿¿¿,¿¿¿¿¿¿¿¿¿¿¿¿¿¿¿¿¿¿¿¿¿¿¿¿¿¿¿¿¿¿¿¿¿¿¿¿,244746.02000000002
2556,9,เงินรายได้วิทยาเขต,ภายใน,¿¿¿¿¿¿¿¿¿¿¿¿¿¿¿,¿¿¿¿¿¿¿¿¿¿¿¿¿¿¿¿¿,21249.999999999978
2556,9,เงินรายได้วิทยาเขต,ภายใน,¿¿¿¿¿¿¿¿¿¿¿¿¿¿¿¿¿¿¿¿,¿¿¿¿¿¿¿¿¿¿¿¿¿¿¿¿¿¿¿¿¿¿¿¿¿¿¿¿¿¿¿¿¿¿¿¿,12500.0
2556,11,ไม่ระบุ,,¿¿¿¿¿¿¿¿¿¿¿¿¿¿,¿¿¿¿¿¿¿¿¿¿¿¿¿¿¿¿¿¿¿¿¿¿¿¿¿¿,424100.0
2556,11,ไม่ระบุ,,¿¿¿¿¿¿¿¿¿¿¿¿¿¿¿,¿¿¿¿¿¿¿¿¿¿¿¿¿,479600.0
2556,11,ไม่ระบุ,,¿¿¿¿¿¿¿¿¿¿¿¿¿¿¿,¿¿¿¿¿¿¿¿¿¿¿¿¿¿,13063690.383000001
2556,11,ไม่ระบุ,,¿¿¿¿¿¿¿¿¿¿¿¿¿¿¿,¿¿¿¿¿¿¿¿¿¿¿¿¿¿¿,509160.0
2556,11,ไม่ระบุ,,¿¿¿¿¿¿¿¿¿¿¿¿¿¿¿,¿¿¿¿¿¿¿¿¿¿¿¿¿¿¿ ¿¿¿¿¿¿¿¿¿¿¿¿¿¿¿,229440.0
2556,11,ไม่ระบุ,,¿¿¿¿¿¿¿¿¿¿¿¿¿¿¿,¿¿¿¿¿¿¿¿¿¿¿¿¿¿¿¿¿,8242905.0
2556,11,ไม่ระบุ,,¿¿¿¿¿¿¿¿¿¿¿¿¿¿¿,¿¿¿¿¿¿¿¿¿¿¿¿¿¿¿¿¿ ¿¿¿¿¿¿¿¿¿¿¿¿¿¿¿¿¿¿¿¿¿¿¿¿,142260.0
2556,11,ไม่ระบุ,,¿¿¿¿¿¿¿¿¿¿¿¿¿¿¿,¿¿¿¿¿¿¿¿¿¿¿¿¿¿¿¿¿¿,5930439.113
2556,11,ไม่ระบุ,,¿¿¿¿¿¿¿¿¿¿¿¿¿¿¿,¿¿¿¿¿¿¿¿¿¿¿¿¿¿¿¿¿¿¿,3711340.5690000006
2556,11,ไม่ระบุ,,¿¿¿¿¿¿¿¿¿¿¿¿¿¿¿,¿¿¿¿¿¿¿¿¿¿¿¿¿¿¿¿¿¿¿¿¿¿¿,268260.0
2556,11,ไม่ระบุ,,¿¿¿¿¿¿¿¿¿¿¿¿¿¿¿,¿¿¿¿¿¿¿¿¿¿¿¿¿¿¿¿¿¿¿¿¿¿¿¿¿¿,3568360.6520000002
2556,11,ไม่ระบุ,,¿¿¿¿¿¿¿¿¿¿¿¿¿¿¿,¿¿¿¿¿¿¿¿¿¿¿¿¿¿¿¿¿¿¿¿¿¿¿¿¿¿¿¿,102150.0
2556,11,ไม่ระบุ,,¿¿¿¿¿¿¿¿¿¿¿¿¿¿¿,¿¿¿¿¿¿¿¿¿¿¿¿¿¿¿¿¿¿¿¿¿¿¿¿¿¿¿¿¿¿¿,264000.0
2556,11,ไม่ระบุ,,¿¿¿¿¿¿¿¿¿¿¿¿¿¿¿¿¿¿¿¿,¿¿¿¿¿¿¿¿¿¿¿¿¿¿¿¿¿ ¿¿¿¿¿¿¿¿¿¿¿¿¿¿¿¿¿¿¿¿,103636.5
2556,11,ไม่ระบุ,,¿¿¿¿¿¿¿¿¿¿¿¿¿¿¿¿¿¿¿¿,¿¿¿¿¿¿¿¿¿¿¿¿¿¿¿¿¿¿¿¿¿¿¿¿¿¿¿¿¿¿¿¿¿¿¿¿,1020463.5
2557,1,เงินงบประมาณแผ่นดิน   ,ภายนอก,¿¿¿¿¿¿¿¿¿¿¿¿¿¿¿,¿¿¿¿¿¿¿¿¿¿¿¿¿¿,3973504.5
2557,1,เงินงบประมาณแผ่นดิน   ,ภายนอก,¿¿¿¿¿¿¿¿¿¿¿¿¿¿¿,¿¿¿¿¿¿¿¿¿¿¿¿¿¿¿¿¿,1332820.0
2557,1,เงินงบประมาณแผ่นดิน   ,ภายนอก,¿¿¿¿¿¿¿¿¿¿¿¿¿¿¿,¿¿¿¿¿¿¿¿¿¿¿¿¿¿¿¿¿¿,960400.0
2557,1,เงินงบประมาณแผ่นดิน   ,ภายนอก,¿¿¿¿¿¿¿¿¿¿¿¿¿¿¿,¿¿¿¿¿¿¿¿¿¿¿¿¿¿¿¿¿¿¿,1064482.9
2557,1,เงินงบประมาณแผ่นดิน   ,ภายนอก,¿¿¿¿¿¿¿¿¿¿¿¿¿¿¿,¿¿¿¿¿¿¿¿¿¿¿¿¿¿¿¿¿¿¿¿¿¿¿¿¿¿,751212.6
2557,1,เงินงบประมาณแผ่นดิน   ,ภายนอก,¿¿¿¿¿¿¿¿¿¿¿¿¿¿¿¿¿¿¿¿,¿¿¿¿¿¿¿¿¿¿¿¿¿¿¿¿¿ ¿¿¿¿¿¿¿¿¿¿¿¿¿¿¿¿¿¿¿¿,107790.0
2557,1,เงินงบประมาณแผ่นดิน   ,ภายนอก,¿¿¿¿¿¿¿¿¿¿¿¿¿¿¿¿¿¿¿¿,¿¿¿¿¿¿¿¿¿¿¿¿¿¿¿¿¿¿¿¿¿¿¿¿¿¿¿¿¿¿¿¿¿¿¿¿,739110.0
2557,2,เงินกองทุนวิจัยมหาวิทยาลัย   ,ภายใน,¿¿¿¿¿¿¿¿¿¿¿¿,¿¿¿¿¿¿¿¿¿¿¿¿¿¿¿¿¿¿¿¿¿¿¿¿¿¿¿,287941.0
2557,2,เงินกองทุนวิจัยมหาวิทยาลัย   ,ภายใน,¿¿¿¿¿¿¿¿¿¿¿¿¿¿¿,¿¿¿¿¿¿¿¿¿¿¿¿¿,1757068.2499999998
2557,2,เงินกองทุนวิจัยมหาวิทยาลัย   ,ภายใน,¿¿¿¿¿¿¿¿¿¿¿¿¿¿¿,¿¿¿¿¿¿¿¿¿¿¿¿¿¿,11129147.272000007
2557,2,เงินกองทุนวิจัยมหาวิทยาลัย   ,ภายใน,¿¿¿¿¿¿¿¿¿¿¿¿¿¿¿,¿¿¿¿¿¿¿¿¿¿¿¿¿¿¿,616123.9
2557,2,เงินกองทุนวิจัยมหาวิทยาลัย   ,ภายใน,¿¿¿¿¿¿¿¿¿¿¿¿¿¿¿,¿¿¿¿¿¿¿¿¿¿¿¿¿¿¿ ¿¿¿¿¿¿¿¿¿¿¿¿¿¿¿,88781.4
2557,2,เงินกองทุนวิจัยมหาวิทยาลัย   ,ภายใน,¿¿¿¿¿¿¿¿¿¿¿¿¿¿¿,¿¿¿¿¿¿¿¿¿¿¿¿¿¿¿¿ ¿¿¿¿¿¿¿¿¿¿¿¿¿¿¿,20000.0
2557,2,เงินกองทุนวิจัยมหาวิทยาลัย   ,ภายใน,¿¿¿¿¿¿¿¿¿¿¿¿¿¿¿,¿¿¿¿¿¿¿¿¿¿¿¿¿¿¿¿¿,3940495.4090909087
2557,2,เงินกองทุนวิจัยมหาวิทยาลัย   ,ภายใน,¿¿¿¿¿¿¿¿¿¿¿¿¿¿¿,¿¿¿¿¿¿¿¿¿¿¿¿¿¿¿¿¿¿,2351124.065454546
2557,2,เงินกองทุนวิจัยมหาวิทยาลัย   ,ภายใน,¿¿¿¿¿¿¿¿¿¿¿¿¿¿¿,¿¿¿¿¿¿¿¿¿¿¿¿¿¿¿¿¿¿¿,2704622.608
2557,2,เงินกองทุนวิจัยมหาวิทยาลัย   ,ภายใน,¿¿¿¿¿¿¿¿¿¿¿¿¿¿¿,¿¿¿¿¿¿¿¿¿¿¿¿¿¿¿¿¿¿¿¿¿¿¿,297558.6
2557,2,เงินกองทุนวิจัยมหาวิทยาลัย   ,ภายใน,¿¿¿¿¿¿¿¿¿¿¿¿¿¿¿,¿¿¿¿¿¿¿¿¿¿¿¿¿¿¿¿¿¿¿¿¿¿¿¿¿¿,988270.0
2557,2,เงินกองทุนวิจัยมหาวิทยาลัย   ,ภายใน,¿¿¿¿¿¿¿¿¿¿¿¿¿¿¿,¿¿¿¿¿¿¿¿¿¿¿¿¿¿¿¿¿¿¿¿¿¿¿¿¿¿¿¿,48418.399999999994
2557,2,เงินกองทุนวิจัยมหาวิทยาลัย   ,ภายใน,¿¿¿¿¿¿¿¿¿¿¿¿¿¿¿,¿¿¿¿¿¿¿¿¿¿¿¿¿¿¿¿¿¿¿¿¿¿¿¿¿¿¿¿¿,47911.200000000004
2557,2,เงินกองทุนวิจัยมหาวิทยาลัย   ,ภายใน,¿¿¿¿¿¿¿¿¿¿¿¿¿¿¿¿¿¿¿¿,¿¿¿¿¿¿¿¿¿¿¿¿¿¿¿¿¿ ¿¿¿¿¿¿¿¿¿¿¿¿¿¿¿¿¿¿¿¿,12956.1
2557,2,เงินกองทุนวิจัยมหาวิทยาลัย   ,ภายใน,¿¿¿¿¿¿¿¿¿¿¿¿¿¿¿¿¿¿¿¿,¿¿¿¿¿¿¿¿¿¿¿¿¿¿¿¿¿¿¿¿¿¿¿¿¿¿¿¿¿¿,332833.88399999996
2557,2,เงินกองทุนวิจัยมหาวิทยาลัย   ,ภายใน,¿¿¿¿¿¿¿¿¿¿¿¿¿¿¿¿¿¿¿¿,¿¿¿¿¿¿¿¿¿¿¿¿¿¿¿¿¿¿¿¿¿¿¿¿¿¿¿¿¿¿¿¿¿¿¿¿,1807512.5259999996
2557,3,เงินจากแหล่งทุนภายนอก ในประเทศไทย,ภายนอก,¿¿¿¿¿¿¿¿¿¿¿¿,¿¿¿¿¿¿¿¿¿¿¿¿¿¿¿¿¿¿¿¿¿¿¿¿¿¿¿,656237.1866666665
2557,3,เงินจากแหล่งทุนภายนอก ในประเทศไทย,ภายนอก,¿¿¿¿¿¿¿¿¿¿¿¿¿¿,¿¿¿¿¿¿¿¿¿¿¿¿¿,358333.6666666665
2557,3,เงินจากแหล่งทุนภายนอก ในประเทศไทย,ภายนอก,¿¿¿¿¿¿¿¿¿¿¿¿¿¿,¿¿¿¿¿¿¿¿¿¿¿¿¿¿¿¿¿¿¿¿¿¿,166666.66666666648
2557,3,เงินจากแหล่งทุนภายนอก ในประเทศไทย,ภายนอก,¿¿¿¿¿¿¿¿¿¿¿¿¿¿,¿¿¿¿¿¿¿¿¿¿¿¿¿¿¿¿¿¿¿¿¿¿¿¿¿¿,1221493.8
2557,3,เงินจากแหล่งทุนภายนอก ในประเทศไทย,ภายนอก,¿¿¿¿¿¿¿¿¿¿¿¿¿¿,¿¿¿¿¿¿¿¿¿¿¿¿¿¿¿¿¿¿¿¿¿¿¿¿¿¿¿¿,166666.66666666648
2557,3,เงินจากแหล่งทุนภายนอก ในประเทศไทย,ภายนอก,¿¿¿¿¿¿¿¿¿¿¿¿¿¿,¿¿¿¿¿¿¿¿¿¿¿¿¿¿¿¿¿¿¿¿¿¿¿¿¿¿¿¿¿¿¿¿¿¿¿¿¿¿¿¿¿¿¿¿¿¿¿¿¿¿¿¿¿¿¿¿¿¿¿¿¿¿¿¿¿¿¿¿¿¿,117000.0
2557,3,เงินจากแหล่งทุนภายนอก ในประเทศไทย,ภายนอก,¿¿¿¿¿¿¿¿¿¿¿¿¿¿¿,¿¿¿¿¿¿¿¿¿¿¿¿¿,9411566.619999997
2557,3,เงินจากแหล่งทุนภายนอก ในประเทศไทย,ภายนอก,¿¿¿¿¿¿¿¿¿¿¿¿¿¿¿,¿¿¿¿¿¿¿¿¿¿¿¿¿¿,21362554.825571425
2557,3,เงินจากแหล่งทุนภายนอก ในประเทศไทย,ภายนอก,¿¿¿¿¿¿¿¿¿¿¿¿¿¿¿,¿¿¿¿¿¿¿¿¿¿¿¿¿¿¿,6262287.036666667
2557,3,เงินจากแหล่งทุนภายนอก ในประเทศไทย,ภายนอก,¿¿¿¿¿¿¿¿¿¿¿¿¿¿¿,¿¿¿¿¿¿¿¿¿¿¿¿¿¿¿ ¿¿¿¿¿¿¿¿¿¿¿¿¿¿¿,41666.666666666744
2557,3,เงินจากแหล่งทุนภายนอก ในประเทศไทย,ภายนอก,¿¿¿¿¿¿¿¿¿¿¿¿¿¿¿,¿¿¿¿¿¿¿¿¿¿¿¿¿¿¿¿,132179.4500000001
2557,3,เงินจากแหล่งทุนภายนอก ในประเทศไทย,ภายนอก,¿¿¿¿¿¿¿¿¿¿¿¿¿¿¿,¿¿¿¿¿¿¿¿¿¿¿¿¿¿¿¿ ¿¿¿¿¿¿¿¿¿¿¿¿¿¿¿,40000.0
2557,3,เงินจากแหล่งทุนภายนอก ในประเทศไทย,ภายนอก,¿¿¿¿¿¿¿¿¿¿¿¿¿¿¿,¿¿¿¿¿¿¿¿¿¿¿¿¿¿¿¿¿,27541368.80194806
2557,3,เงินจากแหล่งทุนภายนอก ในประเทศไทย,ภายนอก,¿¿¿¿¿¿¿¿¿¿¿¿¿¿¿,¿¿¿¿¿¿¿¿¿¿¿¿¿¿¿¿¿¿,3784052.003787879
2557,3,เงินจากแหล่งทุนภายนอก ในประเทศไทย,ภายนอก,¿¿¿¿¿¿¿¿¿¿¿¿¿¿¿,¿¿¿¿¿¿¿¿¿¿¿¿¿¿¿¿¿¿¿,13458034.728952382
2557,3,เงินจากแหล่งทุนภายนอก ในประเทศไทย,ภายนอก,¿¿¿¿¿¿¿¿¿¿¿¿¿¿¿,¿¿¿¿¿¿¿¿¿¿¿¿¿¿¿¿¿¿¿¿¿¿¿,1249616.404761905
2557,3,เงินจากแหล่งทุนภายนอก ในประเทศไทย,ภายนอก,¿¿¿¿¿¿¿¿¿¿¿¿¿¿¿,¿¿¿¿¿¿¿¿¿¿¿¿¿¿¿¿¿¿¿¿¿¿¿¿¿¿,3133100.375
2557,3,เงินจากแหล่งทุนภายนอก ในประเทศไทย,ภายนอก,¿¿¿¿¿¿¿¿¿¿¿¿¿¿¿,¿¿¿¿¿¿¿¿¿¿¿¿¿¿¿¿¿¿¿¿¿¿¿¿¿¿¿¿,1450275.0066666664
2557,3,เงินจากแหล่งทุนภายนอก ในประเทศไทย,ภายนอก,¿¿¿¿¿¿¿¿¿¿¿¿¿¿¿,¿¿¿¿¿¿¿¿¿¿¿¿¿¿¿¿¿¿¿¿¿¿¿¿¿¿¿¿¿,190000.0
2557,3,เงินจากแหล่งทุนภายนอก ในประเทศไทย,ภายนอก,¿¿¿¿¿¿¿¿¿¿¿¿¿¿¿¿¿¿¿¿,¿¿¿¿¿¿¿¿¿¿¿¿¿¿¿¿¿¿¿¿¿¿¿¿¿¿¿¿¿¿,205827.7785
2557,3,เงินจากแหล่งทุนภายนอก ในประเทศไทย,ภายนอก,¿¿¿¿¿¿¿¿¿¿¿¿¿¿¿¿¿¿¿¿,¿¿¿¿¿¿¿¿¿¿¿¿¿¿¿¿¿¿¿¿¿¿¿¿¿¿¿¿¿¿¿¿¿¿¿¿,202971.16150000002
2557,4,เงินจากแหล่งทุนภายนอก ต่างประเทศ,ภายนอก,¿¿¿¿¿¿¿¿¿¿¿¿¿¿¿,¿¿¿¿¿¿¿¿¿¿¿¿¿,6239023.109999999
2557,4,เงินจากแหล่งทุนภายนอก ต่างประเทศ,ภายนอก,¿¿¿¿¿¿¿¿¿¿¿¿¿¿¿,¿¿¿¿¿¿¿¿¿¿¿¿¿¿¿¿¿¿,225000.0
2557,4,เงินจากแหล่งทุนภายนอก ต่างประเทศ,ภายนอก,¿¿¿¿¿¿¿¿¿¿¿¿¿¿¿,¿¿¿¿¿¿¿¿¿¿¿¿¿¿¿¿¿¿¿,661825.0
2557,4,เงินจากแหล่งทุนภายนอก ต่างประเทศ,ภายนอก,¿¿¿¿¿¿¿¿¿¿¿¿¿¿¿¿¿¿¿¿,¿¿¿¿¿¿¿¿¿¿¿¿¿¿¿¿¿¿¿¿¿¿¿¿¿¿¿¿¿¿¿¿¿¿¿¿,1113200.0
2557,6,เงินรายได้คณะ (เงินรายได้),ภายใน,¿¿¿¿¿¿¿¿¿¿¿¿¿¿,¿¿¿¿¿¿¿¿¿¿¿¿¿¿¿¿¿¿¿¿¿¿¿¿¿¿¿¿,130410.0
2557,6,เงินรายได้คณะ (เงินรายได้),ภายใน,¿¿¿¿¿¿¿¿¿¿¿¿¿¿¿,¿¿¿¿¿¿¿¿¿¿¿¿¿,867500.0
2557,6,เงินรายได้คณะ (เงินรายได้),ภายใน,¿¿¿¿¿¿¿¿¿¿¿¿¿¿¿,¿¿¿¿¿¿¿¿¿¿¿¿¿¿,2164350.0
2557,6,เงินรายได้คณะ (เงินรายได้),ภายใน,¿¿¿¿¿¿¿¿¿¿¿¿¿¿¿,¿¿¿¿¿¿¿¿¿¿¿¿¿¿¿¿ ¿¿¿¿¿¿¿¿¿¿¿¿¿¿¿,20000.0
2557,6,เงินรายได้คณะ (เงินรายได้),ภายใน,¿¿¿¿¿¿¿¿¿¿¿¿¿¿¿,¿¿¿¿¿¿¿¿¿¿¿¿¿¿¿¿¿,302500.0
2557,6,เงินรายได้คณะ (เงินรายได้),ภายใน,¿¿¿¿¿¿¿¿¿¿¿¿¿¿¿,¿¿¿¿¿¿¿¿¿¿¿¿¿¿¿¿¿¿¿¿¿¿¿¿¿¿,1278000.0
2557,6,เงินรายได้คณะ (เงินรายได้),ภายใน,¿¿¿¿¿¿¿¿¿¿¿¿¿¿¿,¿¿¿¿¿¿¿¿¿¿¿¿¿¿¿¿¿¿¿¿¿¿¿¿¿¿¿¿,48418.399999999994
2557,6,เงินรายได้คณะ (เงินรายได้),ภายใน,¿¿¿¿¿¿¿¿¿¿¿¿¿¿¿¿¿¿¿¿,¿¿¿¿¿¿¿¿¿¿¿¿¿¿¿¿¿¿¿¿¿¿¿¿¿¿¿¿¿¿¿¿¿¿¿¿,242600.0
2557,7,เงินรายได้คณะ (กองทุนวิจัย),ภายใน,¿¿¿¿¿¿¿¿¿¿¿¿¿¿¿,¿¿¿¿¿¿¿¿¿¿¿¿¿,4869192.916666665
2557,7,เงินรายได้คณะ (กองทุนวิจัย),ภายใน,¿¿¿¿¿¿¿¿¿¿¿¿¿¿¿,¿¿¿¿¿¿¿¿¿¿¿¿¿¿,3078630.0
2557,7,เงินรายได้คณะ (กองทุนวิจัย),ภายใน,¿¿¿¿¿¿¿¿¿¿¿¿¿¿¿,¿¿¿¿¿¿¿¿¿¿¿¿¿¿¿,79166.67
2557,7,เงินรายได้คณะ (กองทุนวิจัย),ภายใน,¿¿¿¿¿¿¿¿¿¿¿¿¿¿¿,¿¿¿¿¿¿¿¿¿¿¿¿¿¿¿ ¿¿¿¿¿¿¿¿¿¿¿¿¿¿¿,135000.0
2557,7,เงินรายได้คณะ (กองทุนวิจัย),ภายใน,¿¿¿¿¿¿¿¿¿¿¿¿¿¿¿,¿¿¿¿¿¿¿¿¿¿¿¿¿¿¿¿¿,1503176.7694999997
2557,7,เงินรายได้คณะ (กองทุนวิจัย),ภายใน,¿¿¿¿¿¿¿¿¿¿¿¿¿¿¿,¿¿¿¿¿¿¿¿¿¿¿¿¿¿¿¿¿¿,303660.07
2557,7,เงินรายได้คณะ (กองทุนวิจัย),ภายใน,¿¿¿¿¿¿¿¿¿¿¿¿¿¿¿,¿¿¿¿¿¿¿¿¿¿¿¿¿¿¿¿¿¿¿,766683.9999999999
2557,7,เงินรายได้คณะ (กองทุนวิจัย),ภายใน,¿¿¿¿¿¿¿¿¿¿¿¿¿¿¿,¿¿¿¿¿¿¿¿¿¿¿¿¿¿¿¿¿¿¿¿¿¿¿,102858.6
2557,7,เงินรายได้คณะ (กองทุนวิจัย),ภายใน,¿¿¿¿¿¿¿¿¿¿¿¿¿¿¿,¿¿¿¿¿¿¿¿¿¿¿¿¿¿¿¿¿¿¿¿¿¿¿¿¿¿,2670992.0
2557,7,เงินรายได้คณะ (กองทุนวิจัย),ภายใน,¿¿¿¿¿¿¿¿¿¿¿¿¿¿¿,¿¿¿¿¿¿¿¿¿¿¿¿¿¿¿¿¿¿¿¿¿¿¿¿¿¿¿¿,436477.84
2557,7,เงินรายได้คณะ (กองทุนวิจัย),ภายใน,¿¿¿¿¿¿¿¿¿¿¿¿¿¿¿¿¿¿¿¿,¿¿¿¿¿¿¿¿¿¿¿¿¿¿¿¿¿¿¿¿¿¿¿¿¿¿¿¿¿¿¿¿¿¿¿¿,58667.0
2557,8,เงินกองทุนวิจัยวิทยาเขต,ภายใน,¿¿¿¿¿¿¿¿¿¿¿¿,¿¿¿¿¿¿¿¿¿¿¿¿¿¿¿¿¿ ¿¿¿¿¿¿¿¿¿¿¿¿,20000.0
2557,8,เงินกองทุนวิจัยวิทยาเขต,ภายใน,¿¿¿¿¿¿¿¿¿¿¿¿,¿¿¿¿¿¿¿¿¿¿¿¿¿¿¿¿¿¿¿¿¿¿¿¿¿¿¿,613346.0
2557,8,เงินกองทุนวิจัยวิทยาเขต,ภายใน,¿¿¿¿¿¿¿¿¿¿¿¿¿¿¿,¿¿¿¿¿¿¿¿¿¿¿¿¿¿,116666.67
2557,8,เงินกองทุนวิจัยวิทยาเขต,ภายใน,¿¿¿¿¿¿¿¿¿¿¿¿¿¿¿,¿¿¿¿¿¿¿¿¿¿¿¿¿¿¿¿¿¿¿¿¿¿¿¿¿¿,72500.0
2557,8,เงินกองทุนวิจัยวิทยาเขต,ภายใน,¿¿¿¿¿¿¿¿¿¿¿¿¿¿¿¿¿¿¿¿,¿¿¿¿¿¿¿¿¿¿¿¿¿¿¿¿¿¿¿¿¿¿¿¿¿¿¿¿¿¿,10063.884
2557,8,เงินกองทุนวิจัยวิทยาเขต,ภายใน,¿¿¿¿¿¿¿¿¿¿¿¿¿¿¿¿¿¿¿¿,¿¿¿¿¿¿¿¿¿¿¿¿¿¿¿¿¿¿¿¿¿¿¿¿¿¿¿¿¿¿¿¿¿¿¿¿,943047.5760000001
2557,9,เงินรายได้วิทยาเขต,ภายใน,¿¿¿¿¿¿¿¿¿¿¿¿,¿¿¿¿¿¿¿¿¿¿¿¿¿¿¿¿¿¿¿¿¿¿¿¿¿¿¿,19312.0
2557,9,เงินรายได้วิทยาเขต,ภายใน,¿¿¿¿¿¿¿¿¿¿¿¿¿¿¿,¿¿¿¿¿¿¿¿¿¿¿¿¿¿,8344.0
2557,9,เงินรายได้วิทยาเขต,ภายใน,¿¿¿¿¿¿¿¿¿¿¿¿¿¿¿,¿¿¿¿¿¿¿¿¿¿¿¿¿¿¿¿¿¿¿¿¿¿¿¿¿¿,9446.0
2557,9,เงินรายได้วิทยาเขต,ภายใน,¿¿¿¿¿¿¿¿¿¿¿¿¿¿¿¿¿¿¿¿,¿¿¿¿¿¿¿¿¿¿¿¿¿¿¿¿¿¿¿¿¿¿¿¿¿¿¿¿¿¿¿¿¿¿¿¿,41833.0
2557,11,ไม่ระบุ,,¿¿¿¿¿¿¿¿¿¿¿¿¿¿,¿¿¿¿¿¿¿¿¿¿¿¿¿¿¿¿¿¿¿¿¿¿¿¿¿¿,326600.0
2557,11,ไม่ระบุ,,¿¿¿¿¿¿¿¿¿¿¿¿¿¿¿,¿¿¿¿¿¿¿¿¿¿¿¿¿,484940.0
2557,11,ไม่ระบุ,,¿¿¿¿¿¿¿¿¿¿¿¿¿¿¿,¿¿¿¿¿¿¿¿¿¿¿¿¿¿,7308563.702
2557,11,ไม่ระบุ,,¿¿¿¿¿¿¿¿¿¿¿¿¿¿¿,¿¿¿¿¿¿¿¿¿¿¿¿¿¿¿,1115130.0
2557,11,ไม่ระบุ,,¿¿¿¿¿¿¿¿¿¿¿¿¿¿¿,¿¿¿¿¿¿¿¿¿¿¿¿¿¿¿ ¿¿¿¿¿¿¿¿¿¿¿¿¿¿¿,233460.0
2557,11,ไม่ระบุ,,¿¿¿¿¿¿¿¿¿¿¿¿¿¿¿,¿¿¿¿¿¿¿¿¿¿¿¿¿¿¿¿¿,3805868.33
2557,11,ไม่ระบุ,,¿¿¿¿¿¿¿¿¿¿¿¿¿¿¿,¿¿¿¿¿¿¿¿¿¿¿¿¿¿¿¿¿¿,3883618.8
2557,11,ไม่ระบุ,,¿¿¿¿¿¿¿¿¿¿¿¿¿¿¿,¿¿¿¿¿¿¿¿¿¿¿¿¿¿¿¿¿¿¿,2258817.2079999996
2557,11,ไม่ระบุ,,¿¿¿¿¿¿¿¿¿¿¿¿¿¿¿,¿¿¿¿¿¿¿¿¿¿¿¿¿¿¿¿¿¿¿¿¿¿¿¿¿¿,1199310.0
2557,11,ไม่ระบุ,,¿¿¿¿¿¿¿¿¿¿¿¿¿¿¿,¿¿¿¿¿¿¿¿¿¿¿¿¿¿¿¿¿¿¿¿¿¿¿¿¿¿¿¿,327950.0
2557,11,ไม่ระบุ,,¿¿¿¿¿¿¿¿¿¿¿¿¿¿¿¿¿¿¿¿,¿¿¿¿¿¿¿¿¿¿¿¿¿¿¿¿¿¿¿¿¿¿¿¿¿¿¿¿¿¿¿¿¿¿¿¿,1162100.0
2558,1,เงินงบประมาณแผ่นดิน   ,ภายนอก,¿¿¿¿¿¿¿¿¿¿¿¿¿¿¿,¿¿¿¿¿¿¿¿¿¿¿ ¿¿¿¿¿¿¿¿¿¿¿¿¿¿¿¿¿¿¿¿¿¿¿¿,123875.0
2558,1,เงินงบประมาณแผ่นดิน   ,ภายนอก,¿¿¿¿¿¿¿¿¿¿¿¿¿¿¿,¿¿¿¿¿¿¿¿¿¿¿¿¿,11785.623
2558,1,เงินงบประมาณแผ่นดิน   ,ภายนอก,¿¿¿¿¿¿¿¿¿¿¿¿¿¿¿,¿¿¿¿¿¿¿¿¿¿¿¿¿¿,6103569.069000001
2558,1,เงินงบประมาณแผ่นดิน   ,ภายนอก,¿¿¿¿¿¿¿¿¿¿¿¿¿¿¿,¿¿¿¿¿¿¿¿¿¿¿¿¿¿¿¿¿,3308738.576000001
2558,1,เงินงบประมาณแผ่นดิน   ,ภายนอก,¿¿¿¿¿¿¿¿¿¿¿¿¿¿¿,¿¿¿¿¿¿¿¿¿¿¿¿¿¿¿¿¿ ¿¿¿¿¿¿¿¿¿¿¿¿¿¿¿,52250.0
2558,1,เงินงบประมาณแผ่นดิน   ,ภายนอก,¿¿¿¿¿¿¿¿¿¿¿¿¿¿¿,¿¿¿¿¿¿¿¿¿¿¿¿¿¿¿¿¿¿,3373130.49
2558,1,เงินงบประมาณแผ่นดิน   ,ภายนอก,¿¿¿¿¿¿¿¿¿¿¿¿¿¿¿,¿¿¿¿¿¿¿¿¿¿¿¿¿¿¿¿¿¿¿,2202968.5590000004
2558,1,เงินงบประมาณแผ่นดิน   ,ภายนอก,¿¿¿¿¿¿¿¿¿¿¿¿¿¿¿,¿¿¿¿¿¿¿¿¿¿¿¿¿¿¿¿¿¿¿¿¿¿¿¿¿¿,2006979.7245
2558,1,เงินงบประมาณแผ่นดิน   ,ภายนอก,¿¿¿¿¿¿¿¿¿¿¿¿¿¿¿,¿¿¿¿¿¿¿¿¿¿¿¿¿¿¿¿¿¿¿¿¿¿¿¿¿¿¿¿,298000.0
2558,1,เงินงบประมาณแผ่นดิน   ,ภายนอก,¿¿¿¿¿¿¿¿¿¿¿¿¿¿¿¿¿¿¿¿,¿¿¿¿¿¿¿¿¿¿¿¿¿¿¿¿¿¿¿¿¿¿¿¿¿¿¿¿¿¿¿¿¿¿¿¿,1768423.5999999999
2558,2,เงินกองทุนวิจัยมหาวิทยาลัย   ,ภายใน,¿¿¿¿¿¿¿¿¿¿¿¿,¿¿¿¿¿¿¿¿¿¿¿¿¿¿¿¿¿¿¿¿¿¿¿¿¿¿¿,95146.0
2558,2,เงินกองทุนวิจัยมหาวิทยาลัย   ,ภายใน,¿¿¿¿¿¿¿¿¿¿¿¿¿¿,¿¿¿¿¿¿¿¿¿¿¿¿¿¿¿¿¿¿¿¿¿¿¿¿¿¿,102904.0
2558,2,เงินกองทุนวิจัยมหาวิทยาลัย   ,ภายใน,¿¿¿¿¿¿¿¿¿¿¿¿¿¿¿,¿¿¿¿¿¿¿¿¿¿¿¿¿,1279154.354
2558,2,เงินกองทุนวิจัยมหาวิทยาลัย   ,ภายใน,¿¿¿¿¿¿¿¿¿¿¿¿¿¿¿,¿¿¿¿¿¿¿¿¿¿¿¿¿¿,12936034.196
2558,2,เงินกองทุนวิจัยมหาวิทยาลัย   ,ภายใน,¿¿¿¿¿¿¿¿¿¿¿¿¿¿¿,¿¿¿¿¿¿¿¿¿¿¿¿¿¿¿,701112.9
2558,2,เงินกองทุนวิจัยมหาวิทยาลัย   ,ภายใน,¿¿¿¿¿¿¿¿¿¿¿¿¿¿¿,¿¿¿¿¿¿¿¿¿¿¿¿¿¿¿ ¿¿¿¿¿¿¿¿¿¿¿¿¿¿¿,5000.0
2558,2,เงินกองทุนวิจัยมหาวิทยาลัย   ,ภายใน,¿¿¿¿¿¿¿¿¿¿¿¿¿¿¿,¿¿¿¿¿¿¿¿¿¿¿¿¿¿¿¿,330697.0
2558,2,เงินกองทุนวิจัยมหาวิทยาลัย   ,ภายใน,¿¿¿¿¿¿¿¿¿¿¿¿¿¿¿,¿¿¿¿¿¿¿¿¿¿¿¿¿¿¿¿ ¿¿¿¿¿¿¿¿¿¿¿¿¿¿¿,60000.0
2558,2,เงินกองทุนวิจัยมหาวิทยาลัย   ,ภายใน,¿¿¿¿¿¿¿¿¿¿¿¿¿¿¿,¿¿¿¿¿¿¿¿¿¿¿¿¿¿¿¿¿,6111384.032818182
2558,2,เงินกองทุนวิจัยมหาวิทยาลัย   ,ภายใน,¿¿¿¿¿¿¿¿¿¿¿¿¿¿¿,¿¿¿¿¿¿¿¿¿¿¿¿¿¿¿¿¿¿,2485883.129090908
2558,2,เงินกองทุนวิจัยมหาวิทยาลัย   ,ภายใน,¿¿¿¿¿¿¿¿¿¿¿¿¿¿¿,¿¿¿¿¿¿¿¿¿¿¿¿¿¿¿¿¿¿¿,3175560.845
2558,2,เงินกองทุนวิจัยมหาวิทยาลัย   ,ภายใน,¿¿¿¿¿¿¿¿¿¿¿¿¿¿¿,¿¿¿¿¿¿¿¿¿¿¿¿¿¿¿¿¿¿¿¿¿¿¿,394225.0
2558,2,เงินกองทุนวิจัยมหาวิทยาลัย   ,ภายใน,¿¿¿¿¿¿¿¿¿¿¿¿¿¿¿,¿¿¿¿¿¿¿¿¿¿¿¿¿¿¿¿¿¿¿¿¿¿¿¿¿¿,1128484.134
2558,2,เงินกองทุนวิจัยมหาวิทยาลัย   ,ภายใน,¿¿¿¿¿¿¿¿¿¿¿¿¿¿¿,¿¿¿¿¿¿¿¿¿¿¿¿¿¿¿¿¿¿¿¿¿¿¿¿¿¿¿¿,234208.8
2558,2,เงินกองทุนวิจัยมหาวิทยาลัย   ,ภายใน,¿¿¿¿¿¿¿¿¿¿¿¿¿¿¿¿¿¿¿¿,¿¿¿¿¿¿¿¿¿¿¿¿¿¿¿¿¿ ¿¿¿¿¿¿¿¿¿¿¿¿¿¿¿¿¿¿¿¿,54342.5
2558,2,เงินกองทุนวิจัยมหาวิทยาลัย   ,ภายใน,¿¿¿¿¿¿¿¿¿¿¿¿¿¿¿¿¿¿¿¿,¿¿¿¿¿¿¿¿¿¿¿¿¿¿¿¿¿¿¿¿¿¿¿¿¿¿¿¿¿¿,548425.654
2558,2,เงินกองทุนวิจัยมหาวิทยาลัย   ,ภายใน,¿¿¿¿¿¿¿¿¿¿¿¿¿¿¿¿¿¿¿¿,¿¿¿¿¿¿¿¿¿¿¿¿¿¿¿¿¿¿¿¿¿¿¿¿¿¿¿¿¿¿¿¿¿¿¿¿,1759830.116
2558,3,เงินจากแหล่งทุนภายนอก ในประเทศไทย,ภายนอก,¿¿¿¿¿¿¿¿¿¿¿¿,¿¿¿¿¿¿¿¿¿¿¿¿¿¿¿¿¿¿¿¿¿¿¿¿¿¿¿,227059.1125
2558,3,เงินจากแหล่งทุนภายนอก ในประเทศไทย,ภายนอก,¿¿¿¿¿¿¿¿¿¿¿¿¿¿,¿¿¿¿¿¿¿¿¿¿¿¿¿¿¿¿¿¿¿¿¿¿¿¿¿¿,441338.2
2558,3,เงินจากแหล่งทุนภายนอก ในประเทศไทย,ภายนอก,¿¿¿¿¿¿¿¿¿¿¿¿¿¿,¿¿¿¿¿¿¿¿¿¿¿¿¿¿¿¿¿¿¿¿¿¿¿¿¿¿¿¿,114793.0
2558,3,เงินจากแหล่งทุนภายนอก ในประเทศไทย,ภายนอก,¿¿¿¿¿¿¿¿¿¿¿¿¿¿,¿¿¿¿¿¿¿¿¿¿¿¿¿¿¿¿¿¿¿¿¿¿¿¿¿¿¿¿¿¿¿¿¿¿¿¿¿¿¿¿¿¿¿¿¿¿¿¿¿¿¿¿¿¿¿¿¿¿¿¿¿¿¿¿¿¿¿¿¿¿,29250.0
2558,3,เงินจากแหล่งทุนภายนอก ในประเทศไทย,ภายนอก,¿¿¿¿¿¿¿¿¿¿¿¿¿¿¿,¿¿¿¿¿¿¿¿¿¿¿¿¿,29299826.48102564
2558,3,เงินจากแหล่งทุนภายนอก ในประเทศไทย,ภายนอก,¿¿¿¿¿¿¿¿¿¿¿¿¿¿¿,¿¿¿¿¿¿¿¿¿¿¿¿¿¿,20002873.05679487
2558,3,เงินจากแหล่งทุนภายนอก ในประเทศไทย,ภายนอก,¿¿¿¿¿¿¿¿¿¿¿¿¿¿¿,¿¿¿¿¿¿¿¿¿¿¿¿¿¿¿,8777588.283500005
2558,3,เงินจากแหล่งทุนภายนอก ในประเทศไทย,ภายนอก,¿¿¿¿¿¿¿¿¿¿¿¿¿¿¿,¿¿¿¿¿¿¿¿¿¿¿¿¿¿¿¿,1060155.6033333326
2558,3,เงินจากแหล่งทุนภายนอก ในประเทศไทย,ภายนอก,¿¿¿¿¿¿¿¿¿¿¿¿¿¿¿,¿¿¿¿¿¿¿¿¿¿¿¿¿¿¿¿ ¿¿¿¿¿¿¿¿¿¿¿¿¿¿¿,120000.0
2558,3,เงินจากแหล่งทุนภายนอก ในประเทศไทย,ภายนอก,¿¿¿¿¿¿¿¿¿¿¿¿¿¿¿,¿¿¿¿¿¿¿¿¿¿¿¿¿¿¿¿¿,14501928.98775408
2558,3,เงินจากแหล่งทุนภายนอก ในประเทศไทย,ภายนอก,¿¿¿¿¿¿¿¿¿¿¿¿¿¿¿,¿¿¿¿¿¿¿¿¿¿¿¿¿¿¿¿¿ ¿¿¿¿¿¿¿¿¿¿¿¿¿¿¿¿¿¿¿¿¿¿¿¿,290909.092
2558,3,เงินจากแหล่งทุนภายนอก ในประเทศไทย,ภายนอก,¿¿¿¿¿¿¿¿¿¿¿¿¿¿¿,¿¿¿¿¿¿¿¿¿¿¿¿¿¿¿¿¿¿,4239891.718614719
2558,3,เงินจากแหล่งทุนภายนอก ในประเทศไทย,ภายนอก,¿¿¿¿¿¿¿¿¿¿¿¿¿¿¿,¿¿¿¿¿¿¿¿¿¿¿¿¿¿¿¿¿¿¿,3198133.8479999998
2558,3,เงินจากแหล่งทุนภายนอก ในประเทศไทย,ภายนอก,¿¿¿¿¿¿¿¿¿¿¿¿¿¿¿,¿¿¿¿¿¿¿¿¿¿¿¿¿¿¿¿¿¿¿¿¿¿¿,665277.95
2558,3,เงินจากแหล่งทุนภายนอก ในประเทศไทย,ภายนอก,¿¿¿¿¿¿¿¿¿¿¿¿¿¿¿,¿¿¿¿¿¿¿¿¿¿¿¿¿¿¿¿¿¿¿¿¿¿¿¿¿¿,2406965.5519999997
2558,3,เงินจากแหล่งทุนภายนอก ในประเทศไทย,ภายนอก,¿¿¿¿¿¿¿¿¿¿¿¿¿¿¿,¿¿¿¿¿¿¿¿¿¿¿¿¿¿¿¿¿¿¿¿¿¿¿¿¿¿¿¿,871379.65
2558,3,เงินจากแหล่งทุนภายนอก ในประเทศไทย,ภายนอก,¿¿¿¿¿¿¿¿¿¿¿¿¿¿¿,¿¿¿¿¿¿¿¿¿¿¿¿¿¿¿¿¿¿¿¿¿¿¿¿¿¿¿¿¿¿¿ (¿¿¿¿.¿.¿.),850483.33
2558,3,เงินจากแหล่งทุนภายนอก ในประเทศไทย,ภายนอก,¿¿¿¿¿¿¿¿¿¿¿¿¿¿¿¿¿¿¿¿,¿¿¿¿¿¿¿¿¿¿¿¿¿¿¿¿¿¿¿¿¿¿¿¿¿¿¿¿¿¿,3064711.5075
2558,3,เงินจากแหล่งทุนภายนอก ในประเทศไทย,ภายนอก,¿¿¿¿¿¿¿¿¿¿¿¿¿¿¿¿¿¿¿¿,¿¿¿¿¿¿¿¿¿¿¿¿¿¿¿¿¿¿¿¿¿¿¿¿¿¿¿¿¿¿¿¿¿¿¿¿,3556098.4135
2558,4,เงินจากแหล่งทุนภายนอก ต่างประเทศ,ภายนอก,¿¿¿¿¿¿¿¿¿¿¿¿¿¿¿,¿¿¿¿¿¿¿¿¿¿¿¿¿,18747303.599999998
2558,4,เงินจากแหล่งทุนภายนอก ต่างประเทศ,ภายนอก,¿¿¿¿¿¿¿¿¿¿¿¿¿¿¿,¿¿¿¿¿¿¿¿¿¿¿¿¿¿,67444.66
2558,4,เงินจากแหล่งทุนภายนอก ต่างประเทศ,ภายนอก,¿¿¿¿¿¿¿¿¿¿¿¿¿¿¿,¿¿¿¿¿¿¿¿¿¿¿¿¿¿¿¿¿¿¿¿¿¿¿¿¿¿¿¿,37500.0
2558,4,เงินจากแหล่งทุนภายนอก ต่างประเทศ,ภายนอก,¿¿¿¿¿¿¿¿¿¿¿¿¿¿¿¿¿¿¿¿,¿¿¿¿¿¿¿¿¿¿¿¿¿¿¿¿¿¿¿¿¿¿¿¿¿¿¿¿¿¿¿¿¿¿¿¿,406000.0
2558,6,เงินรายได้คณะ (เงินรายได้),ภายใน,¿¿¿¿¿¿¿¿¿¿¿¿¿¿,¿¿¿¿¿¿¿¿¿¿¿¿¿¿¿¿¿¿¿¿¿¿¿¿¿¿,41667.0
2558,6,เงินรายได้คณะ (เงินรายได้),ภายใน,¿¿¿¿¿¿¿¿¿¿¿¿¿¿¿,¿¿¿¿¿¿¿¿¿¿¿¿¿,632699.99
2558,6,เงินรายได้คณะ (เงินรายได้),ภายใน,¿¿¿¿¿¿¿¿¿¿¿¿¿¿¿,¿¿¿¿¿¿¿¿¿¿¿¿¿¿,437500.0
2558,6,เงินรายได้คณะ (เงินรายได้),ภายใน,¿¿¿¿¿¿¿¿¿¿¿¿¿¿¿,¿¿¿¿¿¿¿¿¿¿¿¿¿¿¿¿ ¿¿¿¿¿¿¿¿¿¿¿¿¿¿¿,60000.0
2558,6,เงินรายได้คณะ (เงินรายได้),ภายใน,¿¿¿¿¿¿¿¿¿¿¿¿¿¿¿,¿¿¿¿¿¿¿¿¿¿¿¿¿¿¿¿¿¿¿,90000.0
2558,6,เงินรายได้คณะ (เงินรายได้),ภายใน,¿¿¿¿¿¿¿¿¿¿¿¿¿¿¿,¿¿¿¿¿¿¿¿¿¿¿¿¿¿¿¿¿¿¿¿¿¿¿¿¿¿,1214444.0
2558,6,เงินรายได้คณะ (เงินรายได้),ภายใน,¿¿¿¿¿¿¿¿¿¿¿¿¿¿¿,¿¿¿¿¿¿¿¿¿¿¿¿¿¿¿¿¿¿¿¿¿¿¿¿¿¿¿¿,24208.8
2558,7,เงินรายได้คณะ (กองทุนวิจัย),ภายใน,¿¿¿¿¿¿¿¿¿¿¿¿¿¿,¿¿¿¿¿¿¿¿¿¿¿¿¿,43333.0
2558,7,เงินรายได้คณะ (กองทุนวิจัย),ภายใน,¿¿¿¿¿¿¿¿¿¿¿¿¿¿,¿¿¿¿¿¿¿¿¿¿¿¿¿¿¿¿¿¿¿¿¿¿,384827.8499999999
2558,7,เงินรายได้คณะ (กองทุนวิจัย),ภายใน,¿¿¿¿¿¿¿¿¿¿¿¿¿¿,¿¿¿¿¿¿¿¿¿¿¿¿¿¿¿¿¿¿¿¿¿¿¿¿¿¿,489920.67
2558,7,เงินรายได้คณะ (กองทุนวิจัย),ภายใน,¿¿¿¿¿¿¿¿¿¿¿¿¿¿¿,¿¿¿¿¿¿¿¿¿¿¿¿¿,4772547.460000001
2558,7,เงินรายได้คณะ (กองทุนวิจัย),ภายใน,¿¿¿¿¿¿¿¿¿¿¿¿¿¿¿,¿¿¿¿¿¿¿¿¿¿¿¿¿¿,4314639.529999999
2558,7,เงินรายได้คณะ (กองทุนวิจัย),ภายใน,¿¿¿¿¿¿¿¿¿¿¿¿¿¿¿,¿¿¿¿¿¿¿¿¿¿¿¿¿¿¿,127820.33
2558,7,เงินรายได้คณะ (กองทุนวิจัย),ภายใน,¿¿¿¿¿¿¿¿¿¿¿¿¿¿¿,¿¿¿¿¿¿¿¿¿¿¿¿¿¿¿ ¿¿¿¿¿¿¿¿¿¿¿¿¿¿¿,50000.0
2558,7,เงินรายได้คณะ (กองทุนวิจัย),ภายใน,¿¿¿¿¿¿¿¿¿¿¿¿¿¿¿,¿¿¿¿¿¿¿¿¿¿¿¿¿¿¿¿¿,841250.765
2558,7,เงินรายได้คณะ (กองทุนวิจัย),ภายใน,¿¿¿¿¿¿¿¿¿¿¿¿¿¿¿,¿¿¿¿¿¿¿¿¿¿¿¿¿¿¿¿¿¿,404583.02
2558,7,เงินรายได้คณะ (กองทุนวิจัย),ภายใน,¿¿¿¿¿¿¿¿¿¿¿¿¿¿¿,¿¿¿¿¿¿¿¿¿¿¿¿¿¿¿¿¿¿¿,866523.47
2558,7,เงินรายได้คณะ (กองทุนวิจัย),ภายใน,¿¿¿¿¿¿¿¿¿¿¿¿¿¿¿,¿¿¿¿¿¿¿¿¿¿¿¿¿¿¿¿¿¿¿¿¿¿¿,24925.0
2558,7,เงินรายได้คณะ (กองทุนวิจัย),ภายใน,¿¿¿¿¿¿¿¿¿¿¿¿¿¿¿,¿¿¿¿¿¿¿¿¿¿¿¿¿¿¿¿¿¿¿¿¿¿¿¿¿¿,735750.0
2558,7,เงินรายได้คณะ (กองทุนวิจัย),ภายใน,¿¿¿¿¿¿¿¿¿¿¿¿¿¿¿,¿¿¿¿¿¿¿¿¿¿¿¿¿¿¿¿¿¿¿¿¿¿¿¿¿¿¿¿,488843.03
2558,7,เงินรายได้คณะ (กองทุนวิจัย),ภายใน,¿¿¿¿¿¿¿¿¿¿¿¿¿¿¿¿¿¿¿¿,¿¿¿¿¿¿¿¿¿¿¿¿¿¿¿¿¿¿¿¿¿¿¿¿¿¿¿¿¿¿¿¿¿¿¿¿,166085.003
2558,8,เงินกองทุนวิจัยวิทยาเขต,ภายใน,¿¿¿¿¿¿¿¿¿¿¿¿,¿¿¿¿¿¿¿¿¿¿¿¿¿¿¿¿¿¿¿¿¿¿¿¿¿¿¿,148154.0
2558,8,เงินกองทุนวิจัยวิทยาเขต,ภายใน,¿¿¿¿¿¿¿¿¿¿¿¿¿¿¿,¿¿¿¿¿¿¿¿¿¿¿¿¿¿,129250.0
2558,8,เงินกองทุนวิจัยวิทยาเขต,ภายใน,¿¿¿¿¿¿¿¿¿¿¿¿¿¿¿,¿¿¿¿¿¿¿¿¿¿¿¿¿¿¿¿¿¿¿,182000.0
2558,8,เงินกองทุนวิจัยวิทยาเขต,ภายใน,¿¿¿¿¿¿¿¿¿¿¿¿¿¿¿,¿¿¿¿¿¿¿¿¿¿¿¿¿¿¿¿¿¿¿¿¿¿¿¿¿¿,403993.336
2558,8,เงินกองทุนวิจัยวิทยาเขต,ภายใน,¿¿¿¿¿¿¿¿¿¿¿¿¿¿¿,¿¿¿¿¿¿¿¿¿¿¿¿¿¿¿¿¿¿¿¿¿¿¿¿¿¿¿¿,20833.33
2558,8,เงินกองทุนวิจัยวิทยาเขต,ภายใน,¿¿¿¿¿¿¿¿¿¿¿¿¿¿¿¿¿¿¿¿,¿¿¿¿¿¿¿¿¿¿¿¿¿¿¿¿¿ ¿¿¿¿¿¿¿¿¿¿¿¿¿¿¿¿¿¿¿¿,112640.0
2558,8,เงินกองทุนวิจัยวิทยาเขต,ภายใน,¿¿¿¿¿¿¿¿¿¿¿¿¿¿¿¿¿¿¿¿,¿¿¿¿¿¿¿¿¿¿¿¿¿¿¿¿¿¿¿¿¿¿¿¿¿¿¿¿¿¿,114141.654
2558,8,เงินกองทุนวิจัยวิทยาเขต,ภายใน,¿¿¿¿¿¿¿¿¿¿¿¿¿¿¿¿¿¿¿¿,¿¿¿¿¿¿¿¿¿¿¿¿¿¿¿¿¿¿¿¿¿¿¿¿¿¿¿¿¿¿¿¿¿¿¿¿,1185351.526
2558,9,เงินรายได้วิทยาเขต,ภายใน,¿¿¿¿¿¿¿¿¿¿¿¿,¿¿¿¿¿¿¿¿¿¿¿¿¿¿¿¿¿¿¿¿¿¿¿¿¿¿¿,115875.0
2558,9,เงินรายได้วิทยาเขต,ภายใน,¿¿¿¿¿¿¿¿¿¿¿¿¿¿¿,¿¿¿¿¿¿¿¿¿¿¿¿¿¿,50063.0
2558,9,เงินรายได้วิทยาเขต,ภายใน,¿¿¿¿¿¿¿¿¿¿¿¿¿¿¿,¿¿¿¿¿¿¿¿¿¿¿¿¿¿¿¿¿¿¿¿¿¿¿¿¿¿,56675.0
2558,9,เงินรายได้วิทยาเขต,ภายใน,¿¿¿¿¿¿¿¿¿¿¿¿¿¿¿¿¿¿¿¿,¿¿¿¿¿¿¿¿¿¿¿¿¿¿¿¿¿¿¿¿¿¿¿¿¿¿¿¿¿¿¿¿¿¿¿¿,208666.0
2558,10,เงินอุดหนุนโครงการการพัฒนาความปลอดภัยและความมั่นคง,ภายนอก,¿¿¿¿¿¿¿¿¿¿¿¿¿¿¿,¿¿¿¿¿¿¿¿¿¿¿¿¿¿¿¿¿¿,400000.0
2558,11,ไม่ระบุ,,¿¿¿¿¿¿¿¿¿¿¿¿,¿¿¿¿¿¿¿¿¿¿¿¿¿¿¿¿¿¿¿¿¿¿¿¿¿¿¿,450000.0
2558,11,ไม่ระบุ,,¿¿¿¿¿¿¿¿¿¿¿¿¿¿,¿¿¿¿¿¿¿¿¿¿¿¿¿¿¿¿¿¿¿¿¿¿¿¿¿¿,61560.0
2558,11,ไม่ระบุ,,¿¿¿¿¿¿¿¿¿¿¿¿¿¿,¿¿¿¿¿¿¿¿¿¿¿¿¿¿¿¿¿¿¿¿¿¿¿¿¿¿¿¿,123120.0
2558,11,ไม่ระบุ,,¿¿¿¿¿¿¿¿¿¿¿¿¿¿¿,¿¿¿¿¿¿¿¿¿¿¿¿,277485.0
2558,11,ไม่ระบุ,,¿¿¿¿¿¿¿¿¿¿¿¿¿¿¿,¿¿¿¿¿¿¿¿¿¿¿¿¿,1795270.0
2558,11,ไม่ระบุ,,¿¿¿¿¿¿¿¿¿¿¿¿¿¿¿,¿¿¿¿¿¿¿¿¿¿¿¿¿¿,11181417.857142858
2558,11,ไม่ระบุ,,¿¿¿¿¿¿¿¿¿¿¿¿¿¿¿,¿¿¿¿¿¿¿¿¿¿¿¿¿¿¿,1206591.827
2558,11,ไม่ระบุ,,¿¿¿¿¿¿¿¿¿¿¿¿¿¿¿,¿¿¿¿¿¿¿¿¿¿¿¿¿¿¿ ¿¿¿¿¿¿¿¿¿¿¿¿¿¿¿,2458.3330000000005
2558,11,ไม่ระบุ,,¿¿¿¿¿¿¿¿¿¿¿¿¿¿¿,¿¿¿¿¿¿¿¿¿¿¿¿¿¿¿¿,402580.0
2558,11,ไม่ระบุ,,¿¿¿¿¿¿¿¿¿¿¿¿¿¿¿,¿¿¿¿¿¿¿¿¿¿¿¿¿¿¿¿ ¿¿¿¿¿¿¿¿¿¿¿¿¿¿¿,150000.0
2558,11,ไม่ระบุ,,¿¿¿¿¿¿¿¿¿¿¿¿¿¿¿,¿¿¿¿¿¿¿¿¿¿¿¿¿¿¿¿¿,10342009.285714287
2558,11,ไม่ระบุ,,¿¿¿¿¿¿¿¿¿¿¿¿¿¿¿,¿¿¿¿¿¿¿¿¿¿¿¿¿¿¿¿¿ ¿¿¿¿¿¿¿¿¿¿¿¿¿¿¿,67625.0
2558,11,ไม่ระบุ,,¿¿¿¿¿¿¿¿¿¿¿¿¿¿¿,¿¿¿¿¿¿¿¿¿¿¿¿¿¿¿¿¿¿,4420517.857142857
2558,11,ไม่ระบุ,,¿¿¿¿¿¿¿¿¿¿¿¿¿¿¿,¿¿¿¿¿¿¿¿¿¿¿¿¿¿¿¿¿¿¿,1712950.0
2558,11,ไม่ระบุ,,¿¿¿¿¿¿¿¿¿¿¿¿¿¿¿,¿¿¿¿¿¿¿¿¿¿¿¿¿¿¿¿¿¿¿¿¿¿¿,1372410.0
2558,11,ไม่ระบุ,,¿¿¿¿¿¿¿¿¿¿¿¿¿¿¿,¿¿¿¿¿¿¿¿¿¿¿¿¿¿¿¿¿¿¿¿¿¿¿¿¿¿,309285.0
2558,11,ไม่ระบุ,,¿¿¿¿¿¿¿¿¿¿¿¿¿¿¿,¿¿¿¿¿¿¿¿¿¿¿¿¿¿¿¿¿¿¿¿¿¿¿¿¿¿¿¿,315375.0
2558,11,ไม่ระบุ,,¿¿¿¿¿¿¿¿¿¿¿¿¿¿¿¿¿¿¿¿,¿¿¿¿¿¿¿¿¿¿¿¿¿¿¿¿¿ ¿¿¿¿¿¿¿¿¿¿¿¿¿¿¿¿¿¿¿¿,98600.0
2558,11,ไม่ระบุ,,¿¿¿¿¿¿¿¿¿¿¿¿¿¿¿¿¿¿¿¿,¿¿¿¿¿¿¿¿¿¿¿¿¿¿¿¿¿¿¿¿¿¿¿¿¿¿¿¿¿¿¿¿¿¿¿¿,1993100.0
2559,1,เงินงบประมาณแผ่นดิน   ,ภายนอก,¿¿¿¿¿¿¿¿¿¿¿¿,¿¿¿¿¿¿¿¿¿¿¿¿¿¿¿¿¿¿¿¿,500000.0
2559,1,เงินงบประมาณแผ่นดิน   ,ภายนอก,¿¿¿¿¿¿¿¿¿¿¿¿¿¿¿,¿¿¿¿¿¿¿¿¿¿¿ ¿¿¿¿¿¿¿¿¿¿¿¿¿¿¿¿¿¿¿¿¿¿¿¿,51275.0
2559,1,เงินงบประมาณแผ่นดิน   ,ภายนอก,¿¿¿¿¿¿¿¿¿¿¿¿¿¿¿,¿¿¿¿¿¿¿¿¿¿¿¿¿,129641.874
2559,1,เงินงบประมาณแผ่นดิน   ,ภายนอก,¿¿¿¿¿¿¿¿¿¿¿¿¿¿¿,¿¿¿¿¿¿¿¿¿¿¿¿¿¿,6749892.666000001
2559,1,เงินงบประมาณแผ่นดิน   ,ภายนอก,¿¿¿¿¿¿¿¿¿¿¿¿¿¿¿,¿¿¿¿¿¿¿¿¿¿¿¿¿¿¿¿¿,4582294.896000001
2559,1,เงินงบประมาณแผ่นดิน   ,ภายนอก,¿¿¿¿¿¿¿¿¿¿¿¿¿¿¿,¿¿¿¿¿¿¿¿¿¿¿¿¿¿¿¿¿ ¿¿¿¿¿¿¿¿¿¿¿¿¿¿¿,574750.0
2559,1,เงินงบประมาณแผ่นดิน   ,ภายนอก,¿¿¿¿¿¿¿¿¿¿¿¿¿¿¿,¿¿¿¿¿¿¿¿¿¿¿¿¿¿¿¿¿¿,5366601.680000001
2559,1,เงินงบประมาณแผ่นดิน   ,ภายนอก,¿¿¿¿¿¿¿¿¿¿¿¿¿¿¿,¿¿¿¿¿¿¿¿¿¿¿¿¿¿¿¿¿¿¿,1813809.0899999999
2559,1,เงินงบประมาณแผ่นดิน   ,ภายนอก,¿¿¿¿¿¿¿¿¿¿¿¿¿¿¿,¿¿¿¿¿¿¿¿¿¿¿¿¿¿¿¿¿¿¿¿¿¿¿¿¿¿,6976677.154999999
2559,1,เงินงบประมาณแผ่นดิน   ,ภายนอก,¿¿¿¿¿¿¿¿¿¿¿¿¿¿¿,¿¿¿¿¿¿¿¿¿¿¿¿¿¿¿¿¿¿¿¿¿¿¿¿¿¿¿¿,100000.0
2559,1,เงินงบประมาณแผ่นดิน   ,ภายนอก,¿¿¿¿¿¿¿¿¿¿¿¿¿¿¿¿¿¿¿¿,¿¿¿¿¿¿¿¿¿¿¿¿¿¿¿¿¿¿¿¿¿¿¿¿¿¿¿¿¿¿¿¿¿¿¿¿,4976740.234
2559,2,เงินกองทุนวิจัยมหาวิทยาลัย   ,ภายใน,¿¿¿¿¿¿¿¿¿¿¿¿,¿¿¿¿¿¿¿¿¿¿¿¿¿¿¿¿¿¿¿¿,67449.0
2559,2,เงินกองทุนวิจัยมหาวิทยาลัย   ,ภายใน,¿¿¿¿¿¿¿¿¿¿¿¿,¿¿¿¿¿¿¿¿¿¿¿¿¿¿¿¿¿¿¿¿¿¿¿¿¿¿¿,34891.33
2559,2,เงินกองทุนวิจัยมหาวิทยาลัย   ,ภายใน,¿¿¿¿¿¿¿¿¿¿¿¿¿¿,¿¿¿¿¿¿¿¿¿¿¿¿¿¿¿¿¿¿¿¿¿¿¿¿¿¿,150000.0
2559,2,เงินกองทุนวิจัยมหาวิทยาลัย   ,ภายใน,¿¿¿¿¿¿¿¿¿¿¿¿¿¿¿,¿¿¿¿¿¿¿¿¿¿¿¿¿,622282.0789999999
2559,2,เงินกองทุนวิจัยมหาวิทยาลัย   ,ภายใน,¿¿¿¿¿¿¿¿¿¿¿¿¿¿¿,¿¿¿¿¿¿¿¿¿¿¿¿¿¿,9173093.008
2559,2,เงินกองทุนวิจัยมหาวิทยาลัย   ,ภายใน,¿¿¿¿¿¿¿¿¿¿¿¿¿¿¿,¿¿¿¿¿¿¿¿¿¿¿¿¿¿¿,320353.0025
2559,2,เงินกองทุนวิจัยมหาวิทยาลัย   ,ภายใน,¿¿¿¿¿¿¿¿¿¿¿¿¿¿¿,¿¿¿¿¿¿¿¿¿¿¿¿¿¿¿ ¿¿¿¿¿¿¿¿¿¿¿¿¿¿¿,17333.333
2559,2,เงินกองทุนวิจัยมหาวิทยาลัย   ,ภายใน,¿¿¿¿¿¿¿¿¿¿¿¿¿¿¿,¿¿¿¿¿¿¿¿¿¿¿¿¿¿¿¿,280063.0
2559,2,เงินกองทุนวิจัยมหาวิทยาลัย   ,ภายใน,¿¿¿¿¿¿¿¿¿¿¿¿¿¿¿,¿¿¿¿¿¿¿¿¿¿¿¿¿¿¿¿ ¿¿¿¿¿¿¿¿¿¿¿¿¿¿¿,40000.0
2559,2,เงินกองทุนวิจัยมหาวิทยาลัย   ,ภายใน,¿¿¿¿¿¿¿¿¿¿¿¿¿¿¿,¿¿¿¿¿¿¿¿¿¿¿¿¿¿¿¿¿,3582390.7598181795
2559,2,เงินกองทุนวิจัยมหาวิทยาลัย   ,ภายใน,¿¿¿¿¿¿¿¿¿¿¿¿¿¿¿,¿¿¿¿¿¿¿¿¿¿¿¿¿¿¿¿¿¿,1411869.2490909095
2559,2,เงินกองทุนวิจัยมหาวิทยาลัย   ,ภายใน,¿¿¿¿¿¿¿¿¿¿¿¿¿¿¿,¿¿¿¿¿¿¿¿¿¿¿¿¿¿¿¿¿¿¿,1035733.846
2559,2,เงินกองทุนวิจัยมหาวิทยาลัย   ,ภายใน,¿¿¿¿¿¿¿¿¿¿¿¿¿¿¿,¿¿¿¿¿¿¿¿¿¿¿¿¿¿¿¿¿¿¿¿¿¿¿,75000.0
2559,2,เงินกองทุนวิจัยมหาวิทยาลัย   ,ภายใน,¿¿¿¿¿¿¿¿¿¿¿¿¿¿¿,¿¿¿¿¿¿¿¿¿¿¿¿¿¿¿¿¿¿¿¿¿¿¿¿¿¿,426115.664
2559,2,เงินกองทุนวิจัยมหาวิทยาลัย   ,ภายใน,¿¿¿¿¿¿¿¿¿¿¿¿¿¿¿,¿¿¿¿¿¿¿¿¿¿¿¿¿¿¿¿¿¿¿¿¿¿¿¿¿¿¿¿,42679.995
2559,2,เงินกองทุนวิจัยมหาวิทยาลัย   ,ภายใน,¿¿¿¿¿¿¿¿¿¿¿¿¿¿¿¿¿¿¿¿,¿¿¿¿¿¿¿¿¿¿¿¿¿¿¿¿¿ ¿¿¿¿¿¿¿¿¿¿¿¿¿¿¿¿¿¿¿¿,57469.4
2559,2,เงินกองทุนวิจัยมหาวิทยาลัย   ,ภายใน,¿¿¿¿¿¿¿¿¿¿¿¿¿¿¿¿¿¿¿¿,¿¿¿¿¿¿¿¿¿¿¿¿¿¿¿¿¿¿¿¿¿¿¿¿¿¿¿¿¿¿,71926.084
2559,2,เงินกองทุนวิจัยมหาวิทยาลัย   ,ภายใน,¿¿¿¿¿¿¿¿¿¿¿¿¿¿¿¿¿¿¿¿,¿¿¿¿¿¿¿¿¿¿¿¿¿¿¿¿¿¿¿¿¿¿¿¿¿¿¿¿¿¿¿¿¿¿¿¿,1102863.1859999998
2559,3,เงินจากแหล่งทุนภายนอก ในประเทศไทย,ภายนอก,¿¿¿¿¿¿¿¿¿¿¿¿,¿¿¿¿¿¿¿¿¿¿¿¿¿¿¿¿¿¿¿¿¿¿¿¿¿¿¿,1501902.3775
2559,3,เงินจากแหล่งทุนภายนอก ในประเทศไทย,ภายนอก,¿¿¿¿¿¿¿¿¿¿¿¿¿¿,¿¿¿¿¿¿¿¿¿¿¿¿¿¿¿¿¿¿¿¿¿¿,108225.0
2559,3,เงินจากแหล่งทุนภายนอก ในประเทศไทย,ภายนอก,¿¿¿¿¿¿¿¿¿¿¿¿¿¿,¿¿¿¿¿¿¿¿¿¿¿¿¿¿¿¿¿¿¿¿¿¿¿¿¿¿,1679725.25
2559,3,เงินจากแหล่งทุนภายนอก ในประเทศไทย,ภายนอก,¿¿¿¿¿¿¿¿¿¿¿¿¿¿,¿¿¿¿¿¿¿¿¿¿¿¿¿¿¿¿¿¿¿¿¿¿¿¿¿¿¿¿,365746.66599999997
2559,3,เงินจากแหล่งทุนภายนอก ในประเทศไทย,ภายนอก,¿¿¿¿¿¿¿¿¿¿¿¿¿¿¿,¿¿¿¿¿¿¿¿¿¿¿¿,1049677.61
2559,3,เงินจากแหล่งทุนภายนอก ในประเทศไทย,ภายนอก,¿¿¿¿¿¿¿¿¿¿¿¿¿¿¿,¿¿¿¿¿¿¿¿¿¿¿¿¿,76726704.54764101
2559,3,เงินจากแหล่งทุนภายนอก ในประเทศไทย,ภายนอก,¿¿¿¿¿¿¿¿¿¿¿¿¿¿¿,¿¿¿¿¿¿¿¿¿¿¿¿¿¿,25807912.184671782
2559,3,เงินจากแหล่งทุนภายนอก ในประเทศไทย,ภายนอก,¿¿¿¿¿¿¿¿¿¿¿¿¿¿¿,¿¿¿¿¿¿¿¿¿¿¿¿¿¿¿,4548128.3944
2559,3,เงินจากแหล่งทุนภายนอก ในประเทศไทย,ภายนอก,¿¿¿¿¿¿¿¿¿¿¿¿¿¿¿,¿¿¿¿¿¿¿¿¿¿¿¿¿¿¿ ¿¿¿¿¿¿¿¿¿¿¿¿¿¿¿,341000.0
2559,3,เงินจากแหล่งทุนภายนอก ในประเทศไทย,ภายนอก,¿¿¿¿¿¿¿¿¿¿¿¿¿¿¿,¿¿¿¿¿¿¿¿¿¿¿¿¿¿¿¿,1572169.6600000001
2559,3,เงินจากแหล่งทุนภายนอก ในประเทศไทย,ภายนอก,¿¿¿¿¿¿¿¿¿¿¿¿¿¿¿,¿¿¿¿¿¿¿¿¿¿¿¿¿¿¿¿ ¿¿¿¿¿¿¿¿¿¿¿¿¿¿¿,201458.33
2559,3,เงินจากแหล่งทุนภายนอก ในประเทศไทย,ภายนอก,¿¿¿¿¿¿¿¿¿¿¿¿¿¿¿,¿¿¿¿¿¿¿¿¿¿¿¿¿¿¿¿¿,21441651.401848942
2559,3,เงินจากแหล่งทุนภายนอก ในประเทศไทย,ภายนอก,¿¿¿¿¿¿¿¿¿¿¿¿¿¿¿,¿¿¿¿¿¿¿¿¿¿¿¿¿¿¿¿¿ ¿¿¿¿¿¿¿¿¿¿¿¿¿¿¿,478800.0
2559,3,เงินจากแหล่งทุนภายนอก ในประเทศไทย,ภายนอก,¿¿¿¿¿¿¿¿¿¿¿¿¿¿¿,¿¿¿¿¿¿¿¿¿¿¿¿¿¿¿¿¿ ¿¿¿¿¿¿¿¿¿¿¿¿¿¿¿¿¿¿¿¿¿¿¿¿,29090.908000000003
2559,3,เงินจากแหล่งทุนภายนอก ในประเทศไทย,ภายนอก,¿¿¿¿¿¿¿¿¿¿¿¿¿¿¿,¿¿¿¿¿¿¿¿¿¿¿¿¿¿¿¿¿¿,5174807.88201472
2559,3,เงินจากแหล่งทุนภายนอก ในประเทศไทย,ภายนอก,¿¿¿¿¿¿¿¿¿¿¿¿¿¿¿,¿¿¿¿¿¿¿¿¿¿¿¿¿¿¿¿¿¿¿,5587245.228999999
2559,3,เงินจากแหล่งทุนภายนอก ในประเทศไทย,ภายนอก,¿¿¿¿¿¿¿¿¿¿¿¿¿¿¿,¿¿¿¿¿¿¿¿¿¿¿¿¿¿¿¿¿¿¿¿¿¿¿,1956208.852
2559,3,เงินจากแหล่งทุนภายนอก ในประเทศไทย,ภายนอก,¿¿¿¿¿¿¿¿¿¿¿¿¿¿¿,¿¿¿¿¿¿¿¿¿¿¿¿¿¿¿¿¿¿¿¿¿¿¿¿¿¿,8429346.653666668
2559,3,เงินจากแหล่งทุนภายนอก ในประเทศไทย,ภายนอก,¿¿¿¿¿¿¿¿¿¿¿¿¿¿¿,¿¿¿¿¿¿¿¿¿¿¿¿¿¿¿¿¿¿¿¿¿¿¿¿¿¿¿¿,886608.3250000002
2559,3,เงินจากแหล่งทุนภายนอก ในประเทศไทย,ภายนอก,¿¿¿¿¿¿¿¿¿¿¿¿¿¿¿,¿¿¿¿¿¿¿¿¿¿¿¿¿¿¿¿¿¿¿¿¿¿¿¿¿¿¿¿¿¿¿,21000.000000000004
2559,3,เงินจากแหล่งทุนภายนอก ในประเทศไทย,ภายนอก,¿¿¿¿¿¿¿¿¿¿¿¿¿¿¿,¿¿¿¿¿¿¿¿¿¿¿¿¿¿¿¿¿¿¿¿¿¿¿¿¿¿¿¿¿¿¿ (¿¿¿¿.¿.¿.),1117716.67
2559,3,เงินจากแหล่งทุนภายนอก ในประเทศไทย,ภายนอก,¿¿¿¿¿¿¿¿¿¿¿¿¿¿¿¿¿¿¿¿,¿¿¿¿¿¿¿¿¿¿¿¿¿¿¿¿¿ ¿¿¿¿¿¿¿¿¿¿¿¿¿¿¿¿¿¿¿¿,52500.0
2559,3,เงินจากแหล่งทุนภายนอก ในประเทศไทย,ภายนอก,¿¿¿¿¿¿¿¿¿¿¿¿¿¿¿¿¿¿¿¿,¿¿¿¿¿¿¿¿¿¿¿¿¿¿¿¿¿¿¿¿¿¿¿¿¿¿¿¿¿¿,2667835.4745
2559,3,เงินจากแหล่งทุนภายนอก ในประเทศไทย,ภายนอก,¿¿¿¿¿¿¿¿¿¿¿¿¿¿¿¿¿¿¿¿,¿¿¿¿¿¿¿¿¿¿¿¿¿¿¿¿¿¿¿¿¿¿¿¿¿¿¿¿¿¿¿¿¿¿¿¿,4136269.6075
2559,4,เงินจากแหล่งทุนภายนอก ต่างประเทศ,ภายนอก,¿¿¿¿¿¿¿¿¿¿¿¿¿¿¿,¿¿¿¿¿¿¿¿¿¿¿¿¿,16268535.184000002
2559,4,เงินจากแหล่งทุนภายนอก ต่างประเทศ,ภายนอก,¿¿¿¿¿¿¿¿¿¿¿¿¿¿¿,¿¿¿¿¿¿¿¿¿¿¿¿¿¿,809335.99
2559,4,เงินจากแหล่งทุนภายนอก ต่างประเทศ,ภายนอก,¿¿¿¿¿¿¿¿¿¿¿¿¿¿¿,¿¿¿¿¿¿¿¿¿¿¿¿¿¿¿¿¿¿¿¿¿¿¿¿¿¿¿¿,50000.0
2559,6,เงินรายได้คณะ (เงินรายได้),ภายใน,¿¿¿¿¿¿¿¿¿¿¿¿¿¿,¿¿¿¿¿¿¿¿¿¿¿¿¿,20000.0
2559,6,เงินรายได้คณะ (เงินรายได้),ภายใน,¿¿¿¿¿¿¿¿¿¿¿¿¿¿,¿¿¿¿¿¿¿¿¿¿¿¿¿¿¿¿¿¿¿¿¿¿¿¿¿¿,183325.33000000002
2559,6,เงินรายได้คณะ (เงินรายได้),ภายใน,¿¿¿¿¿¿¿¿¿¿¿¿¿¿¿,¿¿¿¿¿¿¿¿¿¿¿¿¿,631500.0
2559,6,เงินรายได้คณะ (เงินรายได้),ภายใน,¿¿¿¿¿¿¿¿¿¿¿¿¿¿¿,¿¿¿¿¿¿¿¿¿¿¿¿¿¿,540681.778
2559,6,เงินรายได้คณะ (เงินรายได้),ภายใน,¿¿¿¿¿¿¿¿¿¿¿¿¿¿¿,¿¿¿¿¿¿¿¿¿¿¿¿¿¿¿¿ ¿¿¿¿¿¿¿¿¿¿¿¿¿¿¿,40000.0
2559,6,เงินรายได้คณะ (เงินรายได้),ภายใน,¿¿¿¿¿¿¿¿¿¿¿¿¿¿¿,¿¿¿¿¿¿¿¿¿¿¿¿¿¿¿¿¿¿¿¿¿¿¿¿¿¿,1234167.0
2559,7,เงินรายได้คณะ (กองทุนวิจัย),ภายใน,¿¿¿¿¿¿¿¿¿¿¿¿¿¿,¿¿¿¿¿¿¿¿¿¿¿¿¿,122633.66
2559,7,เงินรายได้คณะ (กองทุนวิจัย),ภายใน,¿¿¿¿¿¿¿¿¿¿¿¿¿¿,¿¿¿¿¿¿¿¿¿¿¿¿¿¿¿¿¿¿¿¿¿¿,1831096.3099999998
2559,7,เงินรายได้คณะ (กองทุนวิจัย),ภายใน,¿¿¿¿¿¿¿¿¿¿¿¿¿¿,¿¿¿¿¿¿¿¿¿¿¿¿¿¿¿¿¿¿¿¿¿¿¿¿¿¿,1214106.67
2559,7,เงินรายได้คณะ (กองทุนวิจัย),ภายใน,¿¿¿¿¿¿¿¿¿¿¿¿¿¿,¿¿¿¿¿¿¿¿¿¿¿¿¿¿¿¿¿¿¿¿¿¿¿¿¿¿¿¿,19316.0
2559,7,เงินรายได้คณะ (กองทุนวิจัย),ภายใน,¿¿¿¿¿¿¿¿¿¿¿¿¿¿¿,¿¿¿¿¿¿¿¿¿¿¿¿¿,10639167.385000002
2559,7,เงินรายได้คณะ (กองทุนวิจัย),ภายใน,¿¿¿¿¿¿¿¿¿¿¿¿¿¿¿,¿¿¿¿¿¿¿¿¿¿¿¿¿¿,4056733.6
2559,7,เงินรายได้คณะ (กองทุนวิจัย),ภายใน,¿¿¿¿¿¿¿¿¿¿¿¿¿¿¿,¿¿¿¿¿¿¿¿¿¿¿¿¿¿¿¿¿,1079582.145
2559,7,เงินรายได้คณะ (กองทุนวิจัย),ภายใน,¿¿¿¿¿¿¿¿¿¿¿¿¿¿¿,¿¿¿¿¿¿¿¿¿¿¿¿¿¿¿¿¿¿,158333.35
2559,7,เงินรายได้คณะ (กองทุนวิจัย),ภายใน,¿¿¿¿¿¿¿¿¿¿¿¿¿¿¿,¿¿¿¿¿¿¿¿¿¿¿¿¿¿¿¿¿¿¿,358731.53
2559,7,เงินรายได้คณะ (กองทุนวิจัย),ภายใน,¿¿¿¿¿¿¿¿¿¿¿¿¿¿¿,¿¿¿¿¿¿¿¿¿¿¿¿¿¿¿¿¿¿¿¿¿¿¿,75000.0
2559,7,เงินรายได้คณะ (กองทุนวิจัย),ภายใน,¿¿¿¿¿¿¿¿¿¿¿¿¿¿¿,¿¿¿¿¿¿¿¿¿¿¿¿¿¿¿¿¿¿¿¿¿¿¿¿¿¿,512124.67
2559,7,เงินรายได้คณะ (กองทุนวิจัย),ภายใน,¿¿¿¿¿¿¿¿¿¿¿¿¿¿¿,¿¿¿¿¿¿¿¿¿¿¿¿¿¿¿¿¿¿¿¿¿¿¿¿¿¿¿¿,135263.325
2559,7,เงินรายได้คณะ (กองทุนวิจัย),ภายใน,¿¿¿¿¿¿¿¿¿¿¿¿¿¿¿¿¿¿¿¿,¿¿¿¿¿¿¿¿¿¿¿¿¿¿¿¿¿¿¿¿¿¿¿¿¿¿¿¿¿¿¿¿¿¿¿¿,135000.0
2559,8,เงินกองทุนวิจัยวิทยาเขต,ภายใน,¿¿¿¿¿¿¿¿¿¿¿¿,¿¿¿¿¿¿¿¿¿¿¿¿¿¿¿¿¿ ¿¿¿¿¿¿¿¿¿¿¿¿,10350.0
2559,8,เงินกองทุนวิจัยวิทยาเขต,ภายใน,¿¿¿¿¿¿¿¿¿¿¿¿,¿¿¿¿¿¿¿¿¿¿¿¿¿¿¿¿¿¿¿¿,58250.0
2559,8,เงินกองทุนวิจัยวิทยาเขต,ภายใน,¿¿¿¿¿¿¿¿¿¿¿¿,¿¿¿¿¿¿¿¿¿¿¿¿¿¿¿¿¿¿¿¿¿¿¿¿¿¿¿,99002.83
2559,8,เงินกองทุนวิจัยวิทยาเขต,ภายใน,¿¿¿¿¿¿¿¿¿¿¿¿¿¿¿,¿¿¿¿¿¿¿¿¿¿¿¿,30000.0
2559,8,เงินกองทุนวิจัยวิทยาเขต,ภายใน,¿¿¿¿¿¿¿¿¿¿¿¿¿¿¿,¿¿¿¿¿¿¿¿¿¿¿¿¿¿,231579.3
2559,8,เงินกองทุนวิจัยวิทยาเขต,ภายใน,¿¿¿¿¿¿¿¿¿¿¿¿¿¿¿,¿¿¿¿¿¿¿¿¿¿¿¿¿¿¿¿¿¿¿¿¿¿¿¿¿¿,547049.324
2559,8,เงินกองทุนวิจัยวิทยาเขต,ภายใน,¿¿¿¿¿¿¿¿¿¿¿¿¿¿¿,¿¿¿¿¿¿¿¿¿¿¿¿¿¿¿¿¿¿¿¿¿¿¿¿¿¿¿¿,175000.0
2559,8,เงินกองทุนวิจัยวิทยาเขต,ภายใน,¿¿¿¿¿¿¿¿¿¿¿¿¿¿¿¿¿¿¿¿,¿¿¿¿¿¿¿¿¿¿¿¿¿¿¿¿¿ ¿¿¿¿¿¿¿¿¿¿¿¿¿¿¿¿¿¿¿¿,32293.33
2559,8,เงินกองทุนวิจัยวิทยาเขต,ภายใน,¿¿¿¿¿¿¿¿¿¿¿¿¿¿¿¿¿¿¿¿,¿¿¿¿¿¿¿¿¿¿¿¿¿¿¿¿¿¿¿¿¿¿¿¿¿¿¿¿¿¿,100633.334
2559,8,เงินกองทุนวิจัยวิทยาเขต,ภายใน,¿¿¿¿¿¿¿¿¿¿¿¿¿¿¿¿¿¿¿¿,¿¿¿¿¿¿¿¿¿¿¿¿¿¿¿¿¿¿¿¿¿¿¿¿¿¿¿¿¿¿¿¿¿¿¿¿,1269992.8960000002
2559,9,เงินรายได้วิทยาเขต,ภายใน,¿¿¿¿¿¿¿¿¿¿¿¿,¿¿¿¿¿¿¿¿¿¿¿¿¿¿¿¿¿¿¿¿¿¿¿¿¿¿¿,96562.0
2559,9,เงินรายได้วิทยาเขต,ภายใน,¿¿¿¿¿¿¿¿¿¿¿¿¿¿¿,¿¿¿¿¿¿¿¿¿¿¿¿¿¿,41719.0
2559,9,เงินรายได้วิทยาเขต,ภายใน,¿¿¿¿¿¿¿¿¿¿¿¿¿¿¿,¿¿¿¿¿¿¿¿¿¿¿¿¿¿¿¿¿¿¿¿¿¿¿¿¿¿,47229.0
2559,9,เงินรายได้วิทยาเขต,ภายใน,¿¿¿¿¿¿¿¿¿¿¿¿¿¿¿¿¿¿¿¿,¿¿¿¿¿¿¿¿¿¿¿¿¿¿¿¿¿¿¿¿¿¿¿¿¿¿¿¿¿¿¿¿¿¿¿¿,137500.0
2559,10,เงินอุดหนุนโครงการการพัฒนาความปลอดภัยและความมั่นคง,ภายนอก,¿¿¿¿¿¿¿¿¿¿¿¿¿¿¿,¿¿¿¿¿¿¿¿¿¿¿¿¿¿,70000.0
2559,10,เงินอุดหนุนโครงการการพัฒนาความปลอดภัยและความมั่นคง,ภายนอก,¿¿¿¿¿¿¿¿¿¿¿¿¿¿¿,¿¿¿¿¿¿¿¿¿¿¿¿¿¿¿¿¿,135000.0
2559,10,เงินอุดหนุนโครงการการพัฒนาความปลอดภัยและความมั่นคง,ภายนอก,¿¿¿¿¿¿¿¿¿¿¿¿¿¿¿,¿¿¿¿¿¿¿¿¿¿¿¿¿¿¿¿¿¿,3139639.98
2559,10,เงินอุดหนุนโครงการการพัฒนาความปลอดภัยและความมั่นคง,ภายนอก,¿¿¿¿¿¿¿¿¿¿¿¿¿¿¿,¿¿¿¿¿¿¿¿¿¿¿¿¿¿¿¿¿¿¿,248400.59
2559,10,เงินอุดหนุนโครงการการพัฒนาความปลอดภัยและความมั่นคง,ภายนอก,¿¿¿¿¿¿¿¿¿¿¿¿¿¿¿,¿¿¿¿¿¿¿¿¿¿¿¿¿¿¿¿¿¿¿¿¿¿¿,80000.0
2559,10,เงินอุดหนุนโครงการการพัฒนาความปลอดภัยและความมั่นคง,ภายนอก,¿¿¿¿¿¿¿¿¿¿¿¿¿¿¿,¿¿¿¿¿¿¿¿¿¿¿¿¿¿¿¿¿¿¿¿¿¿¿¿¿¿,129581.0
2559,10,เงินอุดหนุนโครงการการพัฒนาความปลอดภัยและความมั่นคง,ภายนอก,¿¿¿¿¿¿¿¿¿¿¿¿¿¿¿¿¿¿¿¿,¿¿¿¿¿¿¿¿¿¿¿¿¿¿¿¿¿¿¿¿¿¿¿¿¿¿¿¿¿¿¿¿¿¿¿¿,100000.0
2559,11,ไม่ระบุ,,¿¿¿¿¿¿¿¿¿¿¿¿¿¿,¿¿¿¿¿¿¿¿¿¿¿¿¿¿¿¿¿¿¿¿¿¿¿¿¿¿,88920.0
2559,11,ไม่ระบุ,,¿¿¿¿¿¿¿¿¿¿¿¿¿¿¿,¿¿¿¿¿¿¿¿¿¿¿¿¿,962250.0
2559,11,ไม่ระบุ,,¿¿¿¿¿¿¿¿¿¿¿¿¿¿¿,¿¿¿¿¿¿¿¿¿¿¿¿¿¿,9212702.857142858
2559,11,ไม่ระบุ,,¿¿¿¿¿¿¿¿¿¿¿¿¿¿¿,¿¿¿¿¿¿¿¿¿¿¿¿¿¿¿,528836.8530000001
2559,11,ไม่ระบุ,,¿¿¿¿¿¿¿¿¿¿¿¿¿¿¿,¿¿¿¿¿¿¿¿¿¿¿¿¿¿¿ ¿¿¿¿¿¿¿¿¿¿¿¿¿¿¿,3441.667
2559,11,ไม่ระบุ,,¿¿¿¿¿¿¿¿¿¿¿¿¿¿¿,¿¿¿¿¿¿¿¿¿¿¿¿¿¿¿¿,555600.0
2559,11,ไม่ระบุ,,¿¿¿¿¿¿¿¿¿¿¿¿¿¿¿,¿¿¿¿¿¿¿¿¿¿¿¿¿¿¿¿ ¿¿¿¿¿¿¿¿¿¿¿¿¿¿¿,151750.0
2559,11,ไม่ระบุ,,¿¿¿¿¿¿¿¿¿¿¿¿¿¿¿,¿¿¿¿¿¿¿¿¿¿¿¿¿¿¿¿¿,5737785.285714285
2559,11,ไม่ระบุ,,¿¿¿¿¿¿¿¿¿¿¿¿¿¿¿,¿¿¿¿¿¿¿¿¿¿¿¿¿¿¿¿¿¿,6803252.857142857
2559,11,ไม่ระบุ,,¿¿¿¿¿¿¿¿¿¿¿¿¿¿¿,¿¿¿¿¿¿¿¿¿¿¿¿¿¿¿¿¿¿¿,1562700.0
2559,11,ไม่ระบุ,,¿¿¿¿¿¿¿¿¿¿¿¿¿¿¿,¿¿¿¿¿¿¿¿¿¿¿¿¿¿¿¿¿¿¿¿¿¿¿,526800.0
2559,11,ไม่ระบุ,,¿¿¿¿¿¿¿¿¿¿¿¿¿¿¿,¿¿¿¿¿¿¿¿¿¿¿¿¿¿¿¿¿¿¿¿¿¿¿¿¿¿,2979505.0
2559,11,ไม่ระบุ,,¿¿¿¿¿¿¿¿¿¿¿¿¿¿¿,¿¿¿¿¿¿¿¿¿¿¿¿¿¿¿¿¿¿¿¿¿¿¿¿¿¿¿¿,841066.659
2559,11,ไม่ระบุ,,¿¿¿¿¿¿¿¿¿¿¿¿¿¿¿¿¿¿¿¿,¿¿¿¿¿¿¿¿¿¿¿¿¿¿¿¿¿ ¿¿¿¿¿¿¿¿¿¿¿¿¿¿¿¿¿¿¿¿,98600.0
2559,11,ไม่ระบุ,,¿¿¿¿¿¿¿¿¿¿¿¿¿¿¿¿¿¿¿¿,¿¿¿¿¿¿¿¿¿¿¿¿¿¿¿¿¿¿¿¿¿¿¿¿¿¿¿¿¿¿¿¿¿¿¿¿,2581690.0
2560,1,เงินงบประมาณแผ่นดิน   ,ภายนอก,¿¿¿¿¿¿¿¿¿¿¿¿,¿¿¿¿¿¿¿¿¿¿¿¿¿¿¿¿¿¿¿¿,500000.0
2560,1,เงินงบประมาณแผ่นดิน   ,ภายนอก,¿¿¿¿¿¿¿¿¿¿¿¿¿¿,¿¿¿¿¿¿¿¿¿¿¿¿¿,25000.0
2560,1,เงินงบประมาณแผ่นดิน   ,ภายนอก,¿¿¿¿¿¿¿¿¿¿¿¿¿¿,¿¿¿¿¿¿¿¿¿¿¿¿¿¿¿¿¿¿¿,100000.0
2560,1,เงินงบประมาณแผ่นดิน   ,ภายนอก,¿¿¿¿¿¿¿¿¿¿¿¿¿¿,¿¿¿¿¿¿¿¿¿¿¿¿¿¿¿¿¿¿¿¿¿¿,50000.0
2560,1,เงินงบประมาณแผ่นดิน   ,ภายนอก,¿¿¿¿¿¿¿¿¿¿¿¿¿¿,¿¿¿¿¿¿¿¿¿¿¿¿¿¿¿¿¿¿¿¿¿¿¿¿¿¿,2582300.0
2560,1,เงินงบประมาณแผ่นดิน   ,ภายนอก,¿¿¿¿¿¿¿¿¿¿¿¿¿¿,¿¿¿¿¿¿¿¿¿¿¿¿¿¿¿¿¿¿¿¿¿¿¿¿¿¿¿¿,1357600.0
2560,1,เงินงบประมาณแผ่นดิน   ,ภายนอก,¿¿¿¿¿¿¿¿¿¿¿¿¿¿¿,¿¿¿¿¿¿¿¿¿¿¿ ¿¿¿¿¿¿¿¿¿¿¿¿¿¿¿¿¿¿¿¿¿¿¿¿,59645.334
2560,1,เงินงบประมาณแผ่นดิน   ,ภายนอก,¿¿¿¿¿¿¿¿¿¿¿¿¿¿¿,¿¿¿¿¿¿¿¿¿¿¿¿¿,407967.85000000003
2560,1,เงินงบประมาณแผ่นดิน   ,ภายนอก,¿¿¿¿¿¿¿¿¿¿¿¿¿¿¿,¿¿¿¿¿¿¿¿¿¿¿¿¿¿,12973569.349999996
2560,1,เงินงบประมาณแผ่นดิน   ,ภายนอก,¿¿¿¿¿¿¿¿¿¿¿¿¿¿¿,¿¿¿¿¿¿¿¿¿¿¿¿¿¿¿,397653.19999999995
2560,1,เงินงบประมาณแผ่นดิน   ,ภายนอก,¿¿¿¿¿¿¿¿¿¿¿¿¿¿¿,¿¿¿¿¿¿¿¿¿¿¿¿¿¿¿ ¿¿¿¿¿¿¿¿¿¿¿¿¿¿¿,75800.0
2560,1,เงินงบประมาณแผ่นดิน   ,ภายนอก,¿¿¿¿¿¿¿¿¿¿¿¿¿¿¿,¿¿¿¿¿¿¿¿¿¿¿¿¿¿¿¿¿,20767650.799999993
2560,1,เงินงบประมาณแผ่นดิน   ,ภายนอก,¿¿¿¿¿¿¿¿¿¿¿¿¿¿¿,¿¿¿¿¿¿¿¿¿¿¿¿¿¿¿¿¿¿,24037036.066
2560,1,เงินงบประมาณแผ่นดิน   ,ภายนอก,¿¿¿¿¿¿¿¿¿¿¿¿¿¿¿,¿¿¿¿¿¿¿¿¿¿¿¿¿¿¿¿¿¿¿,6309269.529000001
2560,1,เงินงบประมาณแผ่นดิน   ,ภายนอก,¿¿¿¿¿¿¿¿¿¿¿¿¿¿¿,¿¿¿¿¿¿¿¿¿¿¿¿¿¿¿¿¿¿¿¿¿¿¿,132121.208
2560,1,เงินงบประมาณแผ่นดิน   ,ภายนอก,¿¿¿¿¿¿¿¿¿¿¿¿¿¿¿,¿¿¿¿¿¿¿¿¿¿¿¿¿¿¿¿¿¿¿¿¿¿¿¿¿¿,3438154.189
2560,1,เงินงบประมาณแผ่นดิน   ,ภายนอก,¿¿¿¿¿¿¿¿¿¿¿¿¿¿¿,¿¿¿¿¿¿¿¿¿¿¿¿¿¿¿¿¿¿¿¿¿¿¿¿¿¿¿¿,442850.00200000004
2560,1,เงินงบประมาณแผ่นดิน   ,ภายนอก,¿¿¿¿¿¿¿¿¿¿¿¿¿¿¿,¿¿¿¿¿¿¿¿¿¿¿¿¿¿¿¿¿¿¿¿¿¿¿¿¿¿¿¿¿,28131.0
2560,1,เงินงบประมาณแผ่นดิน   ,ภายนอก,¿¿¿¿¿¿¿¿¿¿¿¿¿¿¿¿¿¿¿¿,¿¿¿¿¿¿¿¿¿¿¿¿¿¿¿¿¿¿¿¿¿¿¿¿¿¿¿¿¿¿,301850.0
2560,1,เงินงบประมาณแผ่นดิน   ,ภายนอก,¿¿¿¿¿¿¿¿¿¿¿¿¿¿¿¿¿¿¿¿,¿¿¿¿¿¿¿¿¿¿¿¿¿¿¿¿¿¿¿¿¿¿¿¿¿¿¿¿¿¿¿¿¿¿¿¿,5966441.954000001
2560,2,เงินกองทุนวิจัยมหาวิทยาลัย   ,ภายใน,¿¿¿¿¿¿¿¿¿¿¿¿,¿¿¿¿¿¿¿¿¿¿¿¿¿¿¿¿¿¿¿¿,67449.0
2560,2,เงินกองทุนวิจัยมหาวิทยาลัย   ,ภายใน,¿¿¿¿¿¿¿¿¿¿¿¿,¿¿¿¿¿¿¿¿¿¿¿¿¿¿¿¿¿¿¿¿¿¿¿¿¿¿¿,29736.67
2560,2,เงินกองทุนวิจัยมหาวิทยาลัย   ,ภายใน,¿¿¿¿¿¿¿¿¿¿¿¿¿¿,¿¿¿¿¿¿¿¿¿¿¿¿¿¿¿¿¿¿¿¿¿¿¿¿¿¿,74375.001
2560,2,เงินกองทุนวิจัยมหาวิทยาลัย   ,ภายใน,¿¿¿¿¿¿¿¿¿¿¿¿¿¿¿,¿¿¿¿¿¿¿¿¿¿¿¿¿,1367206.348
2560,2,เงินกองทุนวิจัยมหาวิทยาลัย   ,ภายใน,¿¿¿¿¿¿¿¿¿¿¿¿¿¿¿,¿¿¿¿¿¿¿¿¿¿¿¿¿¿,9023903.6015
2560,2,เงินกองทุนวิจัยมหาวิทยาลัย   ,ภายใน,¿¿¿¿¿¿¿¿¿¿¿¿¿¿¿,¿¿¿¿¿¿¿¿¿¿¿¿¿¿¿,232143.22600000002
2560,2,เงินกองทุนวิจัยมหาวิทยาลัย   ,ภายใน,¿¿¿¿¿¿¿¿¿¿¿¿¿¿¿,¿¿¿¿¿¿¿¿¿¿¿¿¿¿¿ ¿¿¿¿¿¿¿¿¿¿¿¿¿¿¿,8666.667
2560,2,เงินกองทุนวิจัยมหาวิทยาลัย   ,ภายใน,¿¿¿¿¿¿¿¿¿¿¿¿¿¿¿,¿¿¿¿¿¿¿¿¿¿¿¿¿¿¿¿¿,3923152.604727274
2560,2,เงินกองทุนวิจัยมหาวิทยาลัย   ,ภายใน,¿¿¿¿¿¿¿¿¿¿¿¿¿¿¿,¿¿¿¿¿¿¿¿¿¿¿¿¿¿¿¿¿¿,1828806.3106363635
2560,2,เงินกองทุนวิจัยมหาวิทยาลัย   ,ภายใน,¿¿¿¿¿¿¿¿¿¿¿¿¿¿¿,¿¿¿¿¿¿¿¿¿¿¿¿¿¿¿¿¿¿¿,1064286.2519999999
2560,2,เงินกองทุนวิจัยมหาวิทยาลัย   ,ภายใน,¿¿¿¿¿¿¿¿¿¿¿¿¿¿¿,¿¿¿¿¿¿¿¿¿¿¿¿¿¿¿¿¿¿¿¿¿¿¿,56250.0
2560,2,เงินกองทุนวิจัยมหาวิทยาลัย   ,ภายใน,¿¿¿¿¿¿¿¿¿¿¿¿¿¿¿,¿¿¿¿¿¿¿¿¿¿¿¿¿¿¿¿¿¿¿¿¿¿¿¿¿¿,222250.001
2560,2,เงินกองทุนวิจัยมหาวิทยาลัย   ,ภายใน,¿¿¿¿¿¿¿¿¿¿¿¿¿¿¿,¿¿¿¿¿¿¿¿¿¿¿¿¿¿¿¿¿¿¿¿¿¿¿¿¿¿¿¿,132277.49
2560,2,เงินกองทุนวิจัยมหาวิทยาลัย   ,ภายใน,¿¿¿¿¿¿¿¿¿¿¿¿¿¿¿¿¿¿¿¿,¿¿¿¿¿¿¿¿¿¿¿¿¿¿¿¿¿ ¿¿¿¿¿¿¿¿¿¿¿¿¿¿¿¿¿¿¿¿,1666.667
2560,2,เงินกองทุนวิจัยมหาวิทยาลัย   ,ภายใน,¿¿¿¿¿¿¿¿¿¿¿¿¿¿¿¿¿¿¿¿,¿¿¿¿¿¿¿¿¿¿¿¿¿¿¿¿¿¿¿¿¿¿¿¿¿¿¿¿¿¿,54723.1685
2560,2,เงินกองทุนวิจัยมหาวิทยาลัย   ,ภายใน,¿¿¿¿¿¿¿¿¿¿¿¿¿¿¿¿¿¿¿¿,¿¿¿¿¿¿¿¿¿¿¿¿¿¿¿¿¿¿¿¿¿¿¿¿¿¿¿¿¿¿¿¿¿¿¿¿,1269727.382
2560,3,เงินจากแหล่งทุนภายนอก ในประเทศไทย,ภายนอก,¿¿¿¿¿¿¿¿¿¿¿¿,¿¿¿¿¿¿¿¿¿¿¿¿¿¿¿¿¿¿¿¿,54999.998999999996
2560,3,เงินจากแหล่งทุนภายนอก ในประเทศไทย,ภายนอก,¿¿¿¿¿¿¿¿¿¿¿¿,¿¿¿¿¿¿¿¿¿¿¿¿¿¿¿¿¿¿¿¿¿¿¿¿¿¿¿,1059691.3185
2560,3,เงินจากแหล่งทุนภายนอก ในประเทศไทย,ภายนอก,¿¿¿¿¿¿¿¿¿¿¿¿¿¿,¿¿¿¿¿¿¿¿¿¿¿¿¿¿¿¿¿¿¿¿¿¿,828768.33
2560,3,เงินจากแหล่งทุนภายนอก ในประเทศไทย,ภายนอก,¿¿¿¿¿¿¿¿¿¿¿¿¿¿,¿¿¿¿¿¿¿¿¿¿¿¿¿¿¿¿¿¿¿¿¿¿¿¿¿¿,639530.75
2560,3,เงินจากแหล่งทุนภายนอก ในประเทศไทย,ภายนอก,¿¿¿¿¿¿¿¿¿¿¿¿¿¿,¿¿¿¿¿¿¿¿¿¿¿¿¿¿¿¿¿¿¿¿¿¿¿¿¿¿¿¿,840959.998
2560,3,เงินจากแหล่งทุนภายนอก ในประเทศไทย,ภายนอก,¿¿¿¿¿¿¿¿¿¿¿¿¿¿¿,¿¿¿¿¿¿¿¿¿¿¿¿,2406543.365
2560,3,เงินจากแหล่งทุนภายนอก ในประเทศไทย,ภายนอก,¿¿¿¿¿¿¿¿¿¿¿¿¿¿¿,¿¿¿¿¿¿¿¿¿¿¿¿¿,51377773.32330769
2560,3,เงินจากแหล่งทุนภายนอก ในประเทศไทย,ภายนอก,¿¿¿¿¿¿¿¿¿¿¿¿¿¿¿,¿¿¿¿¿¿¿¿¿¿¿¿¿¿,39927769.36373842
2560,3,เงินจากแหล่งทุนภายนอก ในประเทศไทย,ภายนอก,¿¿¿¿¿¿¿¿¿¿¿¿¿¿¿,¿¿¿¿¿¿¿¿¿¿¿¿¿¿¿,4176626.7838000003
2560,3,เงินจากแหล่งทุนภายนอก ในประเทศไทย,ภายนอก,¿¿¿¿¿¿¿¿¿¿¿¿¿¿¿,¿¿¿¿¿¿¿¿¿¿¿¿¿¿¿ ¿¿¿¿¿¿¿¿¿¿¿¿¿¿¿,69222.22000000002
2560,3,เงินจากแหล่งทุนภายนอก ในประเทศไทย,ภายนอก,¿¿¿¿¿¿¿¿¿¿¿¿¿¿¿,¿¿¿¿¿¿¿¿¿¿¿¿¿¿¿¿,221871.11
2560,3,เงินจากแหล่งทุนภายนอก ในประเทศไทย,ภายนอก,¿¿¿¿¿¿¿¿¿¿¿¿¿¿¿,¿¿¿¿¿¿¿¿¿¿¿¿¿¿¿¿ ¿¿¿¿¿¿¿¿¿¿¿¿¿¿¿,291500.0
2560,3,เงินจากแหล่งทุนภายนอก ในประเทศไทย,ภายนอก,¿¿¿¿¿¿¿¿¿¿¿¿¿¿¿,¿¿¿¿¿¿¿¿¿¿¿¿¿¿¿¿¿,45853854.844258025
2560,3,เงินจากแหล่งทุนภายนอก ในประเทศไทย,ภายนอก,¿¿¿¿¿¿¿¿¿¿¿¿¿¿¿,¿¿¿¿¿¿¿¿¿¿¿¿¿¿¿¿¿ ¿¿¿¿¿¿¿¿¿¿¿¿¿¿¿,455000.0
2560,3,เงินจากแหล่งทุนภายนอก ในประเทศไทย,ภายนอก,¿¿¿¿¿¿¿¿¿¿¿¿¿¿¿,¿¿¿¿¿¿¿¿¿¿¿¿¿¿¿¿¿¿,12031254.536193507
2560,3,เงินจากแหล่งทุนภายนอก ในประเทศไทย,ภายนอก,¿¿¿¿¿¿¿¿¿¿¿¿¿¿¿,¿¿¿¿¿¿¿¿¿¿¿¿¿¿¿¿¿¿¿,18404922.946499996
2560,3,เงินจากแหล่งทุนภายนอก ในประเทศไทย,ภายนอก,¿¿¿¿¿¿¿¿¿¿¿¿¿¿¿,¿¿¿¿¿¿¿¿¿¿¿¿¿¿¿¿¿¿¿¿¿¿¿,4763121.5025
2560,3,เงินจากแหล่งทุนภายนอก ในประเทศไทย,ภายนอก,¿¿¿¿¿¿¿¿¿¿¿¿¿¿¿,¿¿¿¿¿¿¿¿¿¿¿¿¿¿¿¿¿¿¿¿¿¿¿¿¿¿,25227972.8491
2560,3,เงินจากแหล่งทุนภายนอก ในประเทศไทย,ภายนอก,¿¿¿¿¿¿¿¿¿¿¿¿¿¿¿,¿¿¿¿¿¿¿¿¿¿¿¿¿¿¿¿¿¿¿¿¿¿¿¿¿¿¿¿,5762931.7735
2560,3,เงินจากแหล่งทุนภายนอก ในประเทศไทย,ภายนอก,¿¿¿¿¿¿¿¿¿¿¿¿¿¿¿,¿¿¿¿¿¿¿¿¿¿¿¿¿¿¿¿¿¿¿¿¿¿¿¿¿¿¿¿¿¿¿,121300.0
2560,3,เงินจากแหล่งทุนภายนอก ในประเทศไทย,ภายนอก,¿¿¿¿¿¿¿¿¿¿¿¿¿¿¿,¿¿¿¿¿¿¿¿¿¿¿¿¿¿¿¿¿¿¿¿¿¿¿¿¿¿¿¿¿¿¿ (¿¿¿¿.¿.¿.),153333.3335
2560,3,เงินจากแหล่งทุนภายนอก ในประเทศไทย,ภายนอก,¿¿¿¿¿¿¿¿¿¿¿¿¿¿¿,¿¿¿¿¿¿¿¿¿¿¿¿¿¿¿¿¿¿¿¿¿¿¿¿¿¿¿¿¿¿¿¿¿¿¿,89500.0
2560,3,เงินจากแหล่งทุนภายนอก ในประเทศไทย,ภายนอก,¿¿¿¿¿¿¿¿¿¿¿¿¿¿¿¿¿¿¿¿,¿¿¿¿¿¿¿¿¿¿¿¿¿¿¿¿¿ ¿¿¿¿¿¿¿¿¿¿¿¿¿¿¿¿¿¿¿¿,92045.5
2560,3,เงินจากแหล่งทุนภายนอก ในประเทศไทย,ภายนอก,¿¿¿¿¿¿¿¿¿¿¿¿¿¿¿¿¿¿¿¿,¿¿¿¿¿¿¿¿¿¿¿¿¿¿¿¿¿¿¿¿¿¿¿¿¿¿¿¿¿¿,3867832.6794999996
2560,3,เงินจากแหล่งทุนภายนอก ในประเทศไทย,ภายนอก,¿¿¿¿¿¿¿¿¿¿¿¿¿¿¿¿¿¿¿¿,¿¿¿¿¿¿¿¿¿¿¿¿¿¿¿¿¿¿¿¿¿¿¿¿¿¿¿¿¿¿¿¿¿¿¿¿,8636591.0685
2560,4,เงินจากแหล่งทุนภายนอก ต่างประเทศ,ภายนอก,¿¿¿¿¿¿¿¿¿¿¿¿¿¿¿,¿¿¿¿¿¿¿¿¿¿¿¿,29166.67
2560,4,เงินจากแหล่งทุนภายนอก ต่างประเทศ,ภายนอก,¿¿¿¿¿¿¿¿¿¿¿¿¿¿¿,¿¿¿¿¿¿¿¿¿¿¿¿¿,10781508.184
2560,4,เงินจากแหล่งทุนภายนอก ต่างประเทศ,ภายนอก,¿¿¿¿¿¿¿¿¿¿¿¿¿¿¿,¿¿¿¿¿¿¿¿¿¿¿¿¿¿,809335.99
2560,4,เงินจากแหล่งทุนภายนอก ต่างประเทศ,ภายนอก,¿¿¿¿¿¿¿¿¿¿¿¿¿¿¿,¿¿¿¿¿¿¿¿¿¿¿¿¿¿¿¿¿,15987.5
2560,4,เงินจากแหล่งทุนภายนอก ต่างประเทศ,ภายนอก,¿¿¿¿¿¿¿¿¿¿¿¿¿¿¿,¿¿¿¿¿¿¿¿¿¿¿¿¿¿¿¿¿¿¿,731208.33
2560,4,เงินจากแหล่งทุนภายนอก ต่างประเทศ,ภายนอก,¿¿¿¿¿¿¿¿¿¿¿¿¿¿¿,¿¿¿¿¿¿¿¿¿¿¿¿¿¿¿¿¿¿¿¿¿¿¿¿¿¿¿¿,12500.0
2560,4,เงินจากแหล่งทุนภายนอก ต่างประเทศ,ภายนอก,¿¿¿¿¿¿¿¿¿¿¿¿¿¿¿¿¿¿¿¿,¿¿¿¿¿¿¿¿¿¿¿¿¿¿¿¿¿¿¿¿¿¿¿¿¿¿¿¿¿¿¿¿¿¿¿¿,426367.5
2560,6,เงินรายได้คณะ (เงินรายได้),ภายใน,¿¿¿¿¿¿¿¿¿¿¿¿¿¿,¿¿¿¿¿¿¿¿¿¿¿¿¿¿¿¿¿¿¿¿¿¿¿¿¿¿,133321.0
2560,6,เงินรายได้คณะ (เงินรายได้),ภายใน,¿¿¿¿¿¿¿¿¿¿¿¿¿¿¿,¿¿¿¿¿¿¿¿¿¿¿¿¿,261212.12
2560,6,เงินรายได้คณะ (เงินรายได้),ภายใน,¿¿¿¿¿¿¿¿¿¿¿¿¿¿¿,¿¿¿¿¿¿¿¿¿¿¿¿¿¿,862500.0119999999
2560,6,เงินรายได้คณะ (เงินรายได้),ภายใน,¿¿¿¿¿¿¿¿¿¿¿¿¿¿¿,¿¿¿¿¿¿¿¿¿¿¿¿¿¿¿¿¿,15625.0
2560,6,เงินรายได้คณะ (เงินรายได้),ภายใน,¿¿¿¿¿¿¿¿¿¿¿¿¿¿¿,¿¿¿¿¿¿¿¿¿¿¿¿¿¿¿¿¿¿¿,115833.33
2560,6,เงินรายได้คณะ (เงินรายได้),ภายใน,¿¿¿¿¿¿¿¿¿¿¿¿¿¿¿,¿¿¿¿¿¿¿¿¿¿¿¿¿¿¿¿¿¿¿¿¿¿¿¿¿¿,751172.3019999999
2560,7,เงินรายได้คณะ (กองทุนวิจัย),ภายใน,¿¿¿¿¿¿¿¿¿¿¿¿,¿¿¿¿¿¿¿¿¿¿¿¿¿¿¿¿¿¿¿¿¿¿¿¿¿¿¿,850.1700000000001
2560,7,เงินรายได้คณะ (กองทุนวิจัย),ภายใน,¿¿¿¿¿¿¿¿¿¿¿¿¿¿,¿¿¿¿¿¿¿¿¿¿¿¿¿,59833.34
2560,7,เงินรายได้คณะ (กองทุนวิจัย),ภายใน,¿¿¿¿¿¿¿¿¿¿¿¿¿¿,¿¿¿¿¿¿¿¿¿¿¿¿¿¿¿¿¿¿¿¿¿¿,1803581.6300000001
2560,7,เงินรายได้คณะ (กองทุนวิจัย),ภายใน,¿¿¿¿¿¿¿¿¿¿¿¿¿¿,¿¿¿¿¿¿¿¿¿¿¿¿¿¿¿¿¿¿¿¿¿¿¿¿¿¿,1246193.88
2560,7,เงินรายได้คณะ (กองทุนวิจัย),ภายใน,¿¿¿¿¿¿¿¿¿¿¿¿¿¿,¿¿¿¿¿¿¿¿¿¿¿¿¿¿¿¿¿¿¿¿¿¿¿¿¿¿¿¿,507850.67000000004
2560,7,เงินรายได้คณะ (กองทุนวิจัย),ภายใน,¿¿¿¿¿¿¿¿¿¿¿¿¿¿¿,¿¿¿¿¿¿¿¿¿¿¿¿¿,9349180.127999997
2560,7,เงินรายได้คณะ (กองทุนวิจัย),ภายใน,¿¿¿¿¿¿¿¿¿¿¿¿¿¿¿,¿¿¿¿¿¿¿¿¿¿¿¿¿¿,2424982.4349999996
2560,7,เงินรายได้คณะ (กองทุนวิจัย),ภายใน,¿¿¿¿¿¿¿¿¿¿¿¿¿¿¿,¿¿¿¿¿¿¿¿¿¿¿¿¿¿¿,20823.8885
2560,7,เงินรายได้คณะ (กองทุนวิจัย),ภายใน,¿¿¿¿¿¿¿¿¿¿¿¿¿¿¿,¿¿¿¿¿¿¿¿¿¿¿¿¿¿¿¿¿,1707367.0625
2560,7,เงินรายได้คณะ (กองทุนวิจัย),ภายใน,¿¿¿¿¿¿¿¿¿¿¿¿¿¿¿,¿¿¿¿¿¿¿¿¿¿¿¿¿¿¿¿¿¿,339041.67
2560,7,เงินรายได้คณะ (กองทุนวิจัย),ภายใน,¿¿¿¿¿¿¿¿¿¿¿¿¿¿¿,¿¿¿¿¿¿¿¿¿¿¿¿¿¿¿¿¿¿¿¿¿¿¿,56250.0
2560,7,เงินรายได้คณะ (กองทุนวิจัย),ภายใน,¿¿¿¿¿¿¿¿¿¿¿¿¿¿¿,¿¿¿¿¿¿¿¿¿¿¿¿¿¿¿¿¿¿¿¿¿¿¿¿¿¿,654785.198
2560,7,เงินรายได้คณะ (กองทุนวิจัย),ภายใน,¿¿¿¿¿¿¿¿¿¿¿¿¿¿¿,¿¿¿¿¿¿¿¿¿¿¿¿¿¿¿¿¿¿¿¿¿¿¿¿¿¿¿¿,89609.99
2560,7,เงินรายได้คณะ (กองทุนวิจัย),ภายใน,¿¿¿¿¿¿¿¿¿¿¿¿¿¿¿¿¿¿¿¿,¿¿¿¿¿¿¿¿¿¿¿¿¿¿¿¿¿¿¿¿¿¿¿¿¿¿¿¿¿¿¿¿¿¿¿¿,112336.9545
2560,8,เงินกองทุนวิจัยวิทยาเขต,ภายใน,¿¿¿¿¿¿¿¿¿¿¿¿,¿¿¿¿¿¿¿¿¿¿¿¿¿¿¿¿¿ ¿¿¿¿¿¿¿¿¿¿¿¿,3450.0
2560,8,เงินกองทุนวิจัยวิทยาเขต,ภายใน,¿¿¿¿¿¿¿¿¿¿¿¿,¿¿¿¿¿¿¿¿¿¿¿¿¿¿¿¿¿¿¿¿,141550.0
2560,8,เงินกองทุนวิจัยวิทยาเขต,ภายใน,¿¿¿¿¿¿¿¿¿¿¿¿,¿¿¿¿¿¿¿¿¿¿¿¿¿¿¿¿¿¿¿¿¿¿¿¿¿¿¿,174379.16
2560,8,เงินกองทุนวิจัยวิทยาเขต,ภายใน,¿¿¿¿¿¿¿¿¿¿¿¿¿¿,¿¿¿¿¿¿¿¿¿¿¿¿¿¿¿¿¿¿¿¿¿¿¿¿¿¿,19375.0
2560,8,เงินกองทุนวิจัยวิทยาเขต,ภายใน,¿¿¿¿¿¿¿¿¿¿¿¿¿¿¿,¿¿¿¿¿¿¿¿¿¿¿¿,10000.0
2560,8,เงินกองทุนวิจัยวิทยาเขต,ภายใน,¿¿¿¿¿¿¿¿¿¿¿¿¿¿¿,¿¿¿¿¿¿¿¿¿¿¿¿¿¿,235960.34
2560,8,เงินกองทุนวิจัยวิทยาเขต,ภายใน,¿¿¿¿¿¿¿¿¿¿¿¿¿¿¿,¿¿¿¿¿¿¿¿¿¿¿¿¿¿¿¿¿¿¿¿¿¿¿¿¿¿,370584.67
2560,8,เงินกองทุนวิจัยวิทยาเขต,ภายใน,¿¿¿¿¿¿¿¿¿¿¿¿¿¿¿,¿¿¿¿¿¿¿¿¿¿¿¿¿¿¿¿¿¿¿¿¿¿¿¿¿¿¿¿,84166.67
2560,8,เงินกองทุนวิจัยวิทยาเขต,ภายใน,¿¿¿¿¿¿¿¿¿¿¿¿¿¿¿,¿¿¿¿¿¿¿¿¿¿¿¿¿¿¿¿¿¿¿¿¿¿¿¿¿¿¿¿¿¿¿¿¿,41666.67
2560,8,เงินกองทุนวิจัยวิทยาเขต,ภายใน,¿¿¿¿¿¿¿¿¿¿¿¿¿¿¿¿¿¿¿¿,¿¿¿¿¿¿¿¿¿¿¿¿¿¿¿¿¿ ¿¿¿¿¿¿¿¿¿¿¿¿¿¿¿¿¿¿¿¿,27066.67
2560,8,เงินกองทุนวิจัยวิทยาเขต,ภายใน,¿¿¿¿¿¿¿¿¿¿¿¿¿¿¿¿¿¿¿¿,¿¿¿¿¿¿¿¿¿¿¿¿¿¿¿¿¿¿¿¿¿¿¿¿¿¿¿¿¿¿,101718.75
2560,8,เงินกองทุนวิจัยวิทยาเขต,ภายใน,¿¿¿¿¿¿¿¿¿¿¿¿¿¿¿¿¿¿¿¿,¿¿¿¿¿¿¿¿¿¿¿¿¿¿¿¿¿¿¿¿¿¿¿¿¿¿¿¿¿¿¿¿¿¿¿¿,1251738.66
2560,9,เงินรายได้วิทยาเขต,ภายใน,¿¿¿¿¿¿¿¿¿¿¿¿¿¿¿¿¿¿¿¿,¿¿¿¿¿¿¿¿¿¿¿¿¿¿¿¿¿¿¿¿¿¿¿¿¿¿¿¿¿¿¿¿¿¿¿¿,49717.5
2560,10,เงินอุดหนุนโครงการการพัฒนาความปลอดภัยและความมั่นคง,ภายนอก,¿¿¿¿¿¿¿¿¿¿¿¿¿¿¿,¿¿¿¿¿¿¿¿¿¿¿¿¿¿,140000.0
2560,10,เงินอุดหนุนโครงการการพัฒนาความปลอดภัยและความมั่นคง,ภายนอก,¿¿¿¿¿¿¿¿¿¿¿¿¿¿¿,¿¿¿¿¿¿¿¿¿¿¿¿¿¿¿¿¿¿,1099999.99
2560,10,เงินอุดหนุนโครงการการพัฒนาความปลอดภัยและความมั่นคง,ภายนอก,¿¿¿¿¿¿¿¿¿¿¿¿¿¿¿,¿¿¿¿¿¿¿¿¿¿¿¿¿¿¿¿¿¿¿,319123.2
2560,10,เงินอุดหนุนโครงการการพัฒนาความปลอดภัยและความมั่นคง,ภายนอก,¿¿¿¿¿¿¿¿¿¿¿¿¿¿¿,¿¿¿¿¿¿¿¿¿¿¿¿¿¿¿¿¿¿¿¿¿¿¿,160000.0
2560,10,เงินอุดหนุนโครงการการพัฒนาความปลอดภัยและความมั่นคง,ภายนอก,¿¿¿¿¿¿¿¿¿¿¿¿¿¿¿,¿¿¿¿¿¿¿¿¿¿¿¿¿¿¿¿¿¿¿¿¿¿¿¿¿¿,200000.0
2560,11,ไม่ระบุ,,¿¿¿¿¿¿¿¿¿¿¿¿,¿¿¿¿¿¿¿¿¿¿¿¿¿¿¿¿¿¿¿¿¿¿¿¿¿¿¿,220000.0
2560,11,ไม่ระบุ,,¿¿¿¿¿¿¿¿¿¿¿¿¿¿,¿¿¿¿¿¿¿¿¿¿¿¿¿¿¿¿¿¿¿¿¿¿¿¿¿¿¿¿,219840.0
2560,11,ไม่ระบุ,,¿¿¿¿¿¿¿¿¿¿¿¿¿¿¿,¿¿¿¿¿¿¿¿¿¿¿¿¿,1311124.5
2560,11,ไม่ระบุ,,¿¿¿¿¿¿¿¿¿¿¿¿¿¿¿,¿¿¿¿¿¿¿¿¿¿¿¿¿¿,7575243.553
2560,11,ไม่ระบุ,,¿¿¿¿¿¿¿¿¿¿¿¿¿¿¿,¿¿¿¿¿¿¿¿¿¿¿¿¿¿¿,2478375.8225000007
2560,11,ไม่ระบุ,,¿¿¿¿¿¿¿¿¿¿¿¿¿¿¿,¿¿¿¿¿¿¿¿¿¿¿¿¿¿¿ ¿¿¿¿¿¿¿¿¿¿¿¿¿¿¿,1140427.850000001
2560,11,ไม่ระบุ,,¿¿¿¿¿¿¿¿¿¿¿¿¿¿¿,¿¿¿¿¿¿¿¿¿¿¿¿¿¿¿¿¿,5371305.784000001
2560,11,ไม่ระบุ,,¿¿¿¿¿¿¿¿¿¿¿¿¿¿¿,¿¿¿¿¿¿¿¿¿¿¿¿¿¿¿¿¿¿,3711408.2879999997
2560,11,ไม่ระบุ,,¿¿¿¿¿¿¿¿¿¿¿¿¿¿¿,¿¿¿¿¿¿¿¿¿¿¿¿¿¿¿¿¿¿¿,1904157.0
2560,11,ไม่ระบุ,,¿¿¿¿¿¿¿¿¿¿¿¿¿¿¿,¿¿¿¿¿¿¿¿¿¿¿¿¿¿¿¿¿¿¿¿¿¿¿,1250176.0
2560,11,ไม่ระบุ,,¿¿¿¿¿¿¿¿¿¿¿¿¿¿¿,¿¿¿¿¿¿¿¿¿¿¿¿¿¿¿¿¿¿¿¿¿¿¿¿¿¿,3992828.67
2560,11,ไม่ระบุ,,¿¿¿¿¿¿¿¿¿¿¿¿¿¿¿,¿¿¿¿¿¿¿¿¿¿¿¿¿¿¿¿¿¿¿¿¿¿¿¿¿¿¿¿,1885470.5290000003
2560,11,ไม่ระบุ,,¿¿¿¿¿¿¿¿¿¿¿¿¿¿¿,¿¿¿¿¿¿¿¿¿¿¿¿¿¿¿¿¿¿¿¿¿¿¿¿¿¿¿¿¿¿¿,297000.0
2560,11,ไม่ระบุ,,¿¿¿¿¿¿¿¿¿¿¿¿¿¿¿,¿¿¿¿¿¿¿¿¿¿¿¿¿¿¿¿¿¿¿¿¿¿¿¿¿¿¿¿¿¿¿ (¿¿¿¿.¿.¿.),40920.0
2560,11,ไม่ระบุ,,¿¿¿¿¿¿¿¿¿¿¿¿¿¿¿¿¿¿¿¿,¿¿¿¿¿¿¿¿¿¿¿¿¿¿¿¿¿ ¿¿¿¿¿¿¿¿¿¿¿¿¿¿¿¿¿¿¿¿,149074.5
2560,11,ไม่ระบุ,,¿¿¿¿¿¿¿¿¿¿¿¿¿¿¿¿¿¿¿¿,¿¿¿¿¿¿¿¿¿¿¿¿¿¿¿¿¿¿¿¿¿¿¿¿¿¿¿¿¿¿¿¿¿¿¿¿,1632277.75
2561,1,เงินงบประมาณแผ่นดิน   ,ภายนอก,¿¿¿¿¿¿¿¿¿¿¿¿,¿¿¿¿¿¿¿¿¿¿¿¿¿¿¿¿¿¿¿¿,652500.0
2561,1,เงินงบประมาณแผ่นดิน   ,ภายนอก,¿¿¿¿¿¿¿¿¿¿¿¿,¿¿¿¿¿¿¿¿¿¿¿¿¿¿¿¿¿¿¿¿¿¿¿¿¿¿¿,347500.0
2561,1,เงินงบประมาณแผ่นดิน   ,ภายนอก,¿¿¿¿¿¿¿¿¿¿¿¿¿¿,¿¿¿¿¿¿¿¿¿¿¿¿¿,25000.0
2561,1,เงินงบประมาณแผ่นดิน   ,ภายนอก,¿¿¿¿¿¿¿¿¿¿¿¿¿¿,¿¿¿¿¿¿¿¿¿¿¿¿¿¿¿¿¿¿¿,100000.0
2561,1,เงินงบประมาณแผ่นดิน   ,ภายนอก,¿¿¿¿¿¿¿¿¿¿¿¿¿¿,¿¿¿¿¿¿¿¿¿¿¿¿¿¿¿¿¿¿¿¿¿¿,50000.0
2561,1,เงินงบประมาณแผ่นดิน   ,ภายนอก,¿¿¿¿¿¿¿¿¿¿¿¿¿¿,¿¿¿¿¿¿¿¿¿¿¿¿¿¿¿¿¿¿¿¿¿¿¿¿¿¿,830000.0
2561,1,เงินงบประมาณแผ่นดิน   ,ภายนอก,¿¿¿¿¿¿¿¿¿¿¿¿¿¿,¿¿¿¿¿¿¿¿¿¿¿¿¿¿¿¿¿¿¿¿¿¿¿¿¿¿¿¿,1562400.0
2561,1,เงินงบประมาณแผ่นดิน   ,ภายนอก,¿¿¿¿¿¿¿¿¿¿¿¿¿¿¿,¿¿¿¿¿¿¿¿¿¿¿ ¿¿¿¿¿¿¿¿¿¿¿¿¿¿¿¿¿¿¿¿¿¿¿¿,146422.667
2561,1,เงินงบประมาณแผ่นดิน   ,ภายนอก,¿¿¿¿¿¿¿¿¿¿¿¿¿¿¿,¿¿¿¿¿¿¿¿¿¿¿¿,683685.0
2561,1,เงินงบประมาณแผ่นดิน   ,ภายนอก,¿¿¿¿¿¿¿¿¿¿¿¿¿¿¿,¿¿¿¿¿¿¿¿¿¿¿¿¿,7595666.4005
2561,1,เงินงบประมาณแผ่นดิน   ,ภายนอก,¿¿¿¿¿¿¿¿¿¿¿¿¿¿¿,¿¿¿¿¿¿¿¿¿¿¿¿¿¿,37433723.1085
2561,1,เงินงบประมาณแผ่นดิน   ,ภายนอก,¿¿¿¿¿¿¿¿¿¿¿¿¿¿¿,¿¿¿¿¿¿¿¿¿¿¿¿¿¿¿,1081053.2005
2561,1,เงินงบประมาณแผ่นดิน   ,ภายนอก,¿¿¿¿¿¿¿¿¿¿¿¿¿¿¿,¿¿¿¿¿¿¿¿¿¿¿¿¿¿¿ ¿¿¿¿¿¿¿¿¿¿¿¿¿¿¿,75800.0
2561,1,เงินงบประมาณแผ่นดิน   ,ภายนอก,¿¿¿¿¿¿¿¿¿¿¿¿¿¿¿,¿¿¿¿¿¿¿¿¿¿¿¿¿¿¿¿,52625.0
2561,1,เงินงบประมาณแผ่นดิน   ,ภายนอก,¿¿¿¿¿¿¿¿¿¿¿¿¿¿¿,¿¿¿¿¿¿¿¿¿¿¿¿¿¿¿¿¿,34470953.53250004
2561,1,เงินงบประมาณแผ่นดิน   ,ภายนอก,¿¿¿¿¿¿¿¿¿¿¿¿¿¿¿,¿¿¿¿¿¿¿¿¿¿¿¿¿¿¿¿¿ ¿¿¿¿¿¿¿¿¿¿¿¿¿¿¿,988836.0
2561,1,เงินงบประมาณแผ่นดิน   ,ภายนอก,¿¿¿¿¿¿¿¿¿¿¿¿¿¿¿,¿¿¿¿¿¿¿¿¿¿¿¿¿¿¿¿¿ ¿¿¿¿¿¿¿¿¿¿¿¿¿¿¿¿¿¿¿¿¿¿¿¿,26972000.0
2561,1,เงินงบประมาณแผ่นดิน   ,ภายนอก,¿¿¿¿¿¿¿¿¿¿¿¿¿¿¿,¿¿¿¿¿¿¿¿¿¿¿¿¿¿¿¿¿¿,21297016.494999994
2561,1,เงินงบประมาณแผ่นดิน   ,ภายนอก,¿¿¿¿¿¿¿¿¿¿¿¿¿¿¿,¿¿¿¿¿¿¿¿¿¿¿¿¿¿¿¿¿¿¿,7242141.651000001
2561,1,เงินงบประมาณแผ่นดิน   ,ภายนอก,¿¿¿¿¿¿¿¿¿¿¿¿¿¿¿,¿¿¿¿¿¿¿¿¿¿¿¿¿¿¿¿¿¿¿¿¿¿¿,577878.782
2561,1,เงินงบประมาณแผ่นดิน   ,ภายนอก,¿¿¿¿¿¿¿¿¿¿¿¿¿¿¿,¿¿¿¿¿¿¿¿¿¿¿¿¿¿¿¿¿¿¿¿¿¿¿¿¿¿,5811661.882999999
2561,1,เงินงบประมาณแผ่นดิน   ,ภายนอก,¿¿¿¿¿¿¿¿¿¿¿¿¿¿¿,¿¿¿¿¿¿¿¿¿¿¿¿¿¿¿¿¿¿¿¿¿¿¿¿¿¿¿¿,381015.248
2561,1,เงินงบประมาณแผ่นดิน   ,ภายนอก,¿¿¿¿¿¿¿¿¿¿¿¿¿¿¿,¿¿¿¿¿¿¿¿¿¿¿¿¿¿¿¿¿¿¿¿¿¿¿¿¿¿¿¿¿,28131.0
2561,1,เงินงบประมาณแผ่นดิน   ,ภายนอก,¿¿¿¿¿¿¿¿¿¿¿¿¿¿¿¿¿¿¿¿,¿¿¿¿¿¿¿¿¿¿¿¿¿¿¿¿¿¿¿¿¿¿¿¿¿¿¿¿¿¿,890925.0
2561,1,เงินงบประมาณแผ่นดิน   ,ภายนอก,¿¿¿¿¿¿¿¿¿¿¿¿¿¿¿¿¿¿¿¿,¿¿¿¿¿¿¿¿¿¿¿¿¿¿¿¿¿¿¿¿¿¿¿¿¿¿¿¿¿¿¿¿¿¿¿¿,4993839.062
2561,2,เงินกองทุนวิจัยมหาวิทยาลัย   ,ภายใน,¿¿¿¿¿¿¿¿¿¿¿¿,¿¿¿¿¿¿¿¿¿¿¿¿¿¿¿¿¿¿¿¿,83333.33
2561,2,เงินกองทุนวิจัยมหาวิทยาลัย   ,ภายใน,¿¿¿¿¿¿¿¿¿¿¿¿¿¿,¿¿¿¿¿¿¿¿¿¿¿¿¿¿¿¿¿¿¿¿¿¿¿¿¿¿,261095.83
2561,2,เงินกองทุนวิจัยมหาวิทยาลัย   ,ภายใน,¿¿¿¿¿¿¿¿¿¿¿¿¿¿¿,¿¿¿¿¿¿¿¿¿¿¿¿¿,1585961.277
2561,2,เงินกองทุนวิจัยมหาวิทยาลัย   ,ภายใน,¿¿¿¿¿¿¿¿¿¿¿¿¿¿¿,¿¿¿¿¿¿¿¿¿¿¿¿¿¿,7807224.147500004
2561,2,เงินกองทุนวิจัยมหาวิทยาลัย   ,ภายใน,¿¿¿¿¿¿¿¿¿¿¿¿¿¿¿,¿¿¿¿¿¿¿¿¿¿¿¿¿¿¿,145356.37350000002
2561,2,เงินกองทุนวิจัยมหาวิทยาลัย   ,ภายใน,¿¿¿¿¿¿¿¿¿¿¿¿¿¿¿,¿¿¿¿¿¿¿¿¿¿¿¿¿¿¿¿¿,4422427.501000001
2561,2,เงินกองทุนวิจัยมหาวิทยาลัย   ,ภายใน,¿¿¿¿¿¿¿¿¿¿¿¿¿¿¿,¿¿¿¿¿¿¿¿¿¿¿¿¿¿¿¿¿¿,2051580.4844999998
2561,2,เงินกองทุนวิจัยมหาวิทยาลัย   ,ภายใน,¿¿¿¿¿¿¿¿¿¿¿¿¿¿¿,¿¿¿¿¿¿¿¿¿¿¿¿¿¿¿¿¿¿¿,1682115.7380000001
2561,2,เงินกองทุนวิจัยมหาวิทยาลัย   ,ภายใน,¿¿¿¿¿¿¿¿¿¿¿¿¿¿¿,¿¿¿¿¿¿¿¿¿¿¿¿¿¿¿¿¿¿¿¿¿¿¿,97500.0
2561,2,เงินกองทุนวิจัยมหาวิทยาลัย   ,ภายใน,¿¿¿¿¿¿¿¿¿¿¿¿¿¿¿,¿¿¿¿¿¿¿¿¿¿¿¿¿¿¿¿¿¿¿¿¿¿¿¿¿¿,284833.346
2561,2,เงินกองทุนวิจัยมหาวิทยาลัย   ,ภายใน,¿¿¿¿¿¿¿¿¿¿¿¿¿¿¿,¿¿¿¿¿¿¿¿¿¿¿¿¿¿¿¿¿¿¿¿¿¿¿¿¿¿¿¿,65684.5
2561,2,เงินกองทุนวิจัยมหาวิทยาลัย   ,ภายใน,¿¿¿¿¿¿¿¿¿¿¿¿¿¿¿¿¿¿¿¿,¿¿¿¿¿¿¿¿¿¿¿¿¿¿¿¿¿ ¿¿¿¿¿¿¿¿¿¿¿¿¿¿¿¿¿¿¿¿,20000.0
2561,2,เงินกองทุนวิจัยมหาวิทยาลัย   ,ภายใน,¿¿¿¿¿¿¿¿¿¿¿¿¿¿¿¿¿¿¿¿,¿¿¿¿¿¿¿¿¿¿¿¿¿¿¿¿¿¿¿¿¿¿¿¿¿¿¿¿¿¿,28802.0815
2561,2,เงินกองทุนวิจัยมหาวิทยาลัย   ,ภายใน,¿¿¿¿¿¿¿¿¿¿¿¿¿¿¿¿¿¿¿¿,¿¿¿¿¿¿¿¿¿¿¿¿¿¿¿¿¿¿¿¿¿¿¿¿¿¿¿¿¿¿¿¿¿¿¿¿,1599059.72
2561,3,เงินจากแหล่งทุนภายนอก ในประเทศไทย,ภายนอก,¿¿¿¿¿¿¿¿¿¿¿¿,¿¿¿¿¿¿¿¿¿¿¿¿¿¿¿¿¿¿¿¿,343775.0
2561,3,เงินจากแหล่งทุนภายนอก ในประเทศไทย,ภายนอก,¿¿¿¿¿¿¿¿¿¿¿¿,¿¿¿¿¿¿¿¿¿¿¿¿¿¿¿¿¿¿¿¿¿¿¿¿¿¿¿,2036943.321
2561,3,เงินจากแหล่งทุนภายนอก ในประเทศไทย,ภายนอก,¿¿¿¿¿¿¿¿¿¿¿¿¿¿,¿¿¿¿¿¿¿¿¿¿¿¿¿¿¿¿¿¿¿¿¿¿,1091520.0
2561,3,เงินจากแหล่งทุนภายนอก ในประเทศไทย,ภายนอก,¿¿¿¿¿¿¿¿¿¿¿¿¿¿,¿¿¿¿¿¿¿¿¿¿¿¿¿¿¿¿¿¿¿¿¿¿¿¿¿¿,1146650.0
2561,3,เงินจากแหล่งทุนภายนอก ในประเทศไทย,ภายนอก,¿¿¿¿¿¿¿¿¿¿¿¿¿¿,¿¿¿¿¿¿¿¿¿¿¿¿¿¿¿¿¿¿¿¿¿¿¿¿¿¿¿¿,218933.336
2561,3,เงินจากแหล่งทุนภายนอก ในประเทศไทย,ภายนอก,¿¿¿¿¿¿¿¿¿¿¿¿¿¿¿,¿¿¿¿¿¿¿¿¿¿¿¿,1933083.3238000001
2561,3,เงินจากแหล่งทุนภายนอก ในประเทศไทย,ภายนอก,¿¿¿¿¿¿¿¿¿¿¿¿¿¿¿,¿¿¿¿¿¿¿¿¿¿¿¿¿,56759438.679515414
2561,3,เงินจากแหล่งทุนภายนอก ในประเทศไทย,ภายนอก,¿¿¿¿¿¿¿¿¿¿¿¿¿¿¿,¿¿¿¿¿¿¿¿¿¿¿¿¿¿,49557400.666376926
2561,3,เงินจากแหล่งทุนภายนอก ในประเทศไทย,ภายนอก,¿¿¿¿¿¿¿¿¿¿¿¿¿¿¿,¿¿¿¿¿¿¿¿¿¿¿¿¿¿¿,1602884.2598
2561,3,เงินจากแหล่งทุนภายนอก ในประเทศไทย,ภายนอก,¿¿¿¿¿¿¿¿¿¿¿¿¿¿¿,¿¿¿¿¿¿¿¿¿¿¿¿¿¿¿ ¿¿¿¿¿¿¿¿¿¿¿¿¿¿¿,17777.78
2561,3,เงินจากแหล่งทุนภายนอก ในประเทศไทย,ภายนอก,¿¿¿¿¿¿¿¿¿¿¿¿¿¿¿,¿¿¿¿¿¿¿¿¿¿¿¿¿¿¿¿ ¿¿¿¿¿¿¿¿¿¿¿¿¿¿¿,170041.67
2561,3,เงินจากแหล่งทุนภายนอก ในประเทศไทย,ภายนอก,¿¿¿¿¿¿¿¿¿¿¿¿¿¿¿,¿¿¿¿¿¿¿¿¿¿¿¿¿¿¿¿¿,39873630.283761546
2561,3,เงินจากแหล่งทุนภายนอก ในประเทศไทย,ภายนอก,¿¿¿¿¿¿¿¿¿¿¿¿¿¿¿,¿¿¿¿¿¿¿¿¿¿¿¿¿¿¿¿¿ ¿¿¿¿¿¿¿¿¿¿¿¿¿¿¿,645000.0
2561,3,เงินจากแหล่งทุนภายนอก ในประเทศไทย,ภายนอก,¿¿¿¿¿¿¿¿¿¿¿¿¿¿¿,¿¿¿¿¿¿¿¿¿¿¿¿¿¿¿¿¿¿,14385388.242857141
2561,3,เงินจากแหล่งทุนภายนอก ในประเทศไทย,ภายนอก,¿¿¿¿¿¿¿¿¿¿¿¿¿¿¿,¿¿¿¿¿¿¿¿¿¿¿¿¿¿¿¿¿¿¿,12558359.8552
2561,3,เงินจากแหล่งทุนภายนอก ในประเทศไทย,ภายนอก,¿¿¿¿¿¿¿¿¿¿¿¿¿¿¿,¿¿¿¿¿¿¿¿¿¿¿¿¿¿¿¿¿¿¿¿¿¿¿,5412919.2945
2561,3,เงินจากแหล่งทุนภายนอก ในประเทศไทย,ภายนอก,¿¿¿¿¿¿¿¿¿¿¿¿¿¿¿,¿¿¿¿¿¿¿¿¿¿¿¿¿¿¿¿¿¿¿¿¿¿¿¿¿¿,22131678.74779999
2561,3,เงินจากแหล่งทุนภายนอก ในประเทศไทย,ภายนอก,¿¿¿¿¿¿¿¿¿¿¿¿¿¿¿,¿¿¿¿¿¿¿¿¿¿¿¿¿¿¿¿¿¿¿¿¿¿¿¿¿¿¿¿,7025875.538699999
2561,3,เงินจากแหล่งทุนภายนอก ในประเทศไทย,ภายนอก,¿¿¿¿¿¿¿¿¿¿¿¿¿¿¿,¿¿¿¿¿¿¿¿¿¿¿¿¿¿¿¿¿¿¿¿¿¿¿¿¿¿¿¿¿¿¿,851900.0
2561,3,เงินจากแหล่งทุนภายนอก ในประเทศไทย,ภายนอก,¿¿¿¿¿¿¿¿¿¿¿¿¿¿¿,¿¿¿¿¿¿¿¿¿¿¿¿¿¿¿¿¿¿¿¿¿¿¿¿¿¿¿¿¿¿¿ (¿¿¿¿.¿.¿.),459166.6665
2561,3,เงินจากแหล่งทุนภายนอก ในประเทศไทย,ภายนอก,¿¿¿¿¿¿¿¿¿¿¿¿¿¿¿,¿¿¿¿¿¿¿¿¿¿¿¿¿¿¿¿¿¿¿¿¿¿¿¿¿¿¿¿¿¿¿¿¿¿¿,89500.0
2561,3,เงินจากแหล่งทุนภายนอก ในประเทศไทย,ภายนอก,¿¿¿¿¿¿¿¿¿¿¿¿¿¿¿¿¿¿¿¿,¿¿¿¿¿¿¿¿¿¿¿¿¿¿¿¿¿ ¿¿¿¿¿¿¿¿¿¿¿¿¿¿¿¿¿¿¿¿,259636.5
2561,3,เงินจากแหล่งทุนภายนอก ในประเทศไทย,ภายนอก,¿¿¿¿¿¿¿¿¿¿¿¿¿¿¿¿¿¿¿¿,¿¿¿¿¿¿¿¿¿¿¿¿¿¿¿¿¿¿¿¿¿¿¿¿,500000.0
2561,3,เงินจากแหล่งทุนภายนอก ในประเทศไทย,ภายนอก,¿¿¿¿¿¿¿¿¿¿¿¿¿¿¿¿¿¿¿¿,¿¿¿¿¿¿¿¿¿¿¿¿¿¿¿¿¿¿¿¿¿¿¿¿¿¿¿¿¿¿,4577502.726000001
2561,3,เงินจากแหล่งทุนภายนอก ในประเทศไทย,ภายนอก,¿¿¿¿¿¿¿¿¿¿¿¿¿¿¿¿¿¿¿¿,¿¿¿¿¿¿¿¿¿¿¿¿¿¿¿¿¿¿¿¿¿¿¿¿¿¿¿¿¿¿¿¿¿¿¿¿,8167082.356000001
2561,4,เงินจากแหล่งทุนภายนอก ต่างประเทศ,ภายนอก,¿¿¿¿¿¿¿¿¿¿¿¿¿¿¿,¿¿¿¿¿¿¿¿¿¿¿¿,40833.33
2561,4,เงินจากแหล่งทุนภายนอก ต่างประเทศ,ภายนอก,¿¿¿¿¿¿¿¿¿¿¿¿¿¿¿,¿¿¿¿¿¿¿¿¿¿¿¿¿,9124329.462
2561,4,เงินจากแหล่งทุนภายนอก ต่างประเทศ,ภายนอก,¿¿¿¿¿¿¿¿¿¿¿¿¿¿¿,¿¿¿¿¿¿¿¿¿¿¿¿¿¿,802789.24
2561,4,เงินจากแหล่งทุนภายนอก ต่างประเทศ,ภายนอก,¿¿¿¿¿¿¿¿¿¿¿¿¿¿¿,¿¿¿¿¿¿¿¿¿¿¿¿¿¿¿,45024.372
2561,4,เงินจากแหล่งทุนภายนอก ต่างประเทศ,ภายนอก,¿¿¿¿¿¿¿¿¿¿¿¿¿¿¿,¿¿¿¿¿¿¿¿¿¿¿¿¿¿¿¿¿,63950.0
2561,4,เงินจากแหล่งทุนภายนอก ต่างประเทศ,ภายนอก,¿¿¿¿¿¿¿¿¿¿¿¿¿¿¿,¿¿¿¿¿¿¿¿¿¿¿¿¿¿¿¿¿¿¿,522291.67
2561,4,เงินจากแหล่งทุนภายนอก ต่างประเทศ,ภายนอก,¿¿¿¿¿¿¿¿¿¿¿¿¿¿¿¿¿¿¿¿,¿¿¿¿¿¿¿¿¿¿¿¿¿¿¿¿¿¿¿¿¿¿¿¿¿¿¿¿¿¿¿¿¿¿¿¿,484992.50000000006
2561,6,เงินรายได้คณะ (เงินรายได้),ภายใน,¿¿¿¿¿¿¿¿¿¿¿¿¿¿,¿¿¿¿¿¿¿¿¿¿¿¿¿¿¿¿¿¿¿¿¿¿¿¿¿¿,41662.67
2561,6,เงินรายได้คณะ (เงินรายได้),ภายใน,¿¿¿¿¿¿¿¿¿¿¿¿¿¿¿,¿¿¿¿¿¿¿¿¿¿¿¿¿,123787.88
2561,6,เงินรายได้คณะ (เงินรายได้),ภายใน,¿¿¿¿¿¿¿¿¿¿¿¿¿¿¿,¿¿¿¿¿¿¿¿¿¿¿¿¿¿,328484.84
2561,6,เงินรายได้คณะ (เงินรายได้),ภายใน,¿¿¿¿¿¿¿¿¿¿¿¿¿¿¿,¿¿¿¿¿¿¿¿¿¿¿¿¿¿¿¿¿,199374.98999999996
2561,6,เงินรายได้คณะ (เงินรายได้),ภายใน,¿¿¿¿¿¿¿¿¿¿¿¿¿¿¿,¿¿¿¿¿¿¿¿¿¿¿¿¿¿¿¿¿¿,66666.67
2561,6,เงินรายได้คณะ (เงินรายได้),ภายใน,¿¿¿¿¿¿¿¿¿¿¿¿¿¿¿,¿¿¿¿¿¿¿¿¿¿¿¿¿¿¿¿¿¿¿,104166.67
2561,6,เงินรายได้คณะ (เงินรายได้),ภายใน,¿¿¿¿¿¿¿¿¿¿¿¿¿¿¿,¿¿¿¿¿¿¿¿¿¿¿¿¿¿¿¿¿¿¿¿¿¿¿¿¿¿,1648816.6579999996
2561,7,เงินรายได้คณะ (กองทุนวิจัย),ภายใน,¿¿¿¿¿¿¿¿¿¿¿¿,¿¿¿¿¿¿¿¿¿¿¿¿¿¿¿¿¿¿¿¿¿¿¿¿¿¿¿,850.1700000000001
2561,7,เงินรายได้คณะ (กองทุนวิจัย),ภายใน,¿¿¿¿¿¿¿¿¿¿¿¿¿¿,¿¿¿¿¿¿¿¿¿¿¿¿¿¿¿¿¿¿¿¿¿¿,770646.4900000001
2561,7,เงินรายได้คณะ (กองทุนวิจัย),ภายใน,¿¿¿¿¿¿¿¿¿¿¿¿¿¿,¿¿¿¿¿¿¿¿¿¿¿¿¿¿¿¿¿¿¿¿¿¿¿¿¿¿,1193499.11
2561,7,เงินรายได้คณะ (กองทุนวิจัย),ภายใน,¿¿¿¿¿¿¿¿¿¿¿¿¿¿,¿¿¿¿¿¿¿¿¿¿¿¿¿¿¿¿¿¿¿¿¿¿¿¿¿¿¿¿,742749.3300000001
2561,7,เงินรายได้คณะ (กองทุนวิจัย),ภายใน,¿¿¿¿¿¿¿¿¿¿¿¿¿¿¿,¿¿¿¿¿¿¿¿¿¿¿¿¿,6884241.689499996
2561,7,เงินรายได้คณะ (กองทุนวิจัย),ภายใน,¿¿¿¿¿¿¿¿¿¿¿¿¿¿¿,¿¿¿¿¿¿¿¿¿¿¿¿¿¿,1858667.1014999999
2561,7,เงินรายได้คณะ (กองทุนวิจัย),ภายใน,¿¿¿¿¿¿¿¿¿¿¿¿¿¿¿,¿¿¿¿¿¿¿¿¿¿¿¿¿¿¿,248499.00850000008
2561,7,เงินรายได้คณะ (กองทุนวิจัย),ภายใน,¿¿¿¿¿¿¿¿¿¿¿¿¿¿¿,¿¿¿¿¿¿¿¿¿¿¿¿¿¿¿¿¿,1815622.8059999996
2561,7,เงินรายได้คณะ (กองทุนวิจัย),ภายใน,¿¿¿¿¿¿¿¿¿¿¿¿¿¿¿,¿¿¿¿¿¿¿¿¿¿¿¿¿¿¿¿¿¿,233005.83000000002
2561,7,เงินรายได้คณะ (กองทุนวิจัย),ภายใน,¿¿¿¿¿¿¿¿¿¿¿¿¿¿¿,¿¿¿¿¿¿¿¿¿¿¿¿¿¿¿¿¿¿¿,107583.33499999999
2561,7,เงินรายได้คณะ (กองทุนวิจัย),ภายใน,¿¿¿¿¿¿¿¿¿¿¿¿¿¿¿,¿¿¿¿¿¿¿¿¿¿¿¿¿¿¿¿¿¿¿¿¿¿¿¿¿¿,1435830.768
2561,7,เงินรายได้คณะ (กองทุนวิจัย),ภายใน,¿¿¿¿¿¿¿¿¿¿¿¿¿¿¿,¿¿¿¿¿¿¿¿¿¿¿¿¿¿¿¿¿¿¿¿¿¿¿¿¿¿¿¿,31200.0
2561,7,เงินรายได้คณะ (กองทุนวิจัย),ภายใน,¿¿¿¿¿¿¿¿¿¿¿¿¿¿¿¿¿¿¿¿,¿¿¿¿¿¿¿¿¿¿¿¿¿¿¿¿¿¿¿¿¿¿¿¿¿¿¿¿¿¿¿¿¿¿¿¿,39130.4325
2561,8,เงินกองทุนวิจัยวิทยาเขต,ภายใน,¿¿¿¿¿¿¿¿¿¿¿¿,¿¿¿¿¿¿¿¿¿¿¿¿¿¿¿¿¿¿¿¿¿¿¿¿¿¿¿,14235.01
2561,8,เงินกองทุนวิจัยวิทยาเขต,ภายใน,¿¿¿¿¿¿¿¿¿¿¿¿¿¿,¿¿¿¿¿¿¿¿¿¿¿¿¿¿¿¿¿¿¿¿¿¿¿¿¿¿,58125.0
2561,8,เงินกองทุนวิจัยวิทยาเขต,ภายใน,¿¿¿¿¿¿¿¿¿¿¿¿¿¿¿,¿¿¿¿¿¿¿¿¿¿¿¿¿¿,4166.666
2561,8,เงินกองทุนวิจัยวิทยาเขต,ภายใน,¿¿¿¿¿¿¿¿¿¿¿¿¿¿¿,¿¿¿¿¿¿¿¿¿¿¿¿¿¿¿¿¿¿¿¿¿¿¿¿¿¿,208027.78699999998
2561,8,เงินกองทุนวิจัยวิทยาเขต,ภายใน,¿¿¿¿¿¿¿¿¿¿¿¿¿¿¿,¿¿¿¿¿¿¿¿¿¿¿¿¿¿¿¿¿¿¿¿¿¿¿¿¿¿¿¿,20000.0
2561,8,เงินกองทุนวิจัยวิทยาเขต,ภายใน,¿¿¿¿¿¿¿¿¿¿¿¿¿¿¿,¿¿¿¿¿¿¿¿¿¿¿¿¿¿¿¿¿¿¿¿¿¿¿¿¿¿¿¿¿¿¿¿¿,100000.0
2561,8,เงินกองทุนวิจัยวิทยาเขต,ภายใน,¿¿¿¿¿¿¿¿¿¿¿¿¿¿¿¿¿¿¿¿,¿¿¿¿¿¿¿¿¿¿¿¿¿¿¿¿¿¿¿¿¿¿¿¿¿¿¿¿¿¿,66406.25
2561,8,เงินกองทุนวิจัยวิทยาเขต,ภายใน,¿¿¿¿¿¿¿¿¿¿¿¿¿¿¿¿¿¿¿¿,¿¿¿¿¿¿¿¿¿¿¿¿¿¿¿¿¿¿¿¿¿¿¿¿¿¿¿¿¿¿¿¿¿¿¿¿,451951.38499999995
2561,9,เงินรายได้วิทยาเขต,ภายใน,¿¿¿¿¿¿¿¿¿¿¿¿¿¿¿¿¿¿¿¿,¿¿¿¿¿¿¿¿¿¿¿¿¿¿¿¿¿¿¿¿¿¿¿¿¿¿¿¿¿¿¿¿¿¿¿¿,74576.25
2561,10,เงินอุดหนุนโครงการการพัฒนาความปลอดภัยและความมั่นคง,ภายนอก,¿¿¿¿¿¿¿¿¿¿¿¿¿¿¿,¿¿¿¿¿¿¿¿¿¿¿¿¿¿,140000.0
2561,10,เงินอุดหนุนโครงการการพัฒนาความปลอดภัยและความมั่นคง,ภายนอก,¿¿¿¿¿¿¿¿¿¿¿¿¿¿¿,¿¿¿¿¿¿¿¿¿¿¿¿¿¿¿¿¿¿,100000.0
2561,10,เงินอุดหนุนโครงการการพัฒนาความปลอดภัยและความมั่นคง,ภายนอก,¿¿¿¿¿¿¿¿¿¿¿¿¿¿¿,¿¿¿¿¿¿¿¿¿¿¿¿¿¿¿¿¿¿¿,319123.2
2561,10,เงินอุดหนุนโครงการการพัฒนาความปลอดภัยและความมั่นคง,ภายนอก,¿¿¿¿¿¿¿¿¿¿¿¿¿¿¿,¿¿¿¿¿¿¿¿¿¿¿¿¿¿¿¿¿¿¿¿¿¿¿,160000.0
2561,10,เงินอุดหนุนโครงการการพัฒนาความปลอดภัยและความมั่นคง,ภายนอก,¿¿¿¿¿¿¿¿¿¿¿¿¿¿¿,¿¿¿¿¿¿¿¿¿¿¿¿¿¿¿¿¿¿¿¿¿¿¿¿¿¿,200000.0
2561,11,ไม่ระบุ,,¿¿¿¿¿¿¿¿¿¿¿¿¿¿,¿¿¿¿¿¿¿¿¿¿¿¿¿¿¿¿¿¿¿¿¿¿,125000.0
2561,11,ไม่ระบุ,,¿¿¿¿¿¿¿¿¿¿¿¿¿¿,¿¿¿¿¿¿¿¿¿¿¿¿¿¿¿¿¿¿¿¿¿¿¿¿¿¿,166200.0
2561,11,ไม่ระบุ,,¿¿¿¿¿¿¿¿¿¿¿¿¿¿¿,¿¿¿¿¿¿¿¿¿¿¿¿¿,807325.622
2561,11,ไม่ระบุ,,¿¿¿¿¿¿¿¿¿¿¿¿¿¿¿,¿¿¿¿¿¿¿¿¿¿¿¿¿¿,7160325.659999999
2561,11,ไม่ระบุ,,¿¿¿¿¿¿¿¿¿¿¿¿¿¿¿,¿¿¿¿¿¿¿¿¿¿¿¿¿¿¿,1775170.7175
2561,11,ไม่ระบุ,,¿¿¿¿¿¿¿¿¿¿¿¿¿¿¿,¿¿¿¿¿¿¿¿¿¿¿¿¿¿¿ ¿¿¿¿¿¿¿¿¿¿¿¿¿¿¿,452211.1500000001
2561,11,ไม่ระบุ,,¿¿¿¿¿¿¿¿¿¿¿¿¿¿¿,¿¿¿¿¿¿¿¿¿¿¿¿¿¿¿¿¿,4110661.978
2561,11,ไม่ระบุ,,¿¿¿¿¿¿¿¿¿¿¿¿¿¿¿,¿¿¿¿¿¿¿¿¿¿¿¿¿¿¿¿¿¿,16702854.236000001
2561,11,ไม่ระบุ,,¿¿¿¿¿¿¿¿¿¿¿¿¿¿¿,¿¿¿¿¿¿¿¿¿¿¿¿¿¿¿¿¿¿¿,1592510.0
2561,11,ไม่ระบุ,,¿¿¿¿¿¿¿¿¿¿¿¿¿¿¿,¿¿¿¿¿¿¿¿¿¿¿¿¿¿¿¿¿¿¿¿¿¿¿,536300.0
2561,11,ไม่ระบุ,,¿¿¿¿¿¿¿¿¿¿¿¿¿¿¿,¿¿¿¿¿¿¿¿¿¿¿¿¿¿¿¿¿¿¿¿¿¿¿¿¿¿,2068013.33
2561,11,ไม่ระบุ,,¿¿¿¿¿¿¿¿¿¿¿¿¿¿¿,¿¿¿¿¿¿¿¿¿¿¿¿¿¿¿¿¿¿¿¿¿¿¿¿¿¿¿¿,1785845.5690000001
2561,11,ไม่ระบุ,,¿¿¿¿¿¿¿¿¿¿¿¿¿¿¿,¿¿¿¿¿¿¿¿¿¿¿¿¿¿¿¿¿¿¿¿¿¿¿¿¿¿¿¿¿¿¿,0.0
2561,11,ไม่ระบุ,,¿¿¿¿¿¿¿¿¿¿¿¿¿¿¿¿¿¿¿¿,¿¿¿¿¿¿¿¿¿¿¿¿¿¿¿¿¿ ¿¿¿¿¿¿¿¿¿¿¿¿¿¿¿¿¿¿¿¿,136363.5
2561,11,ไม่ระบุ,,¿¿¿¿¿¿¿¿¿¿¿¿¿¿¿¿¿¿¿¿,¿¿¿¿¿¿¿¿¿¿¿¿¿¿¿¿¿¿¿¿¿¿¿¿¿¿¿¿¿¿,302606.0
2561,11,ไม่ระบุ,,¿¿¿¿¿¿¿¿¿¿¿¿¿¿¿¿¿¿¿¿,¿¿¿¿¿¿¿¿¿¿¿¿¿¿¿¿¿¿¿¿¿¿¿¿¿¿¿¿¿¿¿¿¿¿¿¿,1171374.24
2562,1,เงินงบประมาณแผ่นดิน   ,ภายนอก,¿¿¿¿¿¿¿¿¿¿¿¿,¿¿¿¿¿¿¿¿¿¿¿¿¿¿¿¿¿¿¿¿,219166.66999999998
2562,1,เงินงบประมาณแผ่นดิน   ,ภายนอก,¿¿¿¿¿¿¿¿¿¿¿¿,¿¿¿¿¿¿¿¿¿¿¿¿¿¿¿¿¿¿¿¿¿¿¿¿¿¿¿,1069499.99
2562,1,เงินงบประมาณแผ่นดิน   ,ภายนอก,¿¿¿¿¿¿¿¿¿¿¿¿¿¿,¿¿¿¿¿¿¿¿¿¿¿¿¿,52604.165
2562,1,เงินงบประมาณแผ่นดิน   ,ภายนอก,¿¿¿¿¿¿¿¿¿¿¿¿¿¿,¿¿¿¿¿¿¿¿¿¿¿¿¿¿¿¿¿¿¿¿¿¿,2118229.165
2562,1,เงินงบประมาณแผ่นดิน   ,ภายนอก,¿¿¿¿¿¿¿¿¿¿¿¿¿¿,¿¿¿¿¿¿¿¿¿¿¿¿¿¿¿¿¿¿¿¿¿¿¿¿¿¿,1699987.4999999998
2562,1,เงินงบประมาณแผ่นดิน   ,ภายนอก,¿¿¿¿¿¿¿¿¿¿¿¿¿¿,¿¿¿¿¿¿¿¿¿¿¿¿¿¿¿¿¿¿¿¿¿¿¿¿¿¿¿¿,1264233.33
2562,1,เงินงบประมาณแผ่นดิน   ,ภายนอก,¿¿¿¿¿¿¿¿¿¿¿¿¿¿¿,¿¿¿¿¿¿¿¿¿¿¿ ¿¿¿¿¿¿¿¿¿¿¿¿¿¿¿¿¿¿¿¿¿¿¿¿,9999.999
2562,1,เงินงบประมาณแผ่นดิน   ,ภายนอก,¿¿¿¿¿¿¿¿¿¿¿¿¿¿¿,¿¿¿¿¿¿¿¿¿¿¿¿,167499.9995
2562,1,เงินงบประมาณแผ่นดิน   ,ภายนอก,¿¿¿¿¿¿¿¿¿¿¿¿¿¿¿,¿¿¿¿¿¿¿¿¿¿¿¿¿,14592952.9205
2562,1,เงินงบประมาณแผ่นดิน   ,ภายนอก,¿¿¿¿¿¿¿¿¿¿¿¿¿¿¿,¿¿¿¿¿¿¿¿¿¿¿¿¿¿,49438554.796500005
2562,1,เงินงบประมาณแผ่นดิน   ,ภายนอก,¿¿¿¿¿¿¿¿¿¿¿¿¿¿¿,¿¿¿¿¿¿¿¿¿¿¿¿¿¿¿,1685418.3295
2562,1,เงินงบประมาณแผ่นดิน   ,ภายนอก,¿¿¿¿¿¿¿¿¿¿¿¿¿¿¿,¿¿¿¿¿¿¿¿¿¿¿¿¿¿¿ ¿¿¿¿¿¿¿¿¿¿¿¿¿¿¿,1748000.0
2562,1,เงินงบประมาณแผ่นดิน   ,ภายนอก,¿¿¿¿¿¿¿¿¿¿¿¿¿¿¿,¿¿¿¿¿¿¿¿¿¿¿¿¿¿¿¿,509266.664
2562,1,เงินงบประมาณแผ่นดิน   ,ภายนอก,¿¿¿¿¿¿¿¿¿¿¿¿¿¿¿,¿¿¿¿¿¿¿¿¿¿¿¿¿¿¿¿¿,53633164.747499995
2562,1,เงินงบประมาณแผ่นดิน   ,ภายนอก,¿¿¿¿¿¿¿¿¿¿¿¿¿¿¿,¿¿¿¿¿¿¿¿¿¿¿¿¿¿¿¿¿¿,9578404.331
2562,1,เงินงบประมาณแผ่นดิน   ,ภายนอก,¿¿¿¿¿¿¿¿¿¿¿¿¿¿¿,¿¿¿¿¿¿¿¿¿¿¿¿¿¿¿¿¿¿¿,14696581.354000002
2562,1,เงินงบประมาณแผ่นดิน   ,ภายนอก,¿¿¿¿¿¿¿¿¿¿¿¿¿¿¿,¿¿¿¿¿¿¿¿¿¿¿¿¿¿¿¿¿¿¿¿¿¿¿,1977000.0
2562,1,เงินงบประมาณแผ่นดิน   ,ภายนอก,¿¿¿¿¿¿¿¿¿¿¿¿¿¿¿,¿¿¿¿¿¿¿¿¿¿¿¿¿¿¿¿¿¿¿¿¿¿¿¿¿¿,16770926.578000002
2562,1,เงินงบประมาณแผ่นดิน   ,ภายนอก,¿¿¿¿¿¿¿¿¿¿¿¿¿¿¿,¿¿¿¿¿¿¿¿¿¿¿¿¿¿¿¿¿¿¿¿¿¿¿¿¿¿¿¿,4315933.5805
2562,1,เงินงบประมาณแผ่นดิน   ,ภายนอก,¿¿¿¿¿¿¿¿¿¿¿¿¿¿¿,¿¿¿¿¿¿¿¿¿¿¿¿¿¿¿¿¿¿¿¿¿¿¿¿¿¿¿¿¿¿¿ (¿¿¿¿.¿.¿.),896746.667
2562,1,เงินงบประมาณแผ่นดิน   ,ภายนอก,¿¿¿¿¿¿¿¿¿¿¿¿¿¿¿¿¿¿¿¿,¿¿¿¿¿¿¿¿¿¿¿¿¿¿¿¿¿ ¿¿¿¿¿¿¿¿¿¿¿¿¿¿¿¿¿¿¿¿,55440.0
2562,1,เงินงบประมาณแผ่นดิน   ,ภายนอก,¿¿¿¿¿¿¿¿¿¿¿¿¿¿¿¿¿¿¿¿,¿¿¿¿¿¿¿¿¿¿¿¿¿¿¿¿¿¿¿¿¿¿¿¿¿¿¿¿¿¿,505757.0835
2562,1,เงินงบประมาณแผ่นดิน   ,ภายนอก,¿¿¿¿¿¿¿¿¿¿¿¿¿¿¿¿¿¿¿¿,¿¿¿¿¿¿¿¿¿¿¿¿¿¿¿¿¿¿¿¿¿¿¿¿¿¿¿¿¿¿¿¿¿¿¿¿,8224606.093500001
2562,2,เงินกองทุนวิจัยมหาวิทยาลัย   ,ภายใน,¿¿¿¿¿¿¿¿¿¿¿¿,¿¿¿¿¿¿¿¿¿¿¿¿¿¿¿¿¿¿¿¿,166666.67
2562,2,เงินกองทุนวิจัยมหาวิทยาลัย   ,ภายใน,¿¿¿¿¿¿¿¿¿¿¿¿¿¿,¿¿¿¿¿¿¿¿¿¿¿¿¿¿¿¿¿¿¿¿¿¿¿¿¿¿,293909.169
2562,2,เงินกองทุนวิจัยมหาวิทยาลัย   ,ภายใน,¿¿¿¿¿¿¿¿¿¿¿¿¿¿¿,¿¿¿¿¿¿¿¿¿¿¿¿,5526.3144999999995
2562,2,เงินกองทุนวิจัยมหาวิทยาลัย   ,ภายใน,¿¿¿¿¿¿¿¿¿¿¿¿¿¿¿,¿¿¿¿¿¿¿¿¿¿¿¿¿,962023.3305000002
2562,2,เงินกองทุนวิจัยมหาวิทยาลัย   ,ภายใน,¿¿¿¿¿¿¿¿¿¿¿¿¿¿¿,¿¿¿¿¿¿¿¿¿¿¿¿¿¿,8599743.571499998
2562,2,เงินกองทุนวิจัยมหาวิทยาลัย   ,ภายใน,¿¿¿¿¿¿¿¿¿¿¿¿¿¿¿,¿¿¿¿¿¿¿¿¿¿¿¿¿¿¿,190208.3045
2562,2,เงินกองทุนวิจัยมหาวิทยาลัย   ,ภายใน,¿¿¿¿¿¿¿¿¿¿¿¿¿¿¿,¿¿¿¿¿¿¿¿¿¿¿¿¿¿¿¿¿,4644269.382499999
2562,2,เงินกองทุนวิจัยมหาวิทยาลัย   ,ภายใน,¿¿¿¿¿¿¿¿¿¿¿¿¿¿¿,¿¿¿¿¿¿¿¿¿¿¿¿¿¿¿¿¿¿,1386126.7935000001
2562,2,เงินกองทุนวิจัยมหาวิทยาลัย   ,ภายใน,¿¿¿¿¿¿¿¿¿¿¿¿¿¿¿,¿¿¿¿¿¿¿¿¿¿¿¿¿¿¿¿¿¿¿,406440.66599999997
2562,2,เงินกองทุนวิจัยมหาวิทยาลัย   ,ภายใน,¿¿¿¿¿¿¿¿¿¿¿¿¿¿¿,¿¿¿¿¿¿¿¿¿¿¿¿¿¿¿¿¿¿¿¿¿¿¿,202500.0
2562,2,เงินกองทุนวิจัยมหาวิทยาลัย   ,ภายใน,¿¿¿¿¿¿¿¿¿¿¿¿¿¿¿,¿¿¿¿¿¿¿¿¿¿¿¿¿¿¿¿¿¿¿¿¿¿¿¿¿¿,469375.70599999995
2562,2,เงินกองทุนวิจัยมหาวิทยาลัย   ,ภายใน,¿¿¿¿¿¿¿¿¿¿¿¿¿¿¿,¿¿¿¿¿¿¿¿¿¿¿¿¿¿¿¿¿¿¿¿¿¿¿¿¿¿¿¿,35824.5595
2562,2,เงินกองทุนวิจัยมหาวิทยาลัย   ,ภายใน,¿¿¿¿¿¿¿¿¿¿¿¿¿¿¿¿¿¿¿¿,¿¿¿¿¿¿¿¿¿¿¿¿¿¿¿¿¿ ¿¿¿¿¿¿¿¿¿¿¿¿¿¿¿¿¿¿¿¿,33623.331
2562,2,เงินกองทุนวิจัยมหาวิทยาลัย   ,ภายใน,¿¿¿¿¿¿¿¿¿¿¿¿¿¿¿¿¿¿¿¿,¿¿¿¿¿¿¿¿¿¿¿¿¿¿¿¿¿¿¿¿¿¿¿¿¿¿¿¿¿¿,317773.98600000003
2562,2,เงินกองทุนวิจัยมหาวิทยาลัย   ,ภายใน,¿¿¿¿¿¿¿¿¿¿¿¿¿¿¿¿¿¿¿¿,¿¿¿¿¿¿¿¿¿¿¿¿¿¿¿¿¿¿¿¿¿¿¿¿¿¿¿¿¿¿¿¿¿¿¿¿,1175215.825
2562,3,เงินจากแหล่งทุนภายนอก ในประเทศไทย,ภายนอก,¿¿¿¿¿¿¿¿¿¿¿¿,¿¿¿¿¿¿¿¿¿¿¿¿¿¿¿¿¿¿¿¿,231325.001
2562,3,เงินจากแหล่งทุนภายนอก ในประเทศไทย,ภายนอก,¿¿¿¿¿¿¿¿¿¿¿¿,¿¿¿¿¿¿¿¿¿¿¿¿¿¿¿¿¿¿¿¿¿¿¿¿¿¿¿,2094628.338
2562,3,เงินจากแหล่งทุนภายนอก ในประเทศไทย,ภายนอก,¿¿¿¿¿¿¿¿¿¿¿¿¿¿,¿¿¿¿¿¿¿¿¿¿¿¿¿¿¿¿¿¿¿¿¿¿,104166.67
2562,3,เงินจากแหล่งทุนภายนอก ในประเทศไทย,ภายนอก,¿¿¿¿¿¿¿¿¿¿¿¿¿¿,¿¿¿¿¿¿¿¿¿¿¿¿¿¿¿¿¿¿¿¿¿¿¿¿¿¿,1485816.66
2562,3,เงินจากแหล่งทุนภายนอก ในประเทศไทย,ภายนอก,¿¿¿¿¿¿¿¿¿¿¿¿¿¿,¿¿¿¿¿¿¿¿¿¿¿¿¿¿¿¿¿¿¿¿¿¿¿¿¿¿¿¿,150868.5
2562,3,เงินจากแหล่งทุนภายนอก ในประเทศไทย,ภายนอก,¿¿¿¿¿¿¿¿¿¿¿¿¿¿¿,¿¿¿¿¿¿¿¿¿¿¿¿,423500.0
2562,3,เงินจากแหล่งทุนภายนอก ในประเทศไทย,ภายนอก,¿¿¿¿¿¿¿¿¿¿¿¿¿¿¿,¿¿¿¿¿¿¿¿¿¿¿¿¿,17845003.805199996
2562,3,เงินจากแหล่งทุนภายนอก ในประเทศไทย,ภายนอก,¿¿¿¿¿¿¿¿¿¿¿¿¿¿¿,¿¿¿¿¿¿¿¿¿¿¿¿¿¿,49823851.44599999
2562,3,เงินจากแหล่งทุนภายนอก ในประเทศไทย,ภายนอก,¿¿¿¿¿¿¿¿¿¿¿¿¿¿¿,¿¿¿¿¿¿¿¿¿¿¿¿¿¿¿,1505303.2205
2562,3,เงินจากแหล่งทุนภายนอก ในประเทศไทย,ภายนอก,¿¿¿¿¿¿¿¿¿¿¿¿¿¿¿,¿¿¿¿¿¿¿¿¿¿¿¿¿¿¿ ¿¿¿¿¿¿¿¿¿¿¿¿¿¿¿,31359.999999999996
2562,3,เงินจากแหล่งทุนภายนอก ในประเทศไทย,ภายนอก,¿¿¿¿¿¿¿¿¿¿¿¿¿¿¿,¿¿¿¿¿¿¿¿¿¿¿¿¿¿¿¿,1335683.335
2562,3,เงินจากแหล่งทุนภายนอก ในประเทศไทย,ภายนอก,¿¿¿¿¿¿¿¿¿¿¿¿¿¿¿,¿¿¿¿¿¿¿¿¿¿¿¿¿¿¿¿ ¿¿¿¿¿¿¿¿¿¿¿¿¿¿¿,353750.01
2562,3,เงินจากแหล่งทุนภายนอก ในประเทศไทย,ภายนอก,¿¿¿¿¿¿¿¿¿¿¿¿¿¿¿,¿¿¿¿¿¿¿¿¿¿¿¿¿¿¿¿¿,40097654.378599994
2562,3,เงินจากแหล่งทุนภายนอก ในประเทศไทย,ภายนอก,¿¿¿¿¿¿¿¿¿¿¿¿¿¿¿,¿¿¿¿¿¿¿¿¿¿¿¿¿¿¿¿¿ ¿¿¿¿¿¿¿¿¿¿¿¿¿¿¿¿¿¿¿¿¿¿¿¿,49488.825000000004
2562,3,เงินจากแหล่งทุนภายนอก ในประเทศไทย,ภายนอก,¿¿¿¿¿¿¿¿¿¿¿¿¿¿¿,¿¿¿¿¿¿¿¿¿¿¿¿¿¿¿¿¿¿,5349713.6158
2562,3,เงินจากแหล่งทุนภายนอก ในประเทศไทย,ภายนอก,¿¿¿¿¿¿¿¿¿¿¿¿¿¿¿,¿¿¿¿¿¿¿¿¿¿¿¿¿¿¿¿¿¿¿,16161856.2612
2562,3,เงินจากแหล่งทุนภายนอก ในประเทศไทย,ภายนอก,¿¿¿¿¿¿¿¿¿¿¿¿¿¿¿,¿¿¿¿¿¿¿¿¿¿¿¿¿¿¿¿¿¿¿¿¿¿¿,3035418.0689999997
2562,3,เงินจากแหล่งทุนภายนอก ในประเทศไทย,ภายนอก,¿¿¿¿¿¿¿¿¿¿¿¿¿¿¿,¿¿¿¿¿¿¿¿¿¿¿¿¿¿¿¿¿¿¿¿¿¿¿¿¿¿,20636354.974999998
2562,3,เงินจากแหล่งทุนภายนอก ในประเทศไทย,ภายนอก,¿¿¿¿¿¿¿¿¿¿¿¿¿¿¿,¿¿¿¿¿¿¿¿¿¿¿¿¿¿¿¿¿¿¿¿¿¿¿¿¿¿¿¿,5486926.7439
2562,3,เงินจากแหล่งทุนภายนอก ในประเทศไทย,ภายนอก,¿¿¿¿¿¿¿¿¿¿¿¿¿¿¿,¿¿¿¿¿¿¿¿¿¿¿¿¿¿¿¿¿¿¿¿¿¿¿¿¿¿¿¿¿¿¿,285466.66599999997
2562,3,เงินจากแหล่งทุนภายนอก ในประเทศไทย,ภายนอก,¿¿¿¿¿¿¿¿¿¿¿¿¿¿¿,¿¿¿¿¿¿¿¿¿¿¿¿¿¿¿¿¿¿¿¿¿¿¿¿¿¿¿¿¿¿¿ (¿¿¿¿.¿.¿.),50000.0
2562,3,เงินจากแหล่งทุนภายนอก ในประเทศไทย,ภายนอก,¿¿¿¿¿¿¿¿¿¿¿¿¿¿¿¿¿¿¿¿,¿¿¿¿¿¿¿¿¿¿¿¿¿¿¿¿¿ ¿¿¿¿¿¿¿¿¿¿¿¿¿¿¿¿¿¿¿¿,3875580.0000000005
2562,3,เงินจากแหล่งทุนภายนอก ในประเทศไทย,ภายนอก,¿¿¿¿¿¿¿¿¿¿¿¿¿¿¿¿¿¿¿¿,¿¿¿¿¿¿¿¿¿¿¿¿¿¿¿¿¿¿¿¿¿¿¿¿¿¿¿¿¿¿,3301680.0919999997
2562,3,เงินจากแหล่งทุนภายนอก ในประเทศไทย,ภายนอก,¿¿¿¿¿¿¿¿¿¿¿¿¿¿¿¿¿¿¿¿,¿¿¿¿¿¿¿¿¿¿¿¿¿¿¿¿¿¿¿¿¿¿¿¿¿¿¿¿¿¿¿¿¿¿¿¿,70714563.486
2562,4,เงินจากแหล่งทุนภายนอก ต่างประเทศ,ภายนอก,¿¿¿¿¿¿¿¿¿¿¿¿¿¿¿,¿¿¿¿¿¿¿¿¿¿¿¿¿,5699817.285
2562,4,เงินจากแหล่งทุนภายนอก ต่างประเทศ,ภายนอก,¿¿¿¿¿¿¿¿¿¿¿¿¿¿¿,¿¿¿¿¿¿¿¿¿¿¿¿¿¿,300268.74
2562,4,เงินจากแหล่งทุนภายนอก ต่างประเทศ,ภายนอก,¿¿¿¿¿¿¿¿¿¿¿¿¿¿¿,¿¿¿¿¿¿¿¿¿¿¿¿¿¿¿,49117.5
2562,4,เงินจากแหล่งทุนภายนอก ต่างประเทศ,ภายนอก,¿¿¿¿¿¿¿¿¿¿¿¿¿¿¿,¿¿¿¿¿¿¿¿¿¿¿¿¿¿¿¿,781000.0
2562,4,เงินจากแหล่งทุนภายนอก ต่างประเทศ,ภายนอก,¿¿¿¿¿¿¿¿¿¿¿¿¿¿¿,¿¿¿¿¿¿¿¿¿¿¿¿¿¿¿¿¿,47962.5
2562,4,เงินจากแหล่งทุนภายนอก ต่างประเทศ,ภายนอก,¿¿¿¿¿¿¿¿¿¿¿¿¿¿¿,¿¿¿¿¿¿¿¿¿¿¿¿¿¿¿¿¿¿¿,591802.2
2562,4,เงินจากแหล่งทุนภายนอก ต่างประเทศ,ภายนอก,¿¿¿¿¿¿¿¿¿¿¿¿¿¿¿¿¿¿¿¿,¿¿¿¿¿¿¿¿¿¿¿¿¿¿¿¿¿¿¿¿¿¿¿¿¿¿¿¿¿¿¿¿¿¿¿¿,1066594.84
2562,6,เงินรายได้คณะ (เงินรายได้),ภายใน,¿¿¿¿¿¿¿¿¿¿¿¿¿¿¿,¿¿¿¿¿¿¿¿¿¿¿¿¿,19118.75
2562,6,เงินรายได้คณะ (เงินรายได้),ภายใน,¿¿¿¿¿¿¿¿¿¿¿¿¿¿¿,¿¿¿¿¿¿¿¿¿¿¿¿¿¿,206334.998
2562,6,เงินรายได้คณะ (เงินรายได้),ภายใน,¿¿¿¿¿¿¿¿¿¿¿¿¿¿¿,¿¿¿¿¿¿¿¿¿¿¿¿¿¿¿¿¿,368333.34
2562,6,เงินรายได้คณะ (เงินรายได้),ภายใน,¿¿¿¿¿¿¿¿¿¿¿¿¿¿¿,¿¿¿¿¿¿¿¿¿¿¿¿¿¿¿¿¿¿,33333.33
2562,6,เงินรายได้คณะ (เงินรายได้),ภายใน,¿¿¿¿¿¿¿¿¿¿¿¿¿¿¿,¿¿¿¿¿¿¿¿¿¿¿¿¿¿¿¿¿¿¿¿¿¿¿¿¿¿,1298333.3299999998
2562,7,เงินรายได้คณะ (กองทุนวิจัย),ภายใน,¿¿¿¿¿¿¿¿¿¿¿¿¿¿,¿¿¿¿¿¿¿¿¿¿¿¿¿¿¿¿¿¿¿¿¿¿,442999.99
2562,7,เงินรายได้คณะ (กองทุนวิจัย),ภายใน,¿¿¿¿¿¿¿¿¿¿¿¿¿¿,¿¿¿¿¿¿¿¿¿¿¿¿¿¿¿¿¿¿¿¿¿¿¿¿¿¿,566500.0
2562,7,เงินรายได้คณะ (กองทุนวิจัย),ภายใน,¿¿¿¿¿¿¿¿¿¿¿¿¿¿¿,¿¿¿¿¿¿¿¿¿¿¿¿¿,5125307.482500002
2562,7,เงินรายได้คณะ (กองทุนวิจัย),ภายใน,¿¿¿¿¿¿¿¿¿¿¿¿¿¿¿,¿¿¿¿¿¿¿¿¿¿¿¿¿¿,2223808.172
2562,7,เงินรายได้คณะ (กองทุนวิจัย),ภายใน,¿¿¿¿¿¿¿¿¿¿¿¿¿¿¿,¿¿¿¿¿¿¿¿¿¿¿¿¿¿¿,580543.981
2562,7,เงินรายได้คณะ (กองทุนวิจัย),ภายใน,¿¿¿¿¿¿¿¿¿¿¿¿¿¿¿,¿¿¿¿¿¿¿¿¿¿¿¿¿¿¿ ¿¿¿¿¿¿¿¿¿¿¿¿¿¿¿,43500.003000000004
2562,7,เงินรายได้คณะ (กองทุนวิจัย),ภายใน,¿¿¿¿¿¿¿¿¿¿¿¿¿¿¿,¿¿¿¿¿¿¿¿¿¿¿¿¿¿¿¿¿,1764125.353
2562,7,เงินรายได้คณะ (กองทุนวิจัย),ภายใน,¿¿¿¿¿¿¿¿¿¿¿¿¿¿¿,¿¿¿¿¿¿¿¿¿¿¿¿¿¿¿¿¿¿,143292.5
2562,7,เงินรายได้คณะ (กองทุนวิจัย),ภายใน,¿¿¿¿¿¿¿¿¿¿¿¿¿¿¿,¿¿¿¿¿¿¿¿¿¿¿¿¿¿¿¿¿¿¿,398999.995
2562,7,เงินรายได้คณะ (กองทุนวิจัย),ภายใน,¿¿¿¿¿¿¿¿¿¿¿¿¿¿¿,¿¿¿¿¿¿¿¿¿¿¿¿¿¿¿¿¿¿¿¿¿¿¿¿¿¿,1201182.0579999997
2562,7,เงินรายได้คณะ (กองทุนวิจัย),ภายใน,¿¿¿¿¿¿¿¿¿¿¿¿¿¿¿,¿¿¿¿¿¿¿¿¿¿¿¿¿¿¿¿¿¿¿¿¿¿¿¿¿¿¿¿,280853.33700000006
2562,7,เงินรายได้คณะ (กองทุนวิจัย),ภายใน,¿¿¿¿¿¿¿¿¿¿¿¿¿¿¿¿¿¿¿¿,¿¿¿¿¿¿¿¿¿¿¿¿¿¿¿¿¿¿¿¿¿¿¿¿¿¿¿¿¿¿¿¿¿¿¿¿,9782.6075
2562,8,เงินกองทุนวิจัยวิทยาเขต,ภายใน,¿¿¿¿¿¿¿¿¿¿¿¿,¿¿¿¿¿¿¿¿¿¿¿¿¿¿¿¿¿ ¿¿¿¿¿¿¿¿¿¿¿¿,14950.0
2562,8,เงินกองทุนวิจัยวิทยาเขต,ภายใน,¿¿¿¿¿¿¿¿¿¿¿¿,¿¿¿¿¿¿¿¿¿¿¿¿¿¿¿¿¿¿¿¿¿¿¿¿¿¿¿,48927.5
2562,8,เงินกองทุนวิจัยวิทยาเขต,ภายใน,¿¿¿¿¿¿¿¿¿¿¿¿¿¿,¿¿¿¿¿¿¿¿¿¿¿¿¿¿¿¿¿ ¿¿¿¿¿¿¿¿¿¿¿¿¿¿,6695.3315
2562,8,เงินกองทุนวิจัยวิทยาเขต,ภายใน,¿¿¿¿¿¿¿¿¿¿¿¿¿¿,¿¿¿¿¿¿¿¿¿¿¿¿¿¿¿¿¿¿¿¿¿¿,80477.9985
2562,8,เงินกองทุนวิจัยวิทยาเขต,ภายใน,¿¿¿¿¿¿¿¿¿¿¿¿¿¿,¿¿¿¿¿¿¿¿¿¿¿¿¿¿¿¿¿¿¿¿¿¿¿¿¿¿,38750.0
2562,8,เงินกองทุนวิจัยวิทยาเขต,ภายใน,¿¿¿¿¿¿¿¿¿¿¿¿¿¿¿,¿¿¿¿¿¿¿¿¿¿¿¿¿¿,172033.3335
2562,8,เงินกองทุนวิจัยวิทยาเขต,ภายใน,¿¿¿¿¿¿¿¿¿¿¿¿¿¿¿,¿¿¿¿¿¿¿¿¿¿¿¿¿¿¿¿¿¿¿,164450.664
2562,8,เงินกองทุนวิจัยวิทยาเขต,ภายใน,¿¿¿¿¿¿¿¿¿¿¿¿¿¿¿,¿¿¿¿¿¿¿¿¿¿¿¿¿¿¿¿¿¿¿¿¿¿¿¿¿¿,670375.8439999999
2562,8,เงินกองทุนวิจัยวิทยาเขต,ภายใน,¿¿¿¿¿¿¿¿¿¿¿¿¿¿¿,¿¿¿¿¿¿¿¿¿¿¿¿¿¿¿¿¿¿¿¿¿¿¿¿¿¿¿¿,77315.5
2562,8,เงินกองทุนวิจัยวิทยาเขต,ภายใน,¿¿¿¿¿¿¿¿¿¿¿¿¿¿¿,¿¿¿¿¿¿¿¿¿¿¿¿¿¿¿¿¿¿¿¿¿¿¿¿¿¿¿¿¿¿¿¿¿,58333.33
2562,8,เงินกองทุนวิจัยวิทยาเขต,ภายใน,¿¿¿¿¿¿¿¿¿¿¿¿¿¿¿¿¿¿¿¿,¿¿¿¿¿¿¿¿¿¿¿¿¿¿¿¿¿ ¿¿¿¿¿¿¿¿¿¿¿¿¿¿¿¿¿¿¿¿,928994.1660000001
2562,8,เงินกองทุนวิจัยวิทยาเขต,ภายใน,¿¿¿¿¿¿¿¿¿¿¿¿¿¿¿¿¿¿¿¿,¿¿¿¿¿¿¿¿¿¿¿¿¿¿¿¿¿¿¿¿¿¿¿¿¿¿¿¿¿¿,834065.4025
2562,8,เงินกองทุนวิจัยวิทยาเขต,ภายใน,¿¿¿¿¿¿¿¿¿¿¿¿¿¿¿¿¿¿¿¿,¿¿¿¿¿¿¿¿¿¿¿¿¿¿¿¿¿¿¿¿¿¿¿¿¿¿¿¿¿¿¿¿¿¿¿¿,6876864.034000001
2562,9,เงินรายได้วิทยาเขต,ภายใน,¿¿¿¿¿¿¿¿¿¿¿¿¿¿¿,¿¿¿¿¿¿¿¿¿¿¿¿¿¿¿¿¿¿¿¿¿¿¿¿¿¿,23282.5
2562,9,เงินรายได้วิทยาเขต,ภายใน,¿¿¿¿¿¿¿¿¿¿¿¿¿¿¿¿¿¿¿¿,¿¿¿¿¿¿¿¿¿¿¿¿¿¿¿¿¿¿¿¿¿¿¿¿¿¿¿¿¿¿¿¿¿¿¿¿,24858.75
2562,11,ไม่ระบุ,,¿¿¿¿¿¿¿¿¿¿¿¿¿¿,¿¿¿¿¿¿¿¿¿¿¿¿¿¿¿¿¿¿¿¿¿¿,125000.0
2562,11,ไม่ระบุ,,¿¿¿¿¿¿¿¿¿¿¿¿¿¿¿,¿¿¿¿¿¿¿¿¿¿¿¿¿,152337.494
2562,11,ไม่ระบุ,,¿¿¿¿¿¿¿¿¿¿¿¿¿¿¿,¿¿¿¿¿¿¿¿¿¿¿¿¿¿,1071887.827
2562,11,ไม่ระบุ,,¿¿¿¿¿¿¿¿¿¿¿¿¿¿¿,¿¿¿¿¿¿¿¿¿¿¿¿¿¿¿,326768.635
2562,11,ไม่ระบุ,,¿¿¿¿¿¿¿¿¿¿¿¿¿¿¿,¿¿¿¿¿¿¿¿¿¿¿¿¿¿¿¿¿,79894.736
2562,11,ไม่ระบุ,,¿¿¿¿¿¿¿¿¿¿¿¿¿¿¿,¿¿¿¿¿¿¿¿¿¿¿¿¿¿¿¿¿¿,159789.472
2562,11,ไม่ระบุ,,¿¿¿¿¿¿¿¿¿¿¿¿¿¿¿,¿¿¿¿¿¿¿¿¿¿¿¿¿¿¿¿¿¿¿¿¿¿¿¿¿¿¿¿,677333.3190000001
2562,11,ไม่ระบุ,,¿¿¿¿¿¿¿¿¿¿¿¿¿¿¿,¿¿¿¿¿¿¿¿¿¿¿¿¿¿¿¿¿¿¿¿¿¿¿¿¿¿¿¿¿¿¿,0.0
2562,11,ไม่ระบุ,,¿¿¿¿¿¿¿¿¿¿¿¿¿¿¿¿¿¿¿¿,¿¿¿¿¿¿¿¿¿¿¿¿¿¿¿¿¿¿¿¿¿¿¿¿¿¿¿¿¿¿,60521.200000000004
2562,11,ไม่ระบุ,,¿¿¿¿¿¿¿¿¿¿¿¿¿¿¿¿¿¿¿¿,¿¿¿¿¿¿¿¿¿¿¿¿¿¿¿¿¿¿¿¿¿¿¿¿¿¿¿¿¿¿¿¿¿¿¿¿,90781.8
2563,1,เงินงบประมาณแผ่นดิน   ,ภายนอก,¿¿¿¿¿¿¿¿¿¿¿¿,¿¿¿¿¿¿¿¿¿¿¿¿¿¿¿¿¿¿¿¿,93333.33
2563,1,เงินงบประมาณแผ่นดิน   ,ภายนอก,¿¿¿¿¿¿¿¿¿¿¿¿,¿¿¿¿¿¿¿¿¿¿¿¿¿¿¿¿¿¿¿¿¿¿¿¿¿¿¿,490000.01000000024
2563,1,เงินงบประมาณแผ่นดิน   ,ภายนอก,¿¿¿¿¿¿¿¿¿¿¿¿¿¿,¿¿¿¿¿¿¿¿¿¿¿¿¿,73645.835
2563,1,เงินงบประมาณแผ่นดิน   ,ภายนอก,¿¿¿¿¿¿¿¿¿¿¿¿¿¿,¿¿¿¿¿¿¿¿¿¿¿¿¿¿¿¿¿¿¿¿¿¿,165520.83500000002
2563,1,เงินงบประมาณแผ่นดิน   ,ภายนอก,¿¿¿¿¿¿¿¿¿¿¿¿¿¿,¿¿¿¿¿¿¿¿¿¿¿¿¿¿¿¿¿¿¿¿¿¿¿¿¿¿,459987.50000000006
2563,1,เงินงบประมาณแผ่นดิน   ,ภายนอก,¿¿¿¿¿¿¿¿¿¿¿¿¿¿,¿¿¿¿¿¿¿¿¿¿¿¿¿¿¿¿¿¿¿¿¿¿¿¿¿¿¿¿,116666.67
2563,1,เงินงบประมาณแผ่นดิน   ,ภายนอก,¿¿¿¿¿¿¿¿¿¿¿¿¿¿¿,¿¿¿¿¿¿¿¿¿¿¿¿,137725.0005
2563,1,เงินงบประมาณแผ่นดิน   ,ภายนอก,¿¿¿¿¿¿¿¿¿¿¿¿¿¿¿,¿¿¿¿¿¿¿¿¿¿¿¿¿,912833.3289999998
2563,1,เงินงบประมาณแผ่นดิน   ,ภายนอก,¿¿¿¿¿¿¿¿¿¿¿¿¿¿¿,¿¿¿¿¿¿¿¿¿¿¿¿¿¿,2303690.539
2563,1,เงินงบประมาณแผ่นดิน   ,ภายนอก,¿¿¿¿¿¿¿¿¿¿¿¿¿¿¿,¿¿¿¿¿¿¿¿¿¿¿¿¿¿¿,370241.6699999999
2563,1,เงินงบประมาณแผ่นดิน   ,ภายนอก,¿¿¿¿¿¿¿¿¿¿¿¿¿¿¿,¿¿¿¿¿¿¿¿¿¿¿¿¿¿¿¿,58333.335999999996
2563,1,เงินงบประมาณแผ่นดิน   ,ภายนอก,¿¿¿¿¿¿¿¿¿¿¿¿¿¿¿,¿¿¿¿¿¿¿¿¿¿¿¿¿¿¿¿¿,1466888.3200000003
2563,1,เงินงบประมาณแผ่นดิน   ,ภายนอก,¿¿¿¿¿¿¿¿¿¿¿¿¿¿¿,¿¿¿¿¿¿¿¿¿¿¿¿¿¿¿¿¿¿,2516318.649
2563,1,เงินงบประมาณแผ่นดิน   ,ภายนอก,¿¿¿¿¿¿¿¿¿¿¿¿¿¿¿,¿¿¿¿¿¿¿¿¿¿¿¿¿¿¿¿¿¿¿,702965.716
2563,1,เงินงบประมาณแผ่นดิน   ,ภายนอก,¿¿¿¿¿¿¿¿¿¿¿¿¿¿¿,¿¿¿¿¿¿¿¿¿¿¿¿¿¿¿¿¿¿¿¿¿¿¿¿¿¿,1324932.7719999999
2563,1,เงินงบประมาณแผ่นดิน   ,ภายนอก,¿¿¿¿¿¿¿¿¿¿¿¿¿¿¿,¿¿¿¿¿¿¿¿¿¿¿¿¿¿¿¿¿¿¿¿¿¿¿¿¿¿¿¿,163041.6695
2563,1,เงินงบประมาณแผ่นดิน   ,ภายนอก,¿¿¿¿¿¿¿¿¿¿¿¿¿¿¿,¿¿¿¿¿¿¿¿¿¿¿¿¿¿¿¿¿¿¿¿¿¿¿¿¿¿¿¿¿¿¿ (¿¿¿¿.¿.¿.),5833.3330000000005
2563,1,เงินงบประมาณแผ่นดิน   ,ภายนอก,¿¿¿¿¿¿¿¿¿¿¿¿¿¿¿¿¿¿¿¿,¿¿¿¿¿¿¿¿¿¿¿¿¿¿¿¿¿¿¿¿¿¿¿¿¿¿¿¿¿¿,411154.91650000005
2563,1,เงินงบประมาณแผ่นดิน   ,ภายนอก,¿¿¿¿¿¿¿¿¿¿¿¿¿¿¿¿¿¿¿¿,¿¿¿¿¿¿¿¿¿¿¿¿¿¿¿¿¿¿¿¿¿¿¿¿¿¿¿¿¿¿¿¿¿¿¿¿,1566794.0365000002
2563,2,เงินกองทุนวิจัยมหาวิทยาลัย   ,ภายใน,¿¿¿¿¿¿¿¿¿¿¿¿¿¿¿,¿¿¿¿¿¿¿¿¿¿¿¿,22105.261499999997
2563,2,เงินกองทุนวิจัยมหาวิทยาลัย   ,ภายใน,¿¿¿¿¿¿¿¿¿¿¿¿¿¿¿,¿¿¿¿¿¿¿¿¿¿¿¿¿,404561.8735
2563,2,เงินกองทุนวิจัยมหาวิทยาลัย   ,ภายใน,¿¿¿¿¿¿¿¿¿¿¿¿¿¿¿,¿¿¿¿¿¿¿¿¿¿¿¿¿¿,8045302.189999998
2563,2,เงินกองทุนวิจัยมหาวิทยาลัย   ,ภายใน,¿¿¿¿¿¿¿¿¿¿¿¿¿¿¿,¿¿¿¿¿¿¿¿¿¿¿¿¿¿¿,134218.74300000002
2563,2,เงินกองทุนวิจัยมหาวิทยาลัย   ,ภายใน,¿¿¿¿¿¿¿¿¿¿¿¿¿¿¿,¿¿¿¿¿¿¿¿¿¿¿¿¿¿¿¿¿,3228737.2229999998
2563,2,เงินกองทุนวิจัยมหาวิทยาลัย   ,ภายใน,¿¿¿¿¿¿¿¿¿¿¿¿¿¿¿,¿¿¿¿¿¿¿¿¿¿¿¿¿¿¿¿¿¿,1286213.6761
2563,2,เงินกองทุนวิจัยมหาวิทยาลัย   ,ภายใน,¿¿¿¿¿¿¿¿¿¿¿¿¿¿¿,¿¿¿¿¿¿¿¿¿¿¿¿¿¿¿¿¿¿¿,169480.25199999998
2563,2,เงินกองทุนวิจัยมหาวิทยาลัย   ,ภายใน,¿¿¿¿¿¿¿¿¿¿¿¿¿¿¿,¿¿¿¿¿¿¿¿¿¿¿¿¿¿¿¿¿¿¿¿¿¿¿,87500.0
2563,2,เงินกองทุนวิจัยมหาวิทยาลัย   ,ภายใน,¿¿¿¿¿¿¿¿¿¿¿¿¿¿¿,¿¿¿¿¿¿¿¿¿¿¿¿¿¿¿¿¿¿¿¿¿¿¿¿¿¿,739879.9872
2563,2,เงินกองทุนวิจัยมหาวิทยาลัย   ,ภายใน,¿¿¿¿¿¿¿¿¿¿¿¿¿¿¿,¿¿¿¿¿¿¿¿¿¿¿¿¿¿¿¿¿¿¿¿¿¿¿¿¿¿¿¿,77964.9125
2563,2,เงินกองทุนวิจัยมหาวิทยาลัย   ,ภายใน,¿¿¿¿¿¿¿¿¿¿¿¿¿¿¿¿¿¿¿¿,¿¿¿¿¿¿¿¿¿¿¿¿¿¿¿¿¿¿¿¿¿¿¿¿¿¿¿¿¿¿,193788.0
2563,2,เงินกองทุนวิจัยมหาวิทยาลัย   ,ภายใน,¿¿¿¿¿¿¿¿¿¿¿¿¿¿¿¿¿¿¿¿,¿¿¿¿¿¿¿¿¿¿¿¿¿¿¿¿¿¿¿¿¿¿¿¿¿¿¿¿¿¿¿¿¿¿¿¿,1130938.33
2563,3,เงินจากแหล่งทุนภายนอก ในประเทศไทย,ภายนอก,¿¿¿¿¿¿¿¿¿¿¿¿,¿¿¿¿¿¿¿¿¿¿¿¿¿¿¿¿¿¿¿¿,240000.0
2563,3,เงินจากแหล่งทุนภายนอก ในประเทศไทย,ภายนอก,¿¿¿¿¿¿¿¿¿¿¿¿,¿¿¿¿¿¿¿¿¿¿¿¿¿¿¿¿¿¿¿¿¿¿¿¿¿¿¿,597908.3300000001
2563,3,เงินจากแหล่งทุนภายนอก ในประเทศไทย,ภายนอก,¿¿¿¿¿¿¿¿¿¿¿¿¿¿,¿¿¿¿¿¿¿¿¿¿¿¿¿,62500.0
2563,3,เงินจากแหล่งทุนภายนอก ในประเทศไทย,ภายนอก,¿¿¿¿¿¿¿¿¿¿¿¿¿¿,¿¿¿¿¿¿¿¿¿¿¿¿¿¿¿¿¿¿¿¿¿¿,187500.0
2563,3,เงินจากแหล่งทุนภายนอก ในประเทศไทย,ภายนอก,¿¿¿¿¿¿¿¿¿¿¿¿¿¿,¿¿¿¿¿¿¿¿¿¿¿¿¿¿¿¿¿¿¿¿¿¿¿¿¿¿,2371835.42
2563,3,เงินจากแหล่งทุนภายนอก ในประเทศไทย,ภายนอก,¿¿¿¿¿¿¿¿¿¿¿¿¿¿,¿¿¿¿¿¿¿¿¿¿¿¿¿¿¿¿¿¿¿¿¿¿¿¿¿¿¿¿,108529.95000000001
2563,3,เงินจากแหล่งทุนภายนอก ในประเทศไทย,ภายนอก,¿¿¿¿¿¿¿¿¿¿¿¿¿¿¿,¿¿¿¿¿¿¿¿¿¿¿¿,352916.6662
2563,3,เงินจากแหล่งทุนภายนอก ในประเทศไทย,ภายนอก,¿¿¿¿¿¿¿¿¿¿¿¿¿¿¿,¿¿¿¿¿¿¿¿¿¿¿¿¿,10089043.010099998
2563,3,เงินจากแหล่งทุนภายนอก ในประเทศไทย,ภายนอก,¿¿¿¿¿¿¿¿¿¿¿¿¿¿¿,¿¿¿¿¿¿¿¿¿¿¿¿¿¿,29313922.272799995
2563,3,เงินจากแหล่งทุนภายนอก ในประเทศไทย,ภายนอก,¿¿¿¿¿¿¿¿¿¿¿¿¿¿¿,¿¿¿¿¿¿¿¿¿¿¿¿¿¿¿,206187.831
2563,3,เงินจากแหล่งทุนภายนอก ในประเทศไทย,ภายนอก,¿¿¿¿¿¿¿¿¿¿¿¿¿¿¿,¿¿¿¿¿¿¿¿¿¿¿¿¿¿¿ ¿¿¿¿¿¿¿¿¿¿¿¿¿¿¿,15679.999999999998
2563,3,เงินจากแหล่งทุนภายนอก ในประเทศไทย,ภายนอก,¿¿¿¿¿¿¿¿¿¿¿¿¿¿¿,¿¿¿¿¿¿¿¿¿¿¿¿¿¿¿¿,110516.66500000001
2563,3,เงินจากแหล่งทุนภายนอก ในประเทศไทย,ภายนอก,¿¿¿¿¿¿¿¿¿¿¿¿¿¿¿,¿¿¿¿¿¿¿¿¿¿¿¿¿¿¿¿ ¿¿¿¿¿¿¿¿¿¿¿¿¿¿¿,566000.0
2563,3,เงินจากแหล่งทุนภายนอก ในประเทศไทย,ภายนอก,¿¿¿¿¿¿¿¿¿¿¿¿¿¿¿,¿¿¿¿¿¿¿¿¿¿¿¿¿¿¿¿¿,16295082.277999999
2563,3,เงินจากแหล่งทุนภายนอก ในประเทศไทย,ภายนอก,¿¿¿¿¿¿¿¿¿¿¿¿¿¿¿,¿¿¿¿¿¿¿¿¿¿¿¿¿¿¿¿¿ ¿¿¿¿¿¿¿¿¿¿¿¿¿¿¿¿¿¿¿¿¿¿¿¿,16496.275
2563,3,เงินจากแหล่งทุนภายนอก ในประเทศไทย,ภายนอก,¿¿¿¿¿¿¿¿¿¿¿¿¿¿¿,¿¿¿¿¿¿¿¿¿¿¿¿¿¿¿¿¿¿,4357027.0426
2563,3,เงินจากแหล่งทุนภายนอก ในประเทศไทย,ภายนอก,¿¿¿¿¿¿¿¿¿¿¿¿¿¿¿,¿¿¿¿¿¿¿¿¿¿¿¿¿¿¿¿¿¿¿,7149146.4728
2563,3,เงินจากแหล่งทุนภายนอก ในประเทศไทย,ภายนอก,¿¿¿¿¿¿¿¿¿¿¿¿¿¿¿,¿¿¿¿¿¿¿¿¿¿¿¿¿¿¿¿¿¿¿¿¿¿¿,3632759.938
2563,3,เงินจากแหล่งทุนภายนอก ในประเทศไทย,ภายนอก,¿¿¿¿¿¿¿¿¿¿¿¿¿¿¿,¿¿¿¿¿¿¿¿¿¿¿¿¿¿¿¿¿¿¿¿¿¿¿¿¿¿,7868563.006600002
2563,3,เงินจากแหล่งทุนภายนอก ในประเทศไทย,ภายนอก,¿¿¿¿¿¿¿¿¿¿¿¿¿¿¿,¿¿¿¿¿¿¿¿¿¿¿¿¿¿¿¿¿¿¿¿¿¿¿¿¿¿¿¿,1879959.7274
2563,3,เงินจากแหล่งทุนภายนอก ในประเทศไทย,ภายนอก,¿¿¿¿¿¿¿¿¿¿¿¿¿¿¿,¿¿¿¿¿¿¿¿¿¿¿¿¿¿¿¿¿¿¿¿¿¿¿¿¿¿¿¿¿¿¿,33333.334
2563,3,เงินจากแหล่งทุนภายนอก ในประเทศไทย,ภายนอก,¿¿¿¿¿¿¿¿¿¿¿¿¿¿¿¿¿¿¿¿,¿¿¿¿¿¿¿¿¿¿¿¿¿¿¿¿¿¿¿¿¿¿¿¿¿¿¿¿¿¿,1197703.544
2563,3,เงินจากแหล่งทุนภายนอก ในประเทศไทย,ภายนอก,¿¿¿¿¿¿¿¿¿¿¿¿¿¿¿¿¿¿¿¿,¿¿¿¿¿¿¿¿¿¿¿¿¿¿¿¿¿¿¿¿¿¿¿¿¿¿¿¿¿¿¿¿¿¿¿¿,4027996.472
2563,4,เงินจากแหล่งทุนภายนอก ต่างประเทศ,ภายนอก,¿¿¿¿¿¿¿¿¿¿¿¿¿¿¿,¿¿¿¿¿¿¿¿¿¿¿¿¿,226546.545
2563,4,เงินจากแหล่งทุนภายนอก ต่างประเทศ,ภายนอก,¿¿¿¿¿¿¿¿¿¿¿¿¿¿¿,¿¿¿¿¿¿¿¿¿¿¿¿¿¿,185218.74
2563,4,เงินจากแหล่งทุนภายนอก ต่างประเทศ,ภายนอก,¿¿¿¿¿¿¿¿¿¿¿¿¿¿¿,¿¿¿¿¿¿¿¿¿¿¿¿¿¿¿,4093.1280000000006
2563,4,เงินจากแหล่งทุนภายนอก ต่างประเทศ,ภายนอก,¿¿¿¿¿¿¿¿¿¿¿¿¿¿¿,¿¿¿¿¿¿¿¿¿¿¿¿¿¿¿¿¿,112782.06999999999
2563,4,เงินจากแหล่งทุนภายนอก ต่างประเทศ,ภายนอก,¿¿¿¿¿¿¿¿¿¿¿¿¿¿¿,¿¿¿¿¿¿¿¿¿¿¿¿¿¿¿¿¿¿¿,394534.8
2563,4,เงินจากแหล่งทุนภายนอก ต่างประเทศ,ภายนอก,¿¿¿¿¿¿¿¿¿¿¿¿¿¿¿,¿¿¿¿¿¿¿¿¿¿¿¿¿¿¿¿¿¿¿¿¿¿¿¿¿¿¿¿,90000.0
2563,4,เงินจากแหล่งทุนภายนอก ต่างประเทศ,ภายนอก,¿¿¿¿¿¿¿¿¿¿¿¿¿¿¿¿¿¿¿¿,¿¿¿¿¿¿¿¿¿¿¿¿¿¿¿¿¿¿¿¿¿¿¿¿¿¿¿¿¿¿¿¿¿¿¿¿,562975.0
2563,6,เงินรายได้คณะ (เงินรายได้),ภายใน,¿¿¿¿¿¿¿¿¿¿¿¿¿¿¿,¿¿¿¿¿¿¿¿¿¿¿¿¿,36225.0
2563,6,เงินรายได้คณะ (เงินรายได้),ภายใน,¿¿¿¿¿¿¿¿¿¿¿¿¿¿¿,¿¿¿¿¿¿¿¿¿¿¿¿¿¿,47015.002
2563,6,เงินรายได้คณะ (เงินรายได้),ภายใน,¿¿¿¿¿¿¿¿¿¿¿¿¿¿¿,¿¿¿¿¿¿¿¿¿¿¿¿¿¿¿¿¿,106666.67
2563,6,เงินรายได้คณะ (เงินรายได้),ภายใน,¿¿¿¿¿¿¿¿¿¿¿¿¿¿¿,¿¿¿¿¿¿¿¿¿¿¿¿¿¿¿¿¿¿¿¿¿¿¿¿¿¿,371666.6599999999
2563,7,เงินรายได้คณะ (กองทุนวิจัย),ภายใน,¿¿¿¿¿¿¿¿¿¿¿¿¿¿,¿¿¿¿¿¿¿¿¿¿¿¿¿¿¿¿¿¿¿¿¿¿,386333.32999999996
2563,7,เงินรายได้คณะ (กองทุนวิจัย),ภายใน,¿¿¿¿¿¿¿¿¿¿¿¿¿¿,¿¿¿¿¿¿¿¿¿¿¿¿¿¿¿¿¿¿¿¿¿¿¿¿¿¿,124166.66999999998
2563,7,เงินรายได้คณะ (กองทุนวิจัย),ภายใน,¿¿¿¿¿¿¿¿¿¿¿¿¿¿¿,¿¿¿¿¿¿¿¿¿¿¿¿¿,2378419.2840000005
2563,7,เงินรายได้คณะ (กองทุนวิจัย),ภายใน,¿¿¿¿¿¿¿¿¿¿¿¿¿¿¿,¿¿¿¿¿¿¿¿¿¿¿¿¿¿,2244329.811
2563,7,เงินรายได้คณะ (กองทุนวิจัย),ภายใน,¿¿¿¿¿¿¿¿¿¿¿¿¿¿¿,¿¿¿¿¿¿¿¿¿¿¿¿¿¿¿,545198.5700000002
2563,7,เงินรายได้คณะ (กองทุนวิจัย),ภายใน,¿¿¿¿¿¿¿¿¿¿¿¿¿¿¿,¿¿¿¿¿¿¿¿¿¿¿¿¿¿¿ ¿¿¿¿¿¿¿¿¿¿¿¿¿¿¿,103499.99700000002
2563,7,เงินรายได้คณะ (กองทุนวิจัย),ภายใน,¿¿¿¿¿¿¿¿¿¿¿¿¿¿¿,¿¿¿¿¿¿¿¿¿¿¿¿¿¿¿¿¿,1108070.82
2563,7,เงินรายได้คณะ (กองทุนวิจัย),ภายใน,¿¿¿¿¿¿¿¿¿¿¿¿¿¿¿,¿¿¿¿¿¿¿¿¿¿¿¿¿¿¿¿¿¿¿,297916.67
2563,7,เงินรายได้คณะ (กองทุนวิจัย),ภายใน,¿¿¿¿¿¿¿¿¿¿¿¿¿¿¿,¿¿¿¿¿¿¿¿¿¿¿¿¿¿¿¿¿¿¿¿¿¿¿¿¿¿,350166.66000000003
2563,7,เงินรายได้คณะ (กองทุนวิจัย),ภายใน,¿¿¿¿¿¿¿¿¿¿¿¿¿¿¿,¿¿¿¿¿¿¿¿¿¿¿¿¿¿¿¿¿¿¿¿¿¿¿¿¿¿¿¿,40666.663
2563,8,เงินกองทุนวิจัยวิทยาเขต,ภายใน,¿¿¿¿¿¿¿¿¿¿¿¿,¿¿¿¿¿¿¿¿¿¿¿¿¿¿¿¿¿¿¿¿¿¿¿¿¿¿¿,409357.5
2563,8,เงินกองทุนวิจัยวิทยาเขต,ภายใน,¿¿¿¿¿¿¿¿¿¿¿¿¿¿,¿¿¿¿¿¿¿¿¿¿¿¿¿¿¿¿¿ ¿¿¿¿¿¿¿¿¿¿¿¿¿¿,33476.6685
2563,8,เงินกองทุนวิจัยวิทยาเขต,ภายใน,¿¿¿¿¿¿¿¿¿¿¿¿¿¿,¿¿¿¿¿¿¿¿¿¿¿¿¿¿¿¿¿¿¿¿¿¿,52390.0015
2563,8,เงินกองทุนวิจัยวิทยาเขต,ภายใน,¿¿¿¿¿¿¿¿¿¿¿¿¿¿¿,¿¿¿¿¿¿¿¿¿¿¿¿¿¿,176680.0005
2563,8,เงินกองทุนวิจัยวิทยาเขต,ภายใน,¿¿¿¿¿¿¿¿¿¿¿¿¿¿¿,¿¿¿¿¿¿¿¿¿¿¿¿¿¿¿¿¿¿¿,40405.336
2563,8,เงินกองทุนวิจัยวิทยาเขต,ภายใน,¿¿¿¿¿¿¿¿¿¿¿¿¿¿¿,¿¿¿¿¿¿¿¿¿¿¿¿¿¿¿¿¿¿¿¿¿¿¿¿¿¿,476654.729
2563,8,เงินกองทุนวิจัยวิทยาเขต,ภายใน,¿¿¿¿¿¿¿¿¿¿¿¿¿¿¿,¿¿¿¿¿¿¿¿¿¿¿¿¿¿¿¿¿¿¿¿¿¿¿¿¿¿¿¿,86222.0
2563,8,เงินกองทุนวิจัยวิทยาเขต,ภายใน,¿¿¿¿¿¿¿¿¿¿¿¿¿¿¿¿¿¿¿¿,¿¿¿¿¿¿¿¿¿¿¿¿¿¿¿¿¿ ¿¿¿¿¿¿¿¿¿¿¿¿¿¿¿¿¿¿¿¿,1279185.832
2563,8,เงินกองทุนวิจัยวิทยาเขต,ภายใน,¿¿¿¿¿¿¿¿¿¿¿¿¿¿¿¿¿¿¿¿,¿¿¿¿¿¿¿¿¿¿¿¿¿¿¿¿¿¿¿¿¿¿¿¿¿¿¿¿¿¿,1343989.5835
2563,8,เงินกองทุนวิจัยวิทยาเขต,ภายใน,¿¿¿¿¿¿¿¿¿¿¿¿¿¿¿¿¿¿¿¿,¿¿¿¿¿¿¿¿¿¿¿¿¿¿¿¿¿¿¿¿¿¿¿¿¿¿¿¿¿¿¿¿¿¿¿¿,9003765.427
2563,9,เงินรายได้วิทยาเขต,ภายใน,¿¿¿¿¿¿¿¿¿¿¿¿¿¿¿,¿¿¿¿¿¿¿¿¿¿¿¿¿¿¿¿¿¿¿¿¿¿¿¿¿¿,93130.0
2563,11,ไม่ระบุ,,¿¿¿¿¿¿¿¿¿¿¿¿¿¿¿,¿¿¿¿¿¿¿¿¿¿¿¿¿,18046.8705
2563,11,ไม่ระบุ,,¿¿¿¿¿¿¿¿¿¿¿¿¿¿¿,¿¿¿¿¿¿¿¿¿¿¿¿¿¿,431944.44
2563,11,ไม่ระบุ,,¿¿¿¿¿¿¿¿¿¿¿¿¿¿¿,¿¿¿¿¿¿¿¿¿¿¿¿¿¿¿,84218.729
2563,11,ไม่ระบุ,,¿¿¿¿¿¿¿¿¿¿¿¿¿¿¿,¿¿¿¿¿¿¿¿¿¿¿¿¿¿¿¿¿¿,345180.0
2563,11,ไม่ระบุ,,¿¿¿¿¿¿¿¿¿¿¿¿¿¿¿,¿¿¿¿¿¿¿¿¿¿¿¿¿¿¿¿¿¿¿¿¿¿¿¿¿¿¿¿,333333.33
