,request_no,title,document_rcv_date,register_date,type
0,2001002466,กระบวนการผลิตกรดไฮโปคลอรัสด้วยวิธีทางเคมีไฟฟ้า,2020-05-01,,PATENT
1,1701003868,อุปกรณ์ตรวจวัดเซลล์ยีสต์มีชีวิตและเซลล์ตายด้วยเทคนิคทางไฟฟ้าชนิดพกพา,2017-07-07,,PATENT
2,1801007138,อุปกรณ์ทดสอบหมู่เลือดแบบพกพา,2018-11-21,,PATENT
3,0201003349,ชุดตรวจสำเร็จรูปสำหรับวัดความกระด้างของน้ำ,2002-09-05,,PATENT
4,1801004138,เครื่องกระตุ้นการงอกของเมล็ดปาล์มน้ำมันด้วยสนามแม่เหล็ก,2018-07-11,,PATENT
5,1901005921,เครื่องมือป้องกันอันตรายจากการขูดมะพร้าว,2019-09-20,,PATENT
6,2001003023,อุปกรณ์ตรวจวัดไนไตรท์ในเขม่าดินปืน,2020-05-29,,PATENT
7,1901006910,กรรมวิธีการเพิ่มการละลายของขมิ้นชันโดยน้ำแม่เหล็ก,2019-10-31,,PATENT
8,1901007224,ไหมขัดฟันที่มีส่วนผสมของสารโพวิโดนไอโอดีนและกรรมวิธีการผลิตผลิตภัณฑ์ดังกล่าว,2019-11-15,,PATENT
9,1901007225,อุปกรณ์วัดการทำมุมของกระดูก,2019-11-15,,PATENT
10,1901008037,"ระบบจัดการและติดตามผลการออกกำลังกายมือและนิ้วมือด้วยถุงมืออิเล็กทรอนิกส์(Monitoring System of Finger,MSF)",2019-12-24,,PATENT
11,2001001835,กรรมวิธีการเลี้ยงหอยสองฝาที่มีปริมาณโคเอนไซม์คิวเทนสูงโดยใช้จุลินทรีย์สังเคราะห์ด้วยแสงและหรือสาหร่ายที่เพาะเลี้ยงจากวัสดุเศษเหลือและหรือน้ำทิ้งของเสียจากอุตสาหกรรม,2020-03-27,,PATENT
12,2001000186,กระบวนการตรวจวัดความเปรี้ยวในน้ำตาลโตนด,2020-01-10,,PATENT
13,1901007995,หุ่นยนต์ฟื้นฟูสมรรถภาพกล้ามเนื้อแขน,2019-12-18,,PATENT
14,2001000706,กระบวนการตรวจวัดซิสพลาตินอย่างง่ายโดยเทคนิคเชิงแสงฟลูออเรสเซนซ์,2020-02-06,,PATENT
15,2001000877,กระบวนการตรวจวัดสารระเบิดหลายชนิดและหลายตัวอย่างในเวลาเดียวกันร่วมกับการวิเคราะห์สีจากภาพถ่ายดิจิทัล,2020-02-14,,PATENT
16,0601005207,กระบวนการผลิตเมทิลเอสเตอร์ด้วยปฏิกิริยาเอสเตอริฟิเคชั่นของส่วนกลั่นกรดไขมันปาล์ม,2006-10-03,,PATENT
17,2001001449,กระบวนการตรวจหาลายนิ้วมือแฝง,2020-03-12,,PATENT
18,2001001842,อุปกรณ์วิเคราะห์ฐานกระดาษแบบสองมิติ ,2020-03-27,,PATENT
19,2001001976,เครื่องดูดจ่ายสารละลายในแนวดิ่งสำหรับสกัดสารอินทรีย์ปนเปื้อนปริมาณน้อยแบบอัตโนมัติ,2020-04-03,,PATENT
20,2001003024,กระบวนการตรวจวัดไนไตรท์ในเขม่าดินปืน,2020-05-29,,PATENT
21,2001003022,อุปกรณ์ตรวจวัดคลอแรมเฟนิคอลแบบหยด ,2020-05-29,,PATENT
22,2001003021,กระบวนการตรวจวัดคลอแรมเฟนิคอลแบบหยด,2020-05-29,,PATENT
23,2001003805,อุปกรณ์ตรวจวัดสารระเบิดหลายชนิดและหลายตัวอย่างในเวลาเดียวกันร่วมกับการวิเคราะห์สีจากภาพถ่ายดิจิทัล ,2020-07-02,,PATENT
24,2001003941,สูตรและกรรมวิธีการเตรียมยางทนไฟที่เป็นมิตรกับสิ่งแวดล้อมในรูปของน้ำยาง,2020-07-10,,PATENT
25,2001004249,กระบวนการกู้หมายเลขทะเบียนที่ถูกลบบนพื้นผิวโลหะ,2020-07-30,,PATENT
26,2001004248,กรรมวิธีการผลิตโคเอนไซม์คิวเทนจากแพลงตอน,2020-07-30,,PATENT
27,,อุปกรณ์ทางการเเพทย์,,,PATENT
28,2001006396,มอนอเมอร์สำหรับสารยึดติดทางทันตกรรมที่ทนต่อการเสื่อมสภาพด้วยการไฮโดรไลซิส ยับยั้งและฆ่าเชื้อแบคทีเรียในช่องปากและกรรมวิธีในการสังเคราะห์ผลิตภัณฑ์ดังกล่าว,2020-11-09,,PATENT
29,2101000114,กระบวนการตรวจวัดเอทานอล,2021-01-07,,PATENT
30,2001006707,อุปกรณ์สำหรับตรวจวัดสารให้ความเผ็ดในพริกแบบพกพา,2020-11-25,,PATENT
31,2001007264,กรรมวิธีการกำจัดกลิ่นจากห้องรมควันของการผลิตยางแผ่นรมควัน,2020-12-21,,PATENT
32,2001006931,ชุดตรวจแอนติบอดีของโรคติดเชื้อไวรัสก่อโรค-19 (SARS-CoV-2) และกรรมวิธีการผลิตชุดตรวจดังกล่าว,2020-04-17,,PATENT
33,2101000112,กรรมวิธีการหาค่าสภาพนำไฟฟ้าของเซลล์เม็ดเลือดแดงมนุษย์โดยวิธีฮีมาโตไซโตเมตรี่(Hematocytometry),2021-01-11,,PATENT
34,2101000113,กระบวนการตรวจวัดยาปฎิชีวนะ,2020-09-28,,PATENT
35,1201002043,สูตรองค์ประกอบไลโปโซมโรโดไมรโทน เจลที่มีองค์ประกอบของไลโปโซมโรโดไมรโทนและกรรมวิธีการผลิตสูตรองค์ประกอบและเจลที่มีองค์ประกอบดังกล่าว,2012-05-01,2021-03-25,PATENT
36,2101000557,กระบวนการสกัดยาฆ่าแมลงกลุ่มคาร์บาเมตด้วยตัวดูดซับแม่เหล็กเม็ดกลมพอลิไพโรลร่วมกับเทคนิคโครมาโทกราฟีของเหลวสมรรถนะสูง,2021-01-29,,PATENT
37,2101000597,กระบวนการผลิตกรดไฮโปคลอรัสและไฮโปคลอไรด์ด้วยระบบไหลผ่านร่วมกับวิธีการทางเคมีไฟฟ้า,2021-02-02,,PATENT
38,2101000598,อุปกรณ์ผลิตกรดไฮโปคลอรัสและไฮโปคลอไรด์ด้วยวิธีทางเคมีไฟฟ้า,2021-02-02,,PATENT
39,2101000835,ระบบการจัดการแปลงผักไฮโดรโพนิกส์ผ่านเทคโนโลยีไอโอที,2021-02-15,,PATENT
40,2101000980,เครื่องสกัดน้ำมันปาล์มแบบหีบแยกเมล็ดในปาล์มขนาดเล็ก,2021-02-19,,PATENT
41,2101000982,กระบวนการสกัดน้ำมันปาล์มแบบหีบแยกเมล็ดในปาล์มขนาดเล็ก,2021-02-19,,PATENT
42,2101000983,กระบวนการสร้างขั้วไฟฟ้าคาร์บอนสำหรับเทคนิคทางเคมีไฟฟ้า,2021-02-19,,PATENT
43,0501002755,วัสดุสำหรับการปลดปล่อยสารของกลาสไอโอโนเมอร์ซีเมนต์ประยุกต์ด้วยไคโตซาน,2005-06-16,,PATENT
44,0501005436,กรรมวิธีการผลิตน้ำปลาเกลือต่ำและน้ำปลาผง เกลือต่ำจากน้ำปลาหมักหรือน้ำปลาพร้อมบริโภค ,2005-11-18,,PATENT
45,0601000650,เครื่องอุ่นเลือดและสารละลาย,2006-02-16,,PATENT
46,0601000649,เครื่องอุ่นเลือดและสารละลาย,2006-02-16,,PATENT
47,0401002408,ปากคีบตัดกระดูกแบบที่ขจัดเศษกระดูกด้วยตัวเอง,2004-06-17,2015-11-30,PATENT
48,0401003149,อุปกรณ์ยึดจับสำหรับระบบตรึงกระดูกจากภายนอก,2004-08-17,,PATENT
49,0501003041,มอเตอร์เพียโซอิเล็กทริกแบบเชิงเส้นโค้ง,2005-06-01,,PATENT
50,0501000567,สูตรเครื่องต้มยำที่สามารถยับยั้งการเจริญของจุลินทรีย์ และกรรมวิธีแปรรูปเนื้อสัตว์และอาหารทะเลหมักเครื่อง ต้มยำแบบดัดแปลงบรรยากาศ,2005-02-03,,PATENT
51,0601003884,หุ่นยนต์เรือดำน้ำที่เคลื่อนที่ขึ้น-ลง โดยอาศัยวิธีการปรับปริมาตรภายนอก ,2006-08-11,,PATENT
52,0701005018,กระบวนการสังเคราะห์วัสดุผสม ของตัวประสานเหล็กหรือเหล็กอะลูมิไนด์ กับตัวเสริมแรงไททาเนียมไดบอไรด์ และอะลูมินัมออกไซด์ ,2007-10-03,,PATENT
53,0701005017,การสังเคราะห์ผงวัสดุผสมซิลิกอน-ซิลิกอนคาร์ไบด์จากขี้เถ้าแกลบและทราย,2007-10-03,,PATENT
54,0701005081,กรรมวิธีการทำแผ่นฟิล์มที่เตรียมจากสารละลายผสมของเพคตินและไคโตซานเพื่อใช้เป็นตัวรองรับสารทางเภสัชภัณฑ์ในผลิตภัณฑ์ที่ใช้ทางผิวหนัง,2007-10-08,,PATENT
55,0701005531,เครื่องหั่นหมาก,2007-10-31,,PATENT
56,0701005530,เครืองแยกเนื้อและเปลือกหมาก,2007-10-31,,PATENT
57,0801005808,เครื่องถ่างเนื้อเยื่อ(Wound Retractor),2008-01-04,,PATENT
58,0701003210,กระบวนการสกัดสารออกฤทธิ์ทางชีวภาพจากเบญกานี(Quercus infectoria),2007-06-19,,PATENT
59,0801003624,เครื่องวัดความสุกของผลลองกองและผลปาล์มน้ำมัน,2008-07-14,,PATENT
60,0801003113,กระบวนการสกัดสารออกฤทธิ์ทางชีวภาพจากกระทุ(โทะ),2008-07-15,,PATENT
61,0801003386,กรรมวิธีและอุปกรณ์แยกน้ำมันดินออกจากควันไม้เพื่อการผลิตน้ำส้มควันไม้,2008-06-24,,PATENT
62,0801003625,กระบวนการบำบัดน้ำเสียที่ปนเปื้อนสีด้วยวิธีการรวมตะกอนและปฎิกิริยาเฟนตัน,2008-07-14,,PATENT
63,0801005070,วัสดุตัวตรวจรู้ทำจากยางผสมนำไฟฟ้าสำหรับวัดแรงและความดัน,2008-10-02,,PATENT
64,0901000618,ระบบตรวจวัดอิเล็กโตรเคมิคอลเซนเซอร์(Electrochemical sensor) แบบตรวจวัดตามเวลาจริง (real time) สำหรับวัดค่าทางไฟฟ้า ,2009-02-13,,PATENT
65,0901003604,อุปกรณ์รองช่วยลดความดันในส้นเท้าทำจากยางธรรมชาติ,2009-08-07,,PATENT
66,0901004832,วัสดุรองรับแรงกดทับอวัยวะผู้ป่วยขณะผ่าตัด ที่ผลิตจากพอลิเมอร์หุ้มยางพาราและกระบวนการผลิตวัสดุรองรับนี้,2009-10-28,2020-02-21,PATENT
67,0901004833,อุปกรณ์กำจัดไฮโดรเจนซัลไฟด์ในแก๊สชีวภาพด้วยระบบหอดูดซึมร่วมกับตัวเร่งปฏิกิริยาและกรรมวิธีการผลิตตัวเร่งปฏิกิริยาดังกล่าว,2009-10-28,,PATENT
68,0901005776,กระบวนการผลิตเอทิลเอสเตอร์จากน้ำมันปาล์มดิบ โดยใช้ไมโครเวฟแบบต่อเนื่อง,2009-12-22,,PATENT
69,0901005864,ผลิตภัณฑ์เรซินประยุกต์กลาสไอโอโนเมอร์ซีเมนต์ด้วยไคโตซานและอัลบูมินและกรรมวิธีการผลิต,2009-12-28,,PATENT
70,1001000060,กางเกงผ้าอ้อมแบบซักได้,2010-01-14,,PATENT
71,PCT/TH2010/000002,The surgical visual field enhancer apparatus and its method of use,2010-01-14,,PATENT
72,1001000650,กระบวนการสังเคราะห์วัสดุผสมแบเรียมไททาเนต หรือแบเรียมเซอร์โคเนต กับแมกนีเซียมออกไซด์หรือแบเรียมอะลูมิเนต,2010-04-23,,PATENT
73,1001000780,เครื่องหลอม-ฉีด โพลิเมอร์ชนิดกระบอกหลอมที่สามารถถอดเปลี่ยนได้,2010-05-25,2020-09-01,PATENT
74,1001000757,วงจรมาตรวัดการสะท้อนแบบวิธีผลต่าง,2010-05-14,,PATENT
75,1001000990,กรรมวิธีการผลิตโครงร่างทางชีวภาพไคโตซานและโครงร่างที่ได้จากกรรมวิธีนี้,2010-07-02,,PATENT
76,1001001095,ส่วนผสมของเรซินประยุกต์กลาสไอโอโนเมอร์ซีเมนต์และกรรมวิธีการผลิตส่วนผสมดังกล่าว,2010-07-15,,PATENT
77,PCT/TH2010/000039,A method of enhancing the visual field in minimally invasive surgery,2010-10-20,,PATENT
78,1001001995," กรรมวิธีการผลิตโปรตีนที่จับกับ VP26 ของไวรัสตัวแดงดวงขาว (White Spot syndrome Virus Binding Protein,WBPVP26)",2010-12-27,,PATENT
79,1001002009,กรรมวิธีในการผลิตท่อขาเทียมใต้เข่าอะลูมิเนียมชนิดแกนใน,2010-12-29,,PATENT
80,1101000103,สารเคลือบแม่พิมพ์ไทเทเนียมไดออกไซด์และกรรมวิธีเคลือบสารเคลือบนี้,2011-01-21,,PATENT
81,1101000104,กรรมวิธีการกำจัดไฮโดรเจนซัลไฟด์ในแก๊สชีวภาพด้วยตัวเร่งปฎิกิริยาชนิดสารละลายที่ฟื้นฟูสภาพได้ด้วยอากาศ,2011-01-31,,PATENT
82,1101000188,ชุดอุปกรณ์กลั่นน้ำส้มควันไม้,2011-02-14,,PATENT
83,1101000329,กรรมวิธีการผลิตวัสดุปรับปรุงดินจากกากของแข็งจากการผลิตน้ำยางพาราข้นและผลิตภัณฑ์ที่ได้จากกรรมวิธีนี้,2011-03-04,,PATENT
84,1101003891,องค์ประกอบที่มีส่วนผสมของสารสกัดมะหาดและเพชรสังฆาตที่มีฤทธิ์ในการยับยั้งเชื้อก่อโรคในช่องปากและกระตุ้นการเจริญเติบโตเซลล์กระดูก,,,PATENT
85,1101000410,วิธีการและเครื่องมือสำหรับประเมินการการถอดท่อเจาะคอ,2011-03-22,,PATENT
86,1101000579,สูตรอาหารเลี้ยงเชื้อ Rhodococcus sp. MI2 ที่มีส่วนประกอบของพืชผัก,2011-04-27,,PATENT
87,1101000719,กรรมวิธีการเตรียมมาสค์พอกหน้าแบบเพสต์ที่เตรียมจากน้ำยางธรรมชาติโปรตีนต่ำ,2011-05-26,,PATENT
88,1101000902,วิธีการตรวจสอบความผิดปกติของจีน RET-protooncogene และ NRG1 ที่เกิดจากการแทนที่เบสหนึ่งตำแหน่งในโรคลำไส้ใหญ่โป่งพองแต่กำเนิด,2011-06-24,,PATENT
89,1101001079,อุปกรณ์วัดเนื้อยางแห้งในน้ำยาง,2011-07-08,,PATENT
90,1101001361,กรรมวิธีการเตรียมสารสกัดบัวบกที่มีสารเพ็นตะไซคลิกไตรเทอร์ปีน,2011-08-01,,PATENT
91,1101001545,เครื่องบำบัดน้ำดื่ม,2011-08-16,,PATENT
92,1101001707,วงจรคอมไบน์เนอร์และไฮบริดคัปเปลอร์แบบปรับแถบความถี่ได้สองแถบความถี่,2011-08-24,,PATENT
93,1101002457,อุปกรณ์กำเนิดคลื่นไหวสะเทือน,2011-09-30,,PATENT
94,1101002466,โปรตีนเอฟบีพี(FBP)และกรรมวิธีผลิตโปรตีนดังกล่าว,2011-09-30,,PATENT
95,PCT/TH2012/000001,A BONE AND JOINT FIXING SYSTEM AND ITS METHOD OF U,2012-01-13,,PATENT
96,1201000047,กรรมวิธีการเคลือบวัสดุที่เป็นพอลิเมอร์ด้วยสารเคลือบไทเทเนียมไดออกไซด์โด๊ปไนโตรเจน,2012-01-06,,PATENT
97,1201001899,สารเคลือบไทเทเนียมไดออกไซด์เจือเหล็กสำหรับฟิล์มพลาสติกและกรรมวิธีผลิตสารเคลือบนี้,2012-04-25,,PATENT
98,1201002648,สูตรผสมสำหรับฟอกสียาง,2012-06-06,,PATENT
99,1201002647,เครื่องคัดแยกกากปาล์ม,2012-06-06,,PATENT
100,1201003249,ถุงคลุมมือก่อนผ่าตัด(Preoperative hand cover),2012-06-28,,PATENT
101,1201003248,วิธีการผลิตสารกลุ่มกรดไขมันไม่อิ่มตัว ของมอสสายพันธุ์ไฟสโคมิเทรลา พาเทนส์ (Physcomitrella patens) ให้ได้ปริมาณสูง โดยการควบคุมปัจจัยภายนอก,2012-06-28,,PATENT
102,1201003318,เครื่องยึดกระดูกนิ้วมือภายนอกชนิดดึงและเคลื่อนไหวข้อนิ้ว (Dynamic traction external fixator of the finger),2012-07-02,,PATENT
103,1201004862,สูตรสำเร็จสารสกัดใบสายหยุดในรูปแบบไมโครอิมัลชั่นและกรรมวิธีการผลิตสูตร สำเร็จดังกล่าว,2012-09-20,,PATENT
104,1201004786,ไฮบริดแบทซ์-โฟลว์เซลล์(hybrid batch-flow cell)สำหรับการวิเคราะห์เชิงเคมีไฟฟ้า(electrochemical analysis),2012-09-18,,PATENT
105,1201005323,เครื่องตรวจจับการวางไข่ของกุ้งกุลาดำ(Penaeus monodon),2012-10-08,2019-05-27,PATENT
106,1201005504,สูตรส่วนผสมที่มีส่วนผสมของไซโลกลูแคนและเมทิลเซลลูโลส,2012-10-19,2021-01-21,PATENT
107,1301001466,อุปกรณ์วัดปริมาณน้ำมันในผลปาล์ม,2013-03-22,,PATENT
108,1301002801,โปรตีนพี 450 (P450) และกรรมวิธีการผลิตโปรตีนดังกล่าว,2013-05-28,,PATENT
109,1301003729,กรรมวิธีการแยกสารมินูตินเอและมินูตินบีจากใบหมุย,2013-07-01,,PATENT
110,1301004933,ผลิตภัณฑ์ แคลเซียม-ไคโตซานวาร์นิชที่ใช้เป็นสารเคลือบฟันป้องกันฟันสึกกร่อนและกรรมวิธีการผลิตผลิตภัณฑ์ดังกล่าว,2013-09-05,,PATENT
111,1301006889,กรรมวิธีการผลิตไซแลนและไซโลโอลิโกแซคคาไรด์จากวัสดุเศษเหลือจากไม้ยางพารา,2013-12-03,,PATENT
112,1401000808,ชุดอุปกรณ์กรองน้ำยาง,2014-02-16,,PATENT
113,1401000809,สูตรและกรรมวิธีการผลิตอะลูมินาเซรามิกโดยใช้การหล่อเจลจากวุ้น,2014-02-16,,PATENT
114,1401000810,กรรมวิธีการเตรียมสารสกัดไพลที่มีฟีนิลบิวทานอยด์,2014-02-16,,PATENT
115,1301004934,เครื่องหมายโมเลกุลสำหรับคัดเลือกปาล์มน้ำมันสายพันธุ์เทเนอราและกรรมวิธีการตรวจสอบสายพันธุ์ปาล์มน้ำมันด้วยเครื่องหมายโมเลกุล,2013-09-05,,PATENT
116,1401001813,เครื่องวัดปริมาณน้ำมันในทะลายปาล์ม,2014-04-01,,PATENT
117,1401002378,สูตรตำรับแอมโฟเทอริซิน บีที่บรรจุในอนุพันธ์ของไขมัน และกรรมวิธีการผลิต,2014-04-30,,PATENT
118,1401002377,ตำรับยาโพวิโดนไอโอดีนสำหรับรูปแบบพ่น,2014-04-30,,PATENT
119,1401001849,กรรมวิธีการเตรียมสารสกัดแก่นฝางที่มีบราซิลิน,2014-04-03,,PATENT
120,1401005109,ส่วนผสมที่ประกอบด้วยกรดเอลลาจิกที่มีฤทธิ์ยับยั้งการเพิ่มจำนวนของไวรัส,2014-09-03,2021-03-12,PATENT
121,1401005108,ชุดอุปกรณ์เชื่อมโลหะในสถานะกึ่งของแข็งภายใต้แก๊สปกคลุมแนวเชื่อม,2014-09-03,,PATENT
122,1401007350,แผ่นตรวจสอบโปรตีเนสและกรรมวิธีการผลิต,2014-12-08,,PATENT
123,1401007654,กรรมวิธีการเตรียมสารสกัดใบพลูที่มีไฮดรอกซีชาวิคอล และสูตรตำรับยาน้ำที่มีส่วนผสมของสารไฮดรอกซีชาวิคอล,2014-12-22,2020-09-10,PATENT
124,1401007653,สูตรยางผสมซิลิกาที่เตรียมจากสภาวะน้ำยางและกรรมวิธีการผลิต,2014-12-22,,PATENT
125,1501001330,องค์ประกอบของวัคซีนเชื้อเป็นแบบผสมสำหรับป้องกันโรคสเตรปโตคอคโคซีสในสัตว์น้ำและกรรมวิธีการผลิตองค์ประกอบของวัคซีนดังกล่าว,2015-03-11,,PATENT
126,1501001328,สูตรผลิตภัณฑ์ยาสแตตินในรูปนาโนพาร์ติเคิลโดยใช้ไคโตซานและกรรมวิธีการผลิต,2015-03-11,,PATENT
127,1501001462,กรรมวิธีและสูตรผสมสำหรับเพิ่มน้ำหนักและปรับปรุงคุณภาพเนื้อสัมผัสของเนื้อไก่ สุกด้วยสารเติมแต่งอาหารที่ไม่มีเกลือโซเดียมและไม่ใช่สารประกอบฟอสเฟต,2015-03-16,,PATENT
128,1301000251,สูตรตำรับยาน้ำที่มีตัวยาสำคัญเป็นสารเพ็นตะไซคลิกไตรเทอร์ปีน,2013-01-15,,PATENT
129,1501002164,สูตรและกรรมวิธีการเตรียมยางธรรมชาติเชิงประกอบที่เสริมแรงด้วยเทอร์มอพลาสติกพอลิโอลิฟินโดยใช้นาโนเคลย์เป็นสารเพิ่มความเข้ากันได้,2015-04-20,,PATENT
130,1601007080,กรรมวิธีการเพิ่มปริมาณธาตุสังกะสีในเมล็ดข้าว,2016-11-28,,PATENT
131,1701001959,ชุดอุปกรณ์ตรวจวัดคลอรีนแบบพกพา,2017-04-07,,PATENT
132,1701003426,กรรมวิธีการผลิตโปรตีนไฮโดรไลเสทและน้ำตาลเบต้ากลูแคนจากเซลล์ยีสต์ใช้แล้ว,2017-06-19,,PATENT
133,1701002668,กรรมวิธีผลิตคอมโพสิตจากพอลิเมอร์ผสมด้วยวิธีการผลิตแบบต่อเนื่องที่ใช้พอลิเมอร์คอลลอยด์เป็นวัสดุเริ่มต้น,2017-05-15,,PATENT
134,1501002647, สูตรผสมที่มีส่วนผสมของพลูโรนิกเอฟ 127 และเมทิลเซลลูโลส สำหรับการสร้างกระดูก,2015-05-14,,PATENT
135,1501003177,ระบบเหนี่ยวนำการเกิดโครโมโซมสามชุดในกุ้งกุลาดำ,2015-06-08,,PATENT
136,1501004191,สูตรและกรรมวิธีการเตรียมเทอร์มอพลาสติกวัลคาไนซ์ทนไฟปราศจากฮาโลเจน,2015-07-24,,PATENT
137,1501006546,อนุพันธ์ 2-(2-ออกโซ-2H-โครเมน-4-อิล) อะเซตาไมด์ ซึ่งมีฤทธิ์ยับยั้งอะเซติลโคลีน เอสเทอเรสและกรรมวิธีการผลิต,2015-10-27,,PATENT
138,1501007305,โปรตีนทรานส์ไธรีติน-เอชพีซี (transthyretin-HPc) และกรรมวิธีการผลิตโปรตีนดังกล่าว,2015-12-04,,PATENT
139,1501007571,สูตรและกรรมวิธีการเตรียมพอลิเมอร์เบลน์ระหว่างยางธรรมชาติโปรตีนต่ำ กับเอทิลีนไวนิลแอซิแทตสำหรับผลิตวัสดุปูพื้น,2015-12-17,,PATENT
140,1501007570,เจลที่มีส่วนผสมกรดเอลลาจิกที่มีฤทธิ์ยับยั้งการเพิ่มจำนวนของไวรัส,2015-12-17,,PATENT
141,1601000259,สูตรผสมเมมเบรนชนิดอะลูมินาเพื่อการกรองน้ำหมักและกรรมวิธีการผลิต,2016-01-19,,PATENT
142,1601000507,กรรมวิธีการสกัดสารออกฤทธิ์ทางชีวภาพจากผงน้ำยาขนมจีน,2016-01-28,,PATENT
143,1601000508,อุปกรณ์สำหรับแนะนำสถานที่ใกล้เคียงจำแนกตามประเภทบนมือถือ,2016-01-28,,PATENT
144,1601002548,โปรตีนดัดแปลงอินเตอร์ลิวคิน-18 และกระบวนการผลิตโปรตีนดังกล่าว,2016-05-04,,PATENT
145,1601003546,กรรมวิธีการเตรียมน้ำมันพืชเมทิลเอสเทอร์ดัดแปรด้วยอะนิลีนหรือพาราอะมิโนไดฟีนิลเอมีนสำหรับใช้เป็นพลาสติกไซต์ในยางธรรมชาติ,2016-06-15,,PATENT
146,1601003844, เชื้อเพลิงดีเซลเติมสารอิมัลซิไฟเออร์ที่มีค่าซีเทนสูง โดยมีกรดไขมันอิสระเป็นองค์ประกอบหลัก,2016-06-29,,PATENT
147,1601004312,หุ่นทางการแพทย์ สำหรับจำลองการช่วยชีวิตขั้นพื้นฐาน ทำจากยางธรรมชาติ,2016-07-27,2020-12-24,PATENT
148,1601005306,เครื่องหมายโมเลกุลสำหรับจำแนกปาล์มน้ำมัน และกรรมวิธีการตรวจสอบสายพันธุ์ปาล์มน้ำมันด้วยเครื่องหมายโมเลกุลดังกล่าว,2016-09-14,,PATENT
149,1601005296,ชุดกรองสารหนูโดยใช้เมมเบรนเคลือบอนุภาคนาโนแม่เหล็กและกรรมวิธีการผลิต,2016-09-13,,PATENT
150,1601007291,อุปกรณ์ชุบเคลือบผิวและกัดผิววัสดุด้วยไฟฟ้าแบบพกพา,2016-10-06,,PATENT
151,1601007332,กรรมวิธีการผลิตไบโอแคลเซียมจากกระดูกปลา,2016-12-08,,PATENT
152,1801004525,ชุดอุปกรณ์ผ่าตัดกล้องส่องไร้สายแบบปฏิสัมพันธ์ ,2018-08-01,,PATENT
153,1801005242,ส่วนประกอบของตำรับยาสมุนไพรลดน้ำตาลในเลือดที่มีคุณสมบัติด้านเอนไซม์ แอลฟ่ากลูโคซิเดส,2018-09-03,,PATENT
154,1901000209,ระบบควบคุมเครื่องกรีดยางที่สั่งการได้เองตามสภาวะเเวดล้อม,2019-01-11,,PATENT
155,1101001078,ผลิตภัณฑ์หลักกั้นเส้นทางจราจรจากยางผสมพลาสติกและกรรมวิธีการผลิตผลิตภัณฑ์ดังกล่าว,2011-07-08,,PATENT
156,1301002808,กรรมวิธีการผลิตนมแลคโตสต่ำที่มีกาแลคโตโอลิโกแซคคาไรด์โดยใช้ระบบเมมเบรนแบบไหลเวียน,2013-05-28,,PATENT
157,1401006844,ส่วนผสมที่ประกอบด้วยเชื้อ Lactobacillus fermentum SK54 และผงถั่วเหลือง,2014-11-14,,PATENT
158,1901001460,กรรมวิธีสำหรับการผลิตแพลงตอนสัตว์จากเศษอาหารและน้ำทิ้งของเสียจากการประกอบอาหาร,2019-03-12,,PATENT
159,1801005337,กรรมวิธีการเตรียมสารและการวิเคราะห์ปริมาณของกรดไขมันในตัวอย่างพืช,2018-09-07,,PATENT
160,1901001999,สูตรผสมของกลาสไอโอโนเมอร์ซีเมนต์ประยุกต์ที่มีฤทธิ์เพิ่มจำนวนเซลล์และเพิ่มการพอกแร่ธาตุ,2019-04-01,,PATENT
161,1901001998,สูตรการเตรียมโฟมพอลิเมอร์ทนไฟสำหรับผลิตวัสดุฉนวนกันความร้อนและกรรมวิธีการผลิต,2019-04-01,,PATENT
162,1301006890,ชุดอุปกรณ์เก็บเกี่ยวพลังงานไฟฟ้าจากพลังงานกลหรือคลื่นแม่เหล็กไฟฟ้า,2013-12-03,,PATENT
163,1501001343,องค์ประกอบของวัคซีนเชื้อตายแบบผสมสำหรับป้องกันโรคสเตรปโตคอคโคซีสในสัตว์น้ำและกรรมวิธีการผลิตองค์ประกอบของวัคซีนดังกล่าว,2015-03-11,,PATENT
164,1101000718,กรรมวิธีการเตรียมน้ำยางธรรมชาติโปรตีนต่ำจากน้ำยางสด,2011-05-26,,PATENT
165,1101001318,อุปกรณ์และวิธีการปรับมุมกลไกและล็อกตามการเคลื่อนไหว,2011-07-28,,PATENT
166,1101001546,แผ่นขจัดสิวเสี้ยนที่เตรียมจากน้ำยางธรรมชาติโปรตีนต่ำ,2011-08-16,,PATENT
167,1601007670,กรรมวิธีการเตรียมสารสกัดไพลที่มีสารกลุ่มฟีนิลบิวทานอยด์และสูตรแผ่นแปะแก้ปวดจากสารสกัดจากไพลที่ใช้สารเมือกจากเมล็ดแมงลักเป็นสารก่อฟิล์ม,2016-12-23,,PATENT
168,1701003870,เครื่องช่วยพิมพ์จุดบนผลิตภัณฑ์แบบ 3 มิติ,2017-07-07,,PATENT
169,0501005860,อุปกรณ์ประกอบเครื่องวัดความต้านทานไฟฟ้าเมกกะโอห์มสำหรับตรวจสารก่อมะเร็งประเภทฮาโลอะซิติกแอซิดในน้ำ,2005-12-13,,PATENT
170,1901001136,เครื่องมือบันทึกความจำบนอุปกรณ์มือถือโดยอิงตามโครงสร้างของโน้ตบันทึก,2019-02-26,,PATENT
171,1101000005,เครื่องมือวัดระดับของเหลวด้วยหลักการวัดค่าความจุไฟฟ้าผลิตจากแผ่นวงจรพิมพ์,2011-01-04,2014-12-23,PATENT
172,1001000781,กรรมวิธีการผลิตโครงสร้างโพลีเมอร์สามมิติชนิดสลายตัวได้(Biodegradable polymeric three-dimensional scaffold)ด้วยวิธีMelt Stretching and Multilayer Deposition(MSMD)และโครงร่างโพลีเมอร์สามมิติชนิดสลายตัวได้ตามกรรมวิธีดังกล่าว,2010-05-25,,PATENT
173,1901002186,กรรมวิธีการวิเคราะห์ปริมาณกรดไขมันระเหยง่ายในตัวอย่างน้ำยางพารา,2019-04-11,,PATENT
174,1901002187,กระบวนการตรวจวัดกลูโคส กรดยูริก และโดพามีนแบบพร้อมกัน,2019-04-11,,PATENT
175,0701002854,อุปกรณ์แสดงผลภาพสเตอริโอสามมิติ,2007-06-01,,PATENT
176,0501004971,กระบวนการสังเคราะห์ผงวัสดุผสมเหล็กทังสเตนคาร์ไบด์,2005-10-21,,PATENT
177,0801000381,ระบบการตรวจหาเชื้อแคมไพโลแบคเตอร์(Campylobacter),2008-01-25,,PATENT
178,0901003288,อุปกรณ์และวิธีการควบคุมเมาส์ด้วยศรีษะ,2009-07-22,,PATENT
179,1101002074,สารเคลือบไทเทเนียมไดออกไซด์โด๊ปไนโตรเจนสำหรับวัสดุพอลิเมอร์และกรรมวิธีผลิตสารเคลือบนี้,2011-09-15,,PATENT
180,0801004660,สารเจือปนอาหาร(food additve)ที่มีฤทธิ์ต้านแบคทีเรีย(antibacterial activity)จากหัวว่านหอมแดง(Eleutherine americana Merr)และวิธีการใช้ในการยืดอายุการเก็บรักษาอาหาร,2008-09-11,,PATENT
181,1101001547,หมากฝรั่งเคี้ยวที่ใช้ทางยาซึ่งเตรียมจากน้ำยางธรรมชาติโปรตีนต่ำ,2011-08-16,2019-11-28,PATENT
182,1301000349,กรรมวิธีการสกัดและทำให้บริสุทธิ์ของสารสกัดเฟิร์นที่มีอินเตอร์รับตินบีเป็นสารสำคัญและการใช้สารสกัดดังกล่าวในผลิตภัณฑ์สำหรับลดความอ้วน,2013-01-22,,PATENT
183,1301007163,ชุดตรวจคัดกรองสารพันธุกรรมทำนายอาการแพ้ยาในกลุ่มคาร์บามาซิพีน (carbamazepine) ,2013-12-19,,PATENT
184,1401007351,แผ่นประคบผิวนาโนเซลลูโลสสมุนไพรและกรรมวิธีการผลิต,2014-12-08,,PATENT
185,1801002479,อุปกรณ์กัดผิวด้วยไฟฟ้าสำหรับเก็บกู้เลขหมายทะเบียน,2018-04-26,,PATENT
186,1601004803,กาวยึดติดไม้จากผงไม้ปาล์มน้ำมันผสมกรดซิตริกและกระบวนการผลิต,2015-12-17,,PATENT
187,1801002660,อุปกรณ์สำหรับฝึกการกรีดยางโดยการวัดแรงและองศาในการกรีดยาง,2018-05-04,,PATENT
188,1801002444,เครื่องกรีดยางพาราอัตโนมัติด้วยระบบสมองกลฝังตัว,2018-04-25,,PATENT
189,1901003053,ผลิตภัณฑ์ชุดน้ำยาสกัดดีเอ็นเอจากกระดูกและงาช้าง,2019-05-22,,PATENT
190,0701004420,เครื่องดึงกระดูกอาริตินอยด์(Arytenoid reductor),2007-08-31,,PATENT
191,0901000456,เซลล์เชื้อเพลิงจุลชีพแบบไหลขึ้นชนิดไม่มีเนื้อเยื่อเลือกผ่านและตรึงคะตะลิสต์ชีวภาพบนขั้วไฟฟ้าบวก,2009-02-03,,PATENT
192,1001001094,ระบบจัดการพื้นบ่อเลี้ยงหอยหวาน,2010-07-15,,PATENT
193,1201000558,กรรมวิธีการผลิตลูกแป้งถั่วเหลืองต้นเชื้อแบคทีเรียกรดแลกติกและผลิตภัณฑ์ลูกแป้งถั่วเหลืองที่ได้จากกรรมวิธีนี้,2012-02-13,,PATENT
194,1901002862,วัสดุซับแรงผลิตจากยางพาราและกรรมวิธีการผลิตผลิตภัณฑ์ดังกล่าว,2019-05-13,,PATENT
195,1801004137,กรรมวิธีการผลิตอัลโลเจนิก ดีมินเนอร์ราไลซ์ทูธเมทริกซ์ (Allogenic Demineralized Tooth Matrix) และผลิตภัณฑ์ที่ได้จากกรรมวิธีการผลิตดังกล่าว,2018-07-11,,PATENT
196,1601001174,กรรมวิธีการเตรียมสารสกัดขมิ้นชันที่มีสารเคอร์คิวมินอยด์,2016-03-02,,PATENT
197,2101001479,กระบวนการตรวจวัดความเข้มข้นของคลอรีน,2021-03-16,,PATENT
198,2101001481,สูตรอาหารสำหรับปลากัด,2021-03-16,,PATENT
199,2101003266,โปรลิโปโซมยาต้านวัณโรคที่มีส่วนผสมของคอเลสเตอรอลซัลเฟตและกรรมวิธีการเตรียมดังกล่าว,2021-06-07,,PATENT
200,2101003263,ระบบฝึกสมรรถนะของมือ เท้า และตา ตามแนวคิดตารางเก้าช่องผ่านระบบไอโอที,2021-06-07,,PATENT
201,2101003265,ผลิตภัณฑ์น้ำยาสกัดดีเอ็นเอและการใช้น้ำยาสกัดดังกล่าว,2021-06-07,,PATENT
202,2101002796,กระบวนการตรวจวัดโซเดียมคลอไรด์,2021-05-14,,PATENT
203,2101001480,เครื่องวัดแรงตัดเฉือนทะลายและทางปาล์ม,2021-03-16,,PATENT
204,2101002133,องค์ประกอบของวัสดุคาร์บอนคอมโพสิตที่มีสมบัติแม่เหล็กจากวัสดุชีวมวล,2021-04-09,,PATENT
205,2101003264,"ระบบต้นแบบติดตามผลการรักษาผู้ป่วยโรคข้อเข่าเสื่อมด้วยเทคโนโลยีไอโอที(Prototype System for Monitoring the Treatment of Osteoarthritis Patients with IoT Technology, PSM-TOP)",2021-06-07,,PATENT
206,1303000574,กรรมวิธีการเตรียมกาวน้ำสำหรับงานไม้และผลิตภัณฑ์ที่ได้จากกรรมวิธีนี้ ,2013-05-28,2015-10-16,PETTY_PATENT
207,1403000315,สูตรยางธรรมชาติผสมทนน้ำมันและต้านแบคทีเรียและกรรมวิธีการผลิต,2014-04-01,2015-08-05,PETTY_PATENT
208,1403000316,น้ำยาพ่นเคลือบผิวที่มีสมบัติไม่ชอบน้ำอย่างยิ่งยวดและกรรมวิธีการผลิต,2014-04-01,2014-10-09,PETTY_PATENT
209,0603001995,การทำแห้งใบมะกรูดด้วยไมโครเวฟ,2006-12-29,2010-11-08,PETTY_PATENT
210,1603002516,คอนกรีตมวลเบาโครงสร้างที่มีส่วนผสมยางธรรมชาติอีพอกไซด์และเถ้าใบยางพารา,2016-12-08,2018-04-24,PETTY_PATENT
211,1303001060,องค์ประกอบที่มีส่วนผสมของสารสกัดมะหาดและเพชรสังฆาตที่มีฤทธิ์ในการ กระตุ้นการเจริญเติบโตเซลล์กระดูก,2011-12-28,2015-10-26,PETTY_PATENT
212,1703002361,ตัวดูดซับที่มีส่วนผสมของมอนอลิทพอลิเมอร์และวัสดุนาโนคาร์บอน,2017-11-27,,PETTY_PATENT
213,1703000592,แผ่นยางกักเก็บและปลดปล่อยสารล่อแมลง,2017-04-07,2018-07-12,PETTY_PATENT
214,1703000672,อุปกรณ์จัดท่าทารกสำหรับถ่ายภาพรังสี,2017-04-21,2018-12-25,PETTY_PATENT
215,1703000671,รถเทปัสสาวะเคลื่อนที่,2017-04-21,2017-11-15,PETTY_PATENT
216,1703001404,กรรมวิธีการเพิ่มการละลายน้ำของสารสกัดเคอร์คูมินอยด์โดยการเตรียมเป็นสารประกอบเชิงซ้อนและผลิตภัณฑ์ที่ได้จากกรรมวิธีดังกล่าว,2017-08-02,2018-11-22,PETTY_PATENT
217,1703000599,กล่องเก็บถุงนมแม่แช่แข็ง,2017-04-07,2018-05-17,PETTY_PATENT
218,1703000996,สูตรผลิตภัณฑ์น้ำมันทำความสะอาดเครื่องสำอางจากน้ำมันเมล็ดยางพารา,2017-06-07,2018-08-31,PETTY_PATENT
219,1703001311,ผลิตภัณฑ์ไฮโดรเจลของพอลิไวนิลแอลกอฮอล์ (พีวีเอ) และพอลอกซาเมอร์,2017-07-20,2020-08-14,PETTY_PATENT
220,1703001672,อุปกรณ์ดึงถ่วงน้ำหนักสำหรับผู้ป่วยกระดูกต้นขาหัก,2017-08-31,2019-01-17,PETTY_PATENT
221,1703000815,เครื่องวัดเนื้อยางแห้งในยางก้อนถ้วย,2017-05-15,2020-06-11,PETTY_PATENT
222,1703001309,เครื่องวัดปริมาณไนโตรเจนและคลอโรฟิลล์ในใบพืชแบบพกพา,2017-07-20,2018-12-04,PETTY_PATENT
223,1703000669,ผลิตภัณฑ์ไฮโดรเจนของพอลิไวนิลแอลกอฮอล์ (พีวีเอ) และเกลือโซเดียมของวิตามินซี,2017-04-21,2020-12-24,PETTY_PATENT
224,1703000591,อุปกรณ์ป้องกันการกดทับ,2017-04-07,2017-10-12,PETTY_PATENT
225,1703000673,สูตรเต้านมเทียมแบบเสริมภายนอกจากเจลพอลิเมอร์หุ้มด้วยยางพารา และกรรมวิธีการผลิตผลิตภัณฑ์ดังกล่าว,2017-04-05,2018-04-24,PETTY_PATENT
226,1703000572,อุปกรณ์ตรวจวัดคลอรีนแบบสวมใส่,2017-04-05,2018-07-13,PETTY_PATENT
227,1703001307,อุปกรณ์ครอบปากและฟัน,2017-07-20,2018-05-31,PETTY_PATENT
228,1703001609,มีดตกแต่งเฝือก,2017-08-24,2020-04-23,PETTY_PATENT
229,1703000997,แผ่นยาแปะผิวหนังสูตรผสมยางพาราและแป้ง,2017-06-07,2018-04-04,PETTY_PATENT
230,1703001235,แผ่นยาแปะผิวหนังชนิดว่องไวต่อการกดจากยางพารา,2017-07-12,2018-04-11,PETTY_PATENT
231,1703000728,ผลิตภัณฑ์คุกกี้เสริมไบโอแคลเซียม,2017-05-01,2020-10-05,PETTY_PATENT
232,1703001089,กรรมวิธีการเตรียมสารสกัดโปรตีนจากน้ำเลี้ยงเชื่อ Lactobacilus rhamnosus และ Lactobacillus casei,2017-06-19,2021-05-03,PETTY_PATENT
233,1703001189,กรรมวิธีการลดโลหะหนักในอาหารทะเล,2017-07-04,,PETTY_PATENT
234,1703001674,กรรมวิธีการผลิตไข่แดงเค็มดิบที่ดองในน้ำมัน,2017-08-31,,PETTY_PATENT
235,1703001186,ชุดทดสอบความเข้มข้นของสารทรามาดอลในเครื่องดื่ม ,2017-07-04,2018-12-04,PETTY_PATENT
236,1703001675,ชุดไพรเมอร์และกรรมวิธีการบ่งชี้พันธุกรรมของลักษณะข้าวด้วยเทคนิคมัลติเพล็กซ์พีซีอาร์,2017-08-31,,PETTY_PATENT
237,1703001421,อุปกรณ์สำหรับเก็บเกี่ยวปาล์มน้ำมัน,2017-08-04,2018-05-31,PETTY_PATENT
238,1703001423,สูตรผลิตภัณฑ์เจลย้อมสีฟันอีริโทรซิน,2017-08-04,2018-02-01,PETTY_PATENT
239,1703000349,ถังปฏิกรณ์เพื่อการผลิตไบโอดีเซลจากเซลล์จุลินทรีย์แบบขั้นตอนเดียว,2017-03-01,2019-05-23,PETTY_PATENT
240,1703001884,เครื่องแยกขยะจากผลปาล์มแบบตะแกรงหมุน,2017-09-25,2018-06-01,PETTY_PATENT
241,1703001185,สูตรการเตรียมวุ้นสวรรค์สอดไส้เยื่อหุ้มฟักข้าวและกรรมวิธีการผลิต,2017-07-04,,PETTY_PATENT
242,0503001553,กรรมวิธีการตรวจวัดการแสดงออกของยีนเบตาคาร์บอกซิลทรานสเฟอเรส (beta- carboxyltransferase) หน่วยย่อย D (accD) ในปาล์มน้ำมัน,2005-11-29,2011-03-23,PETTY_PATENT
243,0603000602,บะหมี่สำเร็จรูปที่มีเพคตินเป็นส่วนประกอบ ,2006-05-04,2009-12-25,PETTY_PATENT
244,0603001059,เตาอบพลังงานแสงอาทิตย์ที่สามารถอบแห้งและหุงต้มอาหาร,2006-08-11,2006-07-26,PETTY_PATENT
245,0603001745,เครื่องทำเนยเทียมขนาดเล็ก,2006-10-30,2010-07-21,PETTY_PATENT
246,0803000038,การผลิตกุ้งอบรมควัน,2008-01-11,,PETTY_PATENT
247,0703000700,โต๊ะนั่งและนอนเล่นคอมพิวเตอร์โน๊ตบุ๊คอเนกประสงค์แบบแยกชิ้นพับเก็บได้,2007-06-28,,PETTY_PATENT
248,0703001418,อุปกรณสำหรับวางมือและเท้าขณะทำแผล,2007-12-20,,PETTY_PATENT
249,0703001101,เครื่องยืม-คืน-จ่ายค่าปรับ อัตโนมัติ,2007-10-03,2012-08-20,PETTY_PATENT
250,0703000962,เครื่องมือวัดแรงกัด,2007-08-31,2007-08-31,PETTY_PATENT
251,0703000961,ชุดถังพักเทน้ำยาง,2007-08-31,2007-08-31,PETTY_PATENT
252,0703000701,อุปกรณ์จับยึดโทรศัพท์มือถือขณะสนทนาโดยไม่ต้องถือ,2007-06-28,,PETTY_PATENT
253,0803000090,กระบวนการทดสอบแบบกะประมาณของปริมาณกลีเซอไรด์ในไบโอดีเซล โดยกระบวนการทรานซ์เอสเตอริฟิเคชันด้วยเตาไมโครเวฟ,2008-01-22,2009-08-18,PETTY_PATENT
254,0803000419,เครื่องขยายภาพในการมองเห็นที่ปรับกำลังขยายและความคมชัดได้ด้วยมือ,2008-03-17,2008-03-17,PETTY_PATENT
255,0803001098,กลไกปรับปริมาตรภายนอกเพื่อป้องกันน้ำเข้าหุ่นยนต์เรือดำน้ำ,2008-09-08,2010-11-08,PETTY_PATENT
256,0903000448,อุปกรณ์ช่วยจับยึดตัวเด็กในการสวนปัสสาวะ,2009-05-12,2010-04-26,PETTY_PATENT
257,0903000676,ชุดทดสอบสังกะสีในน้ำยางพารา,2009-06-30,2012-03-28,PETTY_PATENT
258,0903000711,อุปกรณ์ทำช่องในเนื้อเยื่อและอุปกรณ์ชุดแสงเพื่อเพิ่มแสงสว่างภายในช่องมองสำหรับช่วยผ่าตัดพังผืด,2009-07-03,2012-04-27,PETTY_PATENT
259,0903001263,เครื่องผ่าผลปาล์ม,2009-10-27,2010-07-05,PETTY_PATENT
260,1003000107,ชุดทดสอบความกระด้างของน้ำ,2010-02-02,2011-09-28,PETTY_PATENT
261,1003000118,กรรมวิธีการผลิตกระดาษโดยใช้ทางจากเป็นวัตถุดิบ,2010-02-05,,PETTY_PATENT
262,1003000347,โคมไฟอบแผลฝีเย็บ,2010-04-23,,PETTY_PATENT
263,1003000348,หมวกเย็น,2010-04-23,2010-09-30,PETTY_PATENT
264,1003000381,รถเข็นที่ติดตั้งชุดสปริงช่วยในการยกของ,2010-04-30,2011-02-28,PETTY_PATENT
265,1003000486,กรรมวิธีการผลิตน้ำมังคุดเข้มข้นชนิดมีเนื้อหรือน้ำมังคุดเข้มข้นชนิดมีเนื้อผสมเปลือกและน้ำมังคุดเข้มข้นที่ได้จากกรรมวิธีนี้,2010-06-07,,PETTY_PATENT
266,1003000484,เครื่องช่วยกดหลอดฉีดยา,2010-06-07,,PETTY_PATENT
267,1003000582,ถังหมักปุ๋ยสำหรับมูลฝอยอินทรีย์,2010-07-02,2010-11-08,PETTY_PATENT
268,1003000624,เครื่องตัดหินทรงกระบอก,2010-07-15,2011-10-10,PETTY_PATENT
269,1003000625,โรงเลี้ยงสัตว์น้ำที่ใช้แผ่นพอลิเอทิลีน,2010-07-15,2012-04-20,PETTY_PATENT
270,1003000623,ฉากกั้นเปิดหน้าผู้ป่วยขณะผ่าตัด,2010-07-07,2012-12-19,PETTY_PATENT
271,1003000792,เครื่องพยุงหลัง,2010-08-30,2012-01-12,PETTY_PATENT
272,1003000915,กระบวนการเพิ่มความหนาแน่นไม้ปาล์มน้ำมันด้วยแรงอัดและความร้อน,2010-09-01,2011-03-04,PETTY_PATENT
273,1003000851,มีดผ่าตัดนิ้วล็อคแบบเจาะผ่านผิวหนัง,2010-08-25,2011-06-02,PETTY_PATENT
274,1003001189,สูตรส่วนผสมสำหรับภาชนะเผาสารและกรรมวิธีในการผลิตภาชนะเผาสาร,2010-11-17,2011-10-28,PETTY_PATENT
275,1003001190,สูตรผสมและกรรมวิธีการผลิตเมมเบรนชนิดเซรามิก,2010-11-17,2011-09-28,PETTY_PATENT
276,1003001191,อุปกรณ์กรองสิ่งเจือปนในน้ำ,2010-11-17,2011-02-28,PETTY_PATENT
277,1103000223,อุปกรณ์รองส้นเท้าสำหรับลดความดันในส้นเท้า,2011-03-04,2012-10-04,PETTY_PATENT
278,1103000416,กรรมวิธีการผลิตเซลลูโลสที่ประกอบด้วยขั้นตอนการเพาะเลี้ยง Rhodococcus sp. MI2,2011-04-27,2014-12-23,PETTY_PATENT
279,1103000453,ระบบผลิตไบโอดีเซลจากน้ำมันกรดไขมันอิสระสูงแบบหมุนวนด้วยท่อผสมแบบสถิต,2011-05-09,2011-09-09,PETTY_PATENT
280,1103000475,กรรมวิธีการผลิตฟิล์มยางด้วยแม่พิมพ์ที่เคลือบด้วยไทเทเนียมไดออกไซด์สำหรับผลิตภัณฑ์ยางแบบจุ่ม,2011-05-18,2011-09-05,PETTY_PATENT
281,1103000539,ระบบผลิตไบโอดีเซลต่อเนื่องแบบสองขั้นตอน,2011-06-06,2011-09-09,PETTY_PATENT
282,1103000666,ระบบผลิตไบโอดีเซลแบบต่อเนื่องจากน้ำมันชนิดกรดไขมันอิสระสูงด้วยคลื่นอัลตราโซนิค,2011-07-08,2013-06-26,PETTY_PATENT
283,1103001203,เครื่องกรองน้ำดื่ม,2011-11-01,2012-07-17,PETTY_PATENT
284,1103001245,ชุดเก็บเกี่ยวพลังงานกลเป็นพลังงานไฟฟ้าจากการหมุนในแนวรัศมีด้วยวิธีทางไพอิโซอิเล็กทริก,2011-11-15,2012-06-26,PETTY_PATENT
285,1103001351,กรรมวิธีการผลิตยางคอมพาวนด์ที่มีส่วนผสมของกระดาษเปียกผิวน้ำมันแปรรูปยาง,2011-12-28,2013-07-29,PETTY_PATENT
286,1103001353,ผลิตภัณฑ์ข้าวผัดพร้อมบริโภคบรรจุถุงทนร้อน,2011-12-28,2013-07-29,PETTY_PATENT
287,1203000082,การทอดผลปาล์มร่วงแบบต่อเนื่องสำหรับหีบน้ำมันปาล์มดิบ,2012-01-31,2017-07-11,PETTY_PATENT
288,1203000191,ชุดฝึกเจาะถุงน้ำคร่ำ,2012-02-24,2012-09-18,PETTY_PATENT
289,1203000281,ชุดสปริงลานสำหรับดึงถ่วงน้ำหนัก,2012-03-20,2012-06-20,PETTY_PATENT
290,1203000282,แผ่นแปะผิวหนังชนิดถุงเก็บกักที่ใช้ทางยาซึ่งเตรียมจากน้ำยางธรรมชาติโปรตีนต่ำและกรรมวิธีผลิตผลิตภัณฑ์ดังกล่าว,2012-03-20,2016-02-17,PETTY_PATENT
291,1203000360,กรรมวิธีกระตุ้นการงอกของเมล็ดและการเจริญเติบโตของต้นปาล์มน้ำมันด้วยสนามแม่เหล็กไฟฟ้า,2012-04-10,2012-07-10,PETTY_PATENT
292,1203000413,กรรมวิธีการเตรียมโพรบผสมเฮอร์ทู/นิวและเซพเซเวนทีน (HER2/neu /CEP17)  เพื่อตรวจวัดยีนที่เกี่ยวข้องกับมะเร็งเต้านมโดยเทคนิคฟลูออเรสเซนต์อินไซตูไฮบริไดร์เซชัน,2012-04-25,2016-07-13,PETTY_PATENT
293,1203000414,สารละลายพอลิเมอร์เกิดฟิล์มที่ใช้ทางยาซึ่งเตรียมจากน้ำยางธรรมชาติโปรตีนต่ำ,2012-04-25,2015-08-13,PETTY_PATENT
294,1203000412,เครื่องบันทึกภาพรากของพืช,2012-04-25,2013-12-02,PETTY_PATENT
295,1203000775,กรรมวิธีการทำถุงเพาะชำจากใบอ้อยและถุงเพาะชำที่ได้จากวิธีนี้,2012-07-26,2015-05-29,PETTY_PATENT
296,1203000830,อุปกรณ์ช่วยเจาะสายพาน,2012-08-09,2018-07-30,PETTY_PATENT
297,1203001015,อุปกรณ์กำหนดตำแหน่งฉีดยา,2012-09-20,2018-09-04,PETTY_PATENT
298,1203001013,กรรมวิธีการผลิตชาผงใบมะยม,2012-09-20,2018-09-04,PETTY_PATENT
299,1203001014,ชุดอุปกรณ์แยกโลหะในน้ำยาง,2012-09-20,2018-09-04,PETTY_PATENT
300,1203001149,เท้าเทียม,2012-10-01,2018-09-25,PETTY_PATENT
301,1203001263,สูตรผสมยางสำหรับเสริมล้อยางลมและกรรมวิธีการผลิต,2012-10-31,2014-04-04,PETTY_PATENT
302,1203001262,กรรมวิธีการวัดตาเขด้วยระบบคอมพิวเตอร์และแสดงผลแบบอัตโนมัติ,2012-10-31,2016-02-17,PETTY_PATENT
303,1203001486,กรรมวิธีกระตุ้นการงอกของเมล็ดและการเจริญเติบโตของต้นปาล์มน้ำมันด้วยสนามแม่เหล็กสถิต,2012-04-10,2014-03-06,PETTY_PATENT
304,1303000002,กรรมวิธีการเตรียมสารสกัดโปรตีนจากเชื้อLactobacillus fermentum SD11 และLactobacillus casei SD2 และการใช้สารสกัดโปรตีนที่ได้จากกรรมวิธีดังกล่าวในผลิตภัณฑ์อาหารและเวชภัณฑ์,2013-01-02,,PETTY_PATENT
305,1203001485,กรรมวิธีรักษาเนื้อไม้ยางพาราด้วยสารมาเลอิกแอนไฮไดร์,2012-12-24,2014-04-21,PETTY_PATENT
306,1303000073,ชุดตรวจสอบหาปริมาณเหล็กละลายน้ำแบบแผ่นฟิล์มโพลิเมอร์,2013-01-23,2014-05-19,PETTY_PATENT
307,1303000072,กรรมวิธีกระตุ้นการงอกรากและการเจริญเติบโตของต้นข้าวด้วยสนามแม่เหล็กไฟฟ้า,2013-01-23,2014-04-21,PETTY_PATENT
308,1303000130,กระบวนการเลี้ยงยีสต์ไขมันสูงและสาหร่ายไขมันสูงร่วมกันในเม็ดเจลโซเดียมอัลจิเนต,2013-02-06,2016-02-17,PETTY_PATENT
309,1203001019,มีดผ่าตัดที่มีความคมเฉพาะที่,2012-09-21,2012-12-14,PETTY_PATENT
310,1303000303,กรรมวิธีการสังเคราะห์ผงวาเนเดียมไดออกไซด์ที่สามารถเปลี่ยนสีได้เมื่ออุณหภูมิเปลี่ยนแปลง,2013-03-22,2015-03-26,PETTY_PATENT
311,1303000304,อุปกรณ์ปรับระดับเตียงผู้ป่วยแบบมอเตอร์ที่เคลื่อนย้ายได้,2013-03-22,2013-09-20,PETTY_PATENT
312,1303000568,คอนกรีตมวลเบาผสมยางธรรมชาติอีพอกไซด์ และกรรมวิธีการผลิต,2013-05-28,2015-04-23,PETTY_PATENT
313,1303000667,เครื่องเลื่อยไม้ยางพารา,2013-06-19,2015-06-15,PETTY_PATENT
314,1303000573,ผลิตภัณฑ์กายอุปกรณ์ที่มีเส้นใยธรรมชาติเป็นองค์ประกอบและกรรมวิธีการผลิตดังกล่าว,2013-05-28,2014-06-13,PETTY_PATENT
315,1303000572,"สารประกอบไอโซอินโดลีน-1,3-ไดโอนที่เป็นตัวยับยั้งอะเซติลโคลีนเอสเทอเรส",2013-05-28,,PETTY_PATENT
316,1303001514,ชุดตรวจสอบหาปริมาณสารระเบิดไนโตรอะโรมาติกแบบก้อนโพลิเมอร์,2013-12-03,2014-05-16,PETTY_PATENT
317,1403000141,กระบวนการผลิตนาโนไฟเบอร์จากสารละลายยางธรรมชาติอิพ็อกไซด์ด้วยเทคนิคอิเล็กโทรสปินนิ่ง,2014-02-16,2015-03-26,PETTY_PATENT
318,1403000143,หมอนสามเหลี่ยมสำหรับจัดท่านอนตะแคง,2014-02-16,2014-08-27,PETTY_PATENT
319,1403000147,กรรมวิธีการผลิตผลิตภัณฑ์ขัดผิวจากใบอ้อย และผลิตภัณฑ์ที่ได้,2014-02-16,2015-02-03,PETTY_PATENT
320,1403000148,เครื่องสำอางกำจัดขนที่มีน้ำยางธรรมชาติกำจัดโปรตีนเป็นส่วนประกอบ,2014-02-17,2014-11-17,PETTY_PATENT
321,1203000176,แผ่นแปะผิวหนังชนิดเมทริกซ์ที่ใช้ทางยาซึ่งเตรียมจากน้ำยางธรรมชาติโปรตีนต่ำ,2012-02-22,2015-01-09,PETTY_PATENT
322,1403000421,แผ่นแปะกระพุ้งแก้มสำหรับเลิกบุหรี่ที่มีนอร์ทริปไทลีนเป็นส่วนประกอบและเปคติน เป็นสารก่อฟิล์มยึดเกาะ และกรรมวิธีการผลิต,2014-04-30,2015-05-29,PETTY_PATENT
323,1403000338,คอนกรีตมวลเบาที่มีส่วนผสมยางธรรมชาติอีพอกไซด์และเศษอิฐดินเผา,2014-04-08,2015-10-26,PETTY_PATENT
324,1403000467,แผ่นปาร์ติเกิลสามชั้นจากกากใบชาร่วมกับชิ้นไม้ยางพาราและกรรมวิธีการผลิตผลิตภัณฑ์ดังกล่าว,2014-05-15,2015-06-04,PETTY_PATENT
325,1403000518,กรรมวิธีผลิตกล้าเชื้อน้ำส้มสายชูแบบผงและผลิตภัณฑ์ที่ได้,2014-05-29,2015-09-25,PETTY_PATENT
326,1403000517,ระบบบำบัดน้ำเสียด้วยเซลล์เชื้อเพลิงจุลชีพ,2014-05-29,2015-03-18,PETTY_PATENT
327,1403000597,กาแฟผงสำเร็จรูปผสมผงแกรนูลใบรางจืดและกรรมวิธีการผลิต,2014-06-16,2015-08-05,PETTY_PATENT
328,1403000641,กรรมวิธีการสกัดสารพิเพอลองกูมินิน(Piperlonguminine) และ 5'-เดสเมท็อกซียาทีน (5'-Desmethoxyyatein) จากพริกไทยดำ,2014-06-23,2016-09-15,PETTY_PATENT
329,1403000642,สารผสมสำหรับใช้ในการยับยั้งการเจริญเติบโตเชื้อก่อโรคในช่องปากและเสริมความแข็งแรงของฟัน ที่ประกอบด้วยสารสกัดมะหาดและฟลูออไรด์,2014-06-23,,PETTY_PATENT
330,1403000640,สารผสมสำหรับใช้ในการยับยั้งการเจริญเติบโตเชื้อก่อโรคในช่องปาก ที่ประกอบด้วยสารสกัดมะหาดและคลอเฮกซิดีน,2014-06-23,2015-02-03,PETTY_PATENT
331,1403000673,ขนมจีนแป้งหมักจากกล้าเชื้อแลคติกและกรรมวิธีการผลิตผลิตภัณฑ์ดังกล่าว,2014-06-27,2015-08-13,PETTY_PATENT
332,1403000819,เม็ดเซรามิกเคลือบไตโตซาน และกรรมวิธีการผลิต,2014-07-24,2015-02-03,PETTY_PATENT
333,1403000820,กรรมวิธีการเตรียมสารโปรตีนแบกเทอริโอซินของจุลินทรีย์ Lactobacilus paracasei เพื่อใช้ในการยับยั้งการเจริญของเชื้อก่อโรคในช่องปาก,2014-07-24,2019-10-15,PETTY_PATENT
334,1403000899,เครื่องแยกเนื้อผลปาล์มออกจากเมล็ดปาล์ม,2014-08-14,2014-12-23,PETTY_PATENT
335,1403001004,ผงแป้งที่เปลี่ยนสภาพเป็นเมือกเหนียวเมื่อสัมผัสกับของเหลวสำหรับยึดติดผิวหนัง,2014-09-03,2015-02-03,PETTY_PATENT
336,1403001005,แผ่นแปะแผลชนิดล้างออกได้ ที่มีส่วนประกอบจากว่านหางจระเข้และสารสกัดบัวบก และกรรมวิธีการผลิต,2014-09-03,2015-10-26,PETTY_PATENT
337,1403001731,กระบวนการผลิตบิวทานอลจากน้ำตาลและกรดอินทรีย์แบบหมักซ้ำโดยใช้เชื้อคลอสตริเดียมที่ไม่มีการเจริญตรึงรูปบนวัสดุรูพรุน,2014-12-22,2015-08-13,PETTY_PATENT
338,1403001732,อุปกรณ์ช่วยจับขวดยาและกรรมวิธีการผลิต,2014-12-22,2015-10-26,PETTY_PATENT
339,1503000122,กรรมวิธีการผลิตแผ่นยางสำหรับปรับปรุงการบันทึกภาพด้วยแมกเนติกเรโซแนนซ์,2015-02-05,2015-08-13,PETTY_PATENT
340,1503000124,ชุดอุปกรณ์รองรับสิ่งขับถ่ายจากทวารเทียม,2015-02-05,2015-08-13,PETTY_PATENT
341,1503000302,กรรมวิธีการเตรียมยางธรรมชาติเหลวอิพอกซิไดซ์ที่ละลายได้ในเมทานอล,2015-03-11,2017-08-16,PETTY_PATENT
342,1503000301,วัสดุทดแทนไม้และกรรมวิธีการผลิต,2015-03-11,2016-04-04,PETTY_PATENT
343,1503000334,กรรมวิธีผลิตแผ่นหนังเทียมจากยางธรรมชาติผสมผงหนังและแผ่นหนังเทียมที่ได้จากกรรมวิธีนี้,2015-03-16,2015-10-26,PETTY_PATENT
344,1403000149,กระบวนการวัลคาไนซ์ยางธรรมชาติชนิดแอมโมเนียสูงด้วยอุณหภูมิต่ำ โดยใช้สารประกอบที่มีหมู่แอลดีไฮด์เป็นสารเชื่อมขวาง,2014-02-16,2015-01-08,PETTY_PATENT
345,1403000150,สารแขวนลอยของไทเทเนียมไดออกไซด์และกรรมวิธีการผลิต,2014-02-16,2015-10-26,PETTY_PATENT
346,1303001024,หุ่นจำลองฝึกหัดดูแลผู้ป่วยที่มีทวารเทียม,2013-09-05,2014-12-23,PETTY_PATENT
347,1403000146,โดโรตีเสริมใยอาหารจากรำข้าวและกรรมวิธีการผลิต,2014-02-16,2015-08-05,PETTY_PATENT
348,1403000193,กรรมวิธีตรวจวัดกิจกรรมของเอนไซม์อะไมเลสด้วยการวิเคราะห์ภาพถ่ายดิจิตอลโดยใช้โปรแกรมวิเคราะห์ภาพ,2014-03-10,2017-03-10,PETTY_PATENT
349,1403000295,สูตรต้นเชื้อแบคทีเรียผลิตกรดแลกติกในรูปแป้งแผ่นแห้ง (dry sheet) และกรรมวิธีการผลิตดังกล่าว,2014-03-27,2015-10-26,PETTY_PATENT
350,1403000296,ปุ๋ยชีวภาพแบคทีเรียสังเคราะห์แสงในรูปแบบของแข็งร่วนและกรรมวิธีการผลิตดังกล่าว,2014-03-27,2015-10-16,PETTY_PATENT
351,1403000317,กรรมวิธีการผลิตโครงร่างทางชีวภาพไคโตซานเคลือบคอลลาเจน และโครงร่างที่ได้จากกรรมวิธีนี้,2014-04-01,2015-09-25,PETTY_PATENT
352,1303001516,กรรมวิธีการผลิตแคปซูลสำหรับใช้บรรจุปุ๋ยจุลินทรีย์,2013-12-03,2014-08-26,PETTY_PATENT
353,1303001517,ชุดตรวจสอบหาปริมาณสารระเบิดไตรไนโตรโทลูอีนแบบแผ่นฟิล์มโพลิเมอร์,2013-12-03,2014-05-16,PETTY_PATENT
354,1403000139,หัวดูดสิ่งคัดหลั่งแบบมีไส้กรอง(Filter Suction),2014-02-16,2014-12-30,PETTY_PATENT
355,1403000140,เครื่องวัดเนื้อยางในน้ำยางด้วยคลื่นไมโครเวฟ,2014-02-16,2015-04-23,PETTY_PATENT
356,1403000142,กรรมวิธีการโพลิงแผ่นฟิล์มไฮโดรฟลูออโรคาร์บอนให้มีสมบัติไพอิโซอิเล็กทริกและไพโรอิเล็กทริก,2014-02-16,2015-09-25,PETTY_PATENT
357,1403000671,น้ำยาเคลือบผิวที่มีสมบัติไม่ชอบน้ำยางพาราอย่างยิ่งยวดและกรรมวิธีการผลิต,2014-06-27,2015-06-08,PETTY_PATENT
358,1403000672,กรรมวิธีการวิเคราะห์ปริมาณโบรอนจากขี้เลื่อยไม้ยางพาราแปรรูปด้วยวิธีการสกัดเย็น,2014-06-27,2015-09-25,PETTY_PATENT
359,1403000818,ระบบให้ความร้อนหรือระบายความร้อนบนพื้นผิวด้วยเจ็ทของไหลจากหัวฉีดแบบท่อติดปลอก,2014-07-24,2015-12-23,PETTY_PATENT
360,1403001003,กรรมวิธีการเชื่อมโลหะในสถานะกึ่งของแข็งภายใต้แก๊สปกคลุมแนวเชื่อม,2014-09-03,2015-01-09,PETTY_PATENT
361,1403001364,แผ่นกาวว่องไวต่อการกดชนิดปราศจากตัวทำละลาย,2014-10-21,2015-06-08,PETTY_PATENT
362,1503000123,ระบบผลิตไบโอดีเซลด้วยเครื่องปฏิกรณ์ท่อผสมแบบสถิตขดเกียว,2015-02-05,2015-08-13,PETTY_PATENT
363,1503000125,อุปกรณ์ติดใบมีดผ่าตัดแบบสวมเข้ากับกล้องส่องผ่าตัดข้อมือ,2015-02-05,2015-08-13,PETTY_PATENT
364,1503000303,กรรมวิธีการผลิตอาหารปลาที่มีส่วนผสมของสารสกัดจากใบกะทุเพื่อใช้เป็นอาหารเสริมภูมิคุ้มกัน,2015-03-11,2015-11-30,PETTY_PATENT
365,1503000304,กรรมวิธีกระตุ้นการแตกหน่อจากการติดตาและการเจริญเติบโตของตายางพาราด้วยสนามแม่เหล็กไฟฟ้า,2015-03-11,2015-08-13,PETTY_PATENT
366,1203000796,เตียงคลอด,2012-07-31,2013-01-01,PETTY_PATENT
367,1203001016,วงจรเก็บเกี่ยวพลังงานกลเป็นพลังงานไฟฟ้าด้วยวิธีทางพิโซอิเล็กทริกสำหรับอัดประจุให้แบตเตอรี่ชนิดประจุซ้ำได้,2012-09-20,2018-07-04,PETTY_PATENT
368,1203001148,เครื่องมือวัดความเร็วของของเหลวด้วยการวัดอัตราการลดลงของสนามไฟฟ้า,2012-10-01,2018-09-25,PETTY_PATENT
369,1203001418,สารประกอบไตรเอโซลที่เป็นตัวยับยั้งอะเซติลโคลีนเอสเทอเรส,2012-12-03,2015-09-25,PETTY_PATENT
370,1303000046,สูตรส่วนผสมและกรรมวิธีการผลิตเต้านมเทียมชนิดซิลิโคน,2013-01-15,2015-03-26,PETTY_PATENT
371,1303000305,กระบวนการเตรียมสารแขวนลอยออร์แกโนเคลย์ในน้ำ,2013-03-22,2013-08-29,PETTY_PATENT
372,1503000579,ระบบนำส่งยาชนิดเซลฟ์นาโนอิมัลซิฟายด์ที่มีส่วนผสมเป็นสารประกอบละลายน้ำยากสองชนิดและกรรมวิธีการผลิต,2015-04-20,2019-02-14,PETTY_PATENT
373,1703000341,ชุดอุปกรณ์ปิดตาชนิดฝ้าสำหรับตรวจวัดสายตา,2017-03-01,2020-07-01,PETTY_PATENT
374,1603002519,กรรมวิธีการสกัดสารกลุ่มอินเตอร์รับตินจากเฟิร์นไซโคลซอรัส เทอร์มิแนนส์ (Cyclosorus terminans),2016-12-08,2018-12-12,PETTY_PATENT
375,1603002515,สารทดแทนฟอสเฟตและไบคาร์บอเนตสำหรับปรับปรุงความสามารถในการอุ้มน้ำและน้ำหนักของเนื้อกุ้ง,2016-12-08,2019-01-08,PETTY_PATENT
376,1603002518,กรรมวิธีการสกัดที่มีสารรูติน (Rutin) และสารนิโครทิฟลอริน (Nicotiflorin) จากใบหมุยใหญ่,2016-12-08,2018-02-20,PETTY_PATENT
377,1703000196,กระบวนการตรวจจับภาวะมดลูกทะลุของเครื่องเฝ้าระวังสารน้ำระหว่างการผ่าตัดผ่านกล้องส่องโพรงมดลูก,2017-02-07,2018-11-14,PETTY_PATENT
378,1703000195,เครื่องผลิตกรดไขมันอิสระจากน้ำมันพืชหรือไขสัตว์,2017-02-07,2019-05-23,PETTY_PATENT
379,1703000329,คอนกรีตมวลเบาชนิดเนื้อพรุนผสมเถ้าไม้ยางพารา,2017-02-28,,PETTY_PATENT
380,1703000783,สูตรผลิตภัณฑ์เจลน้ำมะพร้าวอ่อนผง,2017-05-09,,PETTY_PATENT
381,1703001673,สูตรการเตรียมผลิตภัณฑ์เซรั่มผสมผงน้ำมะพร้าวอ่อน,2017-08-31,2018-10-22,PETTY_PATENT
382,1703001224,ชุดตรวจสอบหาปริมาณฟอร์มาลินในอาหารแบบแผ่นฟิล์มจากพอลิเมอร์ชีวภาพและกรรมวิธีการผลิตชุดตรวจสอบดังกล่าว,2017-07-07,2020-06-12,PETTY_PATENT
383,1703001223,ชุดทดสอบไซยาไนด์แบบแผ่นฟิล์มจากพอลิเมอร์ชีวภาพ,2017-07-07,2020-06-11,PETTY_PATENT
384,1703000594,กรรมวิธีการผลิตไบโอดีเซลจากเซลล์จุลินทรีย์แบบขั้นตอนเดียวด้วยถังปฏิกรณ์,2017-04-07,2019-04-10,PETTY_PATENT
385,1703000670,โฟมยางที่มีส่วนประกอบของสารล่อแมลง,2017-04-21,2019-03-25,PETTY_PATENT
386,1603002254,ชุดทดสอบแบบอิมมูโนแอสเสย์ สำหรับการตรวจสารแอคคาลอยด์จากพืชกระท่อมและกรรมวิธีการผลิต,2016-11-04,,PETTY_PATENT
387,1603002255,อุปกรณ์วัดกำหนดตำแหน่งก่อนการฉีดยาเข้าน้ำวุ้นตา,2016-11-04,2018-04-11,PETTY_PATENT
388,1603002350,คอนกรีตพรุนที่มีส่วนผสมของหางแร่ดินขาว,2016-11-15,,PETTY_PATENT
389,1603002349,กระบวนการการแยกน้ำตาลคิวบราซิทอลจากซีรั่มน้ำยางพาราหรือน้ำยางพาราโดยใช้บิวทานอล,2016-11-15,2019-01-09,PETTY_PATENT
390,1603002348,แผ่นยางประคบเย็น,2016-11-15,2017-07-11,PETTY_PATENT
391,1603002347,ยาเหน็บว่านหางจระเข้,2016-11-15,2017-07-11,PETTY_PATENT
392,1603002346,วิธีการวิเคราะห์ปริมาณสารอินเตอร์รับตินเอ บี และซี ด้วยเทคนิคไฮเพอร์ฟอร์แมนซ์ลิควิดโครมาโตกราฟี,2016-11-15,2018-12-25,PETTY_PATENT
393,1603002345,สูตรตำรับยาสีฟันสมุนไพรจากสรสกัดหญ้าดอกขาวและกรรมวิธีการผลิต,2016-11-15,2019-04-18,PETTY_PATENT
394,1803001911,เครื่องมือถ่างแผลสำหรับช่วยการผ่าตัดฝีคัณฑสูตร,2018-08-24,2019-08-15,PETTY_PATENT
395,1603002458,สูตรขนมถ้วยฟูและกรรมวิธีการผลิตผลิตภัณฑ์,2016-11-28,2019-11-13,PETTY_PATENT
396,1603002445,สูตรตำรับครีมโรโดไมรโทนสำหรับรักษารอยโรคสะเก็ดเงิน,2016-11-28,,PETTY_PATENT
397,1603002520,กรรมวิธีการผลิตคอลลาเจนไฮโดรไลเสทจากหนังปลา,2016-12-08,2018-07-11,PETTY_PATENT
398,1703000431,ชุดสำเร็จรูปตรวจสอบการปนเปื้อนของสุกรในอาหารและกรรมวิธีการผลิตชุดสำเร็จรูปดังกล่าว,2017-03-13,2021-05-03,PETTY_PATENT
399,1803000838,กรรมวิธีผลิตผลิตภัณฑ์น้ำส้มสายชูจากน้ำเชื่อมที่ผ่านการแช่อิ่มผลไม้,2018-04-05,2020-02-07,PETTY_PATENT
400,1303000131,กระบวนการผลิตวัตถุดิบน้ำมันพร้อมตัวเร่งปฏิกิริยาเอนไซม์ไลเปสเพื่อการผลิตไบโอดีเซลแบบขั้นตอนเดียว,2013-02-06,2015-08-13,PETTY_PATENT
401,1703000599,กล่องเก็บถุงนมแม่แช่แข็ง,,,PETTY_PATENT
402,1703000596,ระบบสกัดน้ำมันจากกากกาแฟแบบหมุนวนด้วยน้ำมันปนตัวทำละลายวนซ้ำ,2017-04-07,2018-07-11,PETTY_PATENT
403,1703002356,กรรมวิธีการผลิตน้ำกะทิไขมันต่ำโดยใช้คอลัมน์เบต้าไซโคลเด็กซ์ทริน,2017-11-27,2019-06-24,PETTY_PATENT
404,1203000333,เครื่องรีดตัดทางจาก,2012-04-02,2012-06-20,PETTY_PATENT
405,1803001500,ผลิตภัณฑ์แผ่นมาส์กหน้าจากน้ำยางพาราโปรตีนต่ำและกรรมวิธีผลิตผลิตภัณฑ์ดังกล่าว,2018-07-03,,PETTY_PATENT
406,1703000631,สูตรผสมยางสำหรับผลิตแผ่นหนุนสะโพก,2017-04-12,2018-02-20,PETTY_PATENT
407,1203000280,อุปกรณ์ดามขาชนิดมีแรงดึง,2012-03-20,2012-10-04,PETTY_PATENT
408,1803001658,เครื่องอบแบบสกรูลำเลียงโดยใช้ระบบคลื่นไมโครเวฟร่วมกับลมร้อน,2018-07-25,2020-08-31,PETTY_PATENT
409,1703000657,ชุดตรวจสอบหาปริมาณเหล็กละลายน้ำแบบแผ่นฟิล์มบางจากพอลิเมอร์,2017-04-20,2018-10-16,PETTY_PATENT
410,1903000062,อุปกรณ์สำหรับการสกัดสารอินทรีย์,2019-01-11,2020-01-09,PETTY_PATENT
411,1903000125,อุปกรณ์สำหรับช่วยถ่ายภาพฟลูออเรสเซนซ์ด้วยกล้องในสมาร์ตโฟน,2019-01-18,2020-05-14,PETTY_PATENT
412,1903000180,แบคเทอริโอเฟจค็อกเทลเพื่อลดปริมาณเชื้อวิบริโอ วัลนิฟิคัส (Vibrio vulnificus) ในกุ้งสด,2019-01-24,,PETTY_PATENT
413,,แผ่นยาแปะผิวหนังสูตรผสมยางพาราและแป้ง,,,PETTY_PATENT
414,1803000021,กรรมวิธีการทำบริสุทธิ์สารเบต้ากลูแคนจากเห็ด,2018-01-05,,PETTY_PATENT
415,1803000837,กรรมวิธีผลิตผลิตภัณฑ์ไซเดอร์และไวน์ จากน้ำเชื่อมที่ผ่านการแช่อิ่มผลไม้,2018-04-05,,PETTY_PATENT
416,1803001659,เครื่องมือดึงรั้งทางการแพทย์สำหรับช่วยการผ่าตัดมะเร็งทวารหนักแบบเปิดช่องท้อง,2018-07-25,2020-12-24,PETTY_PATENT
417,1803001689,ผลิตภัณฑ์ผงโรยข้าวจากผัก,2018-08-01,2019-08-22,PETTY_PATENT
418,1803002068,กรรมวิธีผลิตผลิตภัณฑ์ไวน์แอลกอฮอล์ต่ำ,2018-09-14,2021-02-22,PETTY_PATENT
419,1703000630,แผ่นหนุนสะโพกจากยางธรรมชาติ,2017-04-12,2018-07-13,PETTY_PATENT
420,1803000003,กระบวนการตรวจพิสูจน์ดีเอ็นเอที่เกิดจากการสัมผัสบนพื้นผิววัสดุโดยใช้สารเรืองแสงร่วมกับเทคนิคไดเรคพีซีอาร์,2018-01-03,,PETTY_PATENT
421,1803002856,กรรมวิธีการผลิต Pediococcus pentosaceus,2018-12-11,,PETTY_PATENT
422,1903000483,สูตรผลิตภัณฑ์ไลโปโซมครีมของฟีนิลเอทิลรีซอร์ซินอล,2019-02-26,,PETTY_PATENT
423,1503000578,สูตรตำรับยาสมุนไพรสำหรับแก้ไอ,2015-04-20,2016-04-04,PETTY_PATENT
424,1803002069,กรรมวิธีผลิตผลิตภัณฑ์ไวน์ผลไม้เข้มข้นไร้แอลกอฮอล์และผลิตภัณฑ์ที่ได้จากกรรมวิธีดังกล่าว,2018-09-14,,PETTY_PATENT
425,1803001688,สูตรการเตรียมผลิตภัณฑ์โพลียูริเทนเจลที่มีน้ำหนักเบาสำหรับทำเต้านมเทียม,2018-08-01,,PETTY_PATENT
426,1803001687,กรรมวิธีการดัดเเปลงแผ่นเมมเบรนไหมไฟโบรอินด้วยเจลาตินและผลิตภัณฑ์ที่ได้จากกรรมวิธีนี้,2018-08-01,2021-03-05,PETTY_PATENT
427,1803000411,กรรมวิธีการเตรียมสารสกัดชะมวงโอนจากใบชะมวง,2018-02-09,2019-05-31,PETTY_PATENT
428,1203000795,แผ่นหนุนสะโพกจากยางธรรมชาติและกรรมวิธีการผลิต,2012-07-31,2018-07-26,PETTY_PATENT
429,1303000569,กรรมวิธีการเตรียมสารเร่งการคงรูปที่ใช้ปรับปรุงสมบัติเชิงกลของยางธรรมชาติอิพอกซิไดซ์และผลิตภัณฑ์ที่ได้จากกรรมวิธีนี้,2013-05-28,2014-03-06,PETTY_PATENT
430,1903000482,อุปกรณ์สำหรับแบ่งเขตปลอดเชื้อสำหรับการผ่าตัด ,2019-02-26,2019-10-25,PETTY_PATENT
431,1603000926,ผลิตภัณฑ์โปรตีนไฮโดรไลเสทผงจากปลาทูน่าผสมมอลโตเด็กซ์ตรินที่มีฤทธิ์ต้านการแพ้,2016-05-31,2018-02-20,PETTY_PATENT
432,1903000876,ยาเตรียมเฉพาะคราวรูปแบบวุ้นกรอบและกรรมวิธีการผลิตผลิตภัณฑ์ดังกล่าว,2019-04-11,,PETTY_PATENT
433,1903000964,กรรมวิธีการเตรียมสารสกัดโรโดไมรโทนจากใบกระทุ,2019-04-24,,PETTY_PATENT
434,1703002491,เม็ดวัสดุปลูกพืชดินเผาและกรรมวิธีการผลิต,2017-12-15,,PETTY_PATENT
435,1903001664,ชุดทดสอบหาสารไนไตรท์,2019-06-27,,PETTY_PATENT
436,1903001195,สูตรไดลาแทนต์ที่มีไซเลนเป็นองค์ประกอบดังกล่าว,2019-05-13,,PETTY_PATENT
437,2003000938,ผลิตภัณฑ์อาหารเพื่อช่วยฝึกการกลืน เสริมภาวะโภชนาการ และกรรมวิธีผลิตผลิตภัณฑ์ ,2020-05-01,2020-11-18,PETTY_PATENT
438,1903002456,ชุดทดสอบยูเรียในวัตถุดิบอาหารและกรรมวิธีในการผลิตผลิตภัณฑ์ดังกล่าว,2019-09-20,2021-03-26,PETTY_PATENT
439,1903002450,อุปกรณ์ล็อคกันสายระบายเลื่อนหลุดออกจากผิวหนัง ,2019-09-20,2021-01-04,PETTY_PATENT
440,1903002455,สูตรการเตรียมไม้อัดเสริมแรงด้วยเส้นใยธรรมชาติและกรรมวิธีการผลิตผลิตภัณฑ์ดังกล่าว,2019-09-20,,PETTY_PATENT
441,1903002651,แผ่นแปะผิวคอมโพสิตเจลที่มีผงเคลือบ,2019-10-10,,PETTY_PATENT
442,1903002987,กรรมวิธีการเตรียมสารสกัดแอลฟา-แมงโกสตินจากเปลือกผลมังคุด,2019-11-15,,PETTY_PATENT
443,1903003089,กรรมวิธีการเตรียมสารสกัดขมิ้นชันที่มีสารเคอร์คูมินอยด์ในรูปแบบโซลิดดิสเพอร์สชันด้วยโพลีไวนิลไพโรลิโดน เค30 ในรูปแบบผงและผลิตภัณฑ์ที่ได้จากกรรมวิธีดังกล่าว,2019-11-27,,PETTY_PATENT
444,1903003158,ผลิตภัณฑ์เจลลี่ที่มีส่วนผสมของกระชาย,2019-12-09,,PETTY_PATENT
445,1903003243,ผลิตภัณฑ์กัมมี่ที่มีส่วนประกอบของโพรไบโอติก,2019-12-18,,PETTY_PATENT
446,1903003291,ผลิตภัณฑ์กัมมี่เสริมวิตามินสำหรับเด็ก,2019-12-24,,PETTY_PATENT
447,1503001817,กรรมวิธีผลิตกล้าเชื้อแบบผงสำหรับทำขนมถ้วยฟู,2015-10-27,,PETTY_PATENT
448,2003000937,ยางธรรมชาติเทอร์โมพลาสติกลอกลายแบบ 3 มิติ ชนิดเหลว สำหรับงานพิสูจน์หลักฐาน,2020-05-01,,PETTY_PATENT
449,2003001039,กรรมวิธีการเติมอนุภาคซิลเวอร์นาโนบนบรรจุภัณฑ์อาหารชนิดแผ่นฟิล์มและผลิตภัณฑ์ที่ได้จากกรรมวิธีดังกล่าว,2020-05-18,,PETTY_PATENT
450,2003001658,กล่องยาอิเล็กทรอนิกส์ที่มีระบบการระบุตัวตนเพื่อจ่ายยาและการตรวจวัดความชื้น,2020-07-17,,PETTY_PATENT
451,2003001726,ระบบถังปฏิกรณ์ชีวภาพแบบจุ่มชั่วคราวสำหรับการบำบัดสีและสารประกอบฟีนอลิกในน้ำเสียโดยใช้ราตรึง,2020-07-24,,PETTY_PATENT
452,2003001629,เครื่องมือดึงรั้งและป้องกันเนื้อเยื่ออ่อนด้านแก้มสำหรับการผ่าตัดภายในช่องปาก,2020-07-09,,PETTY_PATENT
453,2003001765,กรรมวิธีการผลิตไอโซมอลโตโอลิโกแซคคาไรด์โดยใช้เอนไซม์ในการผลิตแบบ 3 ขั้นตอน,2020-07-30,,PETTY_PATENT
454,2003001901,สูตรการเตรียมผลิตภัณฑ์เยลลี่อ่อนผสมพรีไบโอติกและส้มแขก,2020-08-11,,PETTY_PATENT
455,2003002141,"กรรมวิธีสกัดสารต้านระบบควอรัมเซนซิ่ง ไพรโรลโล [1,2-เอ] ไพราซีน-1,4-ดิออน, เฮกซะไฮโดร-3-(2-เมทิลโพรพิล) (Pyrrolo[1,2-a]pyrazine-1,4-dione, hexahydro-3-(2-methylpropyl)) และ ไพรโรลโล [1,2-เอ] ไพราซีน-1,4-ดิออน, เฮกซะไฮโดร-3-(ฟีนิลเมทิล)(Pyrrolo[1,2-a]pyrazine-1,4-dione, hexahydro-3-(phenylmethyl)) จากเชื้อวิบริโอ อัลจิโนไลติคัส",2020-09-02,,PETTY_PATENT
456,2003002140,บอร์ดแสดงกลุ่มดาวจำลองแบบโต้ตอบได้โดยไร้การสัมผัส ,2020-09-02,,PETTY_PATENT
457,1403001660,แผ่นยางป้องกันแผลกดทับบริเวณหู,2014-12-08,2016-05-23,PETTY_PATENT
458,2003002487,เครื่องเตือนปริมาณน้ำเกลือ,2020-09-28,,PETTY_PATENT
459,2003002555,สูตรซุปเปอร์แบคทีเรียที่ใช้สำหรับการผลิตปุ๋ยอินทรีย์และกรรมวิธีการผลิตซุปเปอร์แบคทีเรียดังกล่าว,2020-09-30,,PETTY_PATENT
460,2003002670,ผลิตภัณฑ์ยาสีฟันเจลสมุนไพรผสมสารย้อมคราบจุลินทรีย์และกรรมวิธีผลิตภัณฑ์ดังกล่าว,2020-10-09,,PETTY_PATENT
461,2003002671,แผ่นหนังเทียมที่ผลิตจากยางพาราและกรรมวิธีในการเตรียมผลิตภัณฑ์ดังกล่าว,2020-10-09,,PETTY_PATENT
462,2003002672,แผ่นยางธรรมชาติเสริมแรงด้วยจีโอเท็กไทล์ชนิดไม่ถักทอและกรรมวิธีการผลิตผลิตภัณฑ์ดังกล่าว ,2020-10-09,,PETTY_PATENT
463,2003002673,กรรมวิธีการผลิตโปรตีนลูกผสมฟอติลิน(FmFortilin),2020-10-09,,PETTY_PATENT
464,2003002884,กรรมวิธีการเตรียมสารสกัดฟีนิลบิวทานอยด์จากเหง้าไพล,2020-10-27,,PETTY_PATENT
465,1103001352,กรรมวิธีการผลิตกระดาษเคลือบยางสำหรับเป็นส่วนผสมในยางคอมพาวนด์,2011-12-28,2013-07-29,PETTY_PATENT
466,1103001204,ผลิตภัณฑ์จากสารสกัดใบยาสูบในรูปแบบอิมัลชันเข้มข้นและกรรมวิธีการผลิต,2011-11-01,2014-08-18,PETTY_PATENT
467,0703000165,กรรมวิธีการยืดอายุการเก็บรักษาน้ำแกงส้มปักษ์ใต้สำเร็จรูปด้วยการควบคุมความเป็นกรดด่างและการใข้ความร้อน,2007-02-19,2012-04-20,PETTY_PATENT
468,1703002142,เครื่องมือวัดความชื้นไม้ยางพาราจากค่าความจุไฟฟ้าของแผ่นวงจรพิมพ์,2017-10-27,2019-05-23,PETTY_PATENT
469,1603002449,สูตรวุ้นสวรรค์,2016-11-28,2019-03-01,PETTY_PATENT
470,1803001499,เครื่องอบแบบถังหมุน,2018-07-03,,PETTY_PATENT
471,1803001057,สูตรและกรรมวิธีการเตรียมพอลิเมอร์ผสมสำหรับผลิตวัสดุฉนวนไฟฟ้า,2018-05-04,,PETTY_PATENT
472,1803002726,ผลิตภัณฑ์แผ่นเยื่อกั้นไฟโบรอินกลีเซอรอลและกรรมวิธีผลิตผลิตภัณฑ์ดังกล่าว,2018-11-21,,PETTY_PATENT
473,1803000146,สื่อการเรียนการสอนชุดทดลองการเคลื่อนที่แบบซิมเปิลฮาร์มอนิก (การแกว่งของลูกตุ้ม),2018-01-19,2018-08-01,PETTY_PATENT
474,1803000736,กระบวนการผลิตโฟมยางจากน้ำยางธรรมชาติโดยใช้ไมโครบับเบิล,2018-03-28,2018-09-18,PETTY_PATENT
475,1803001258,เครื่องแยกใบปาล์มน้ำมัน,2018-06-01,2018-12-04,PETTY_PATENT
476,1703002141,แผ่นยางประคบร้อนชนิดว่องไวต่อการกด,2017-10-27,2018-07-02,PETTY_PATENT
477,1703001088,กรรมวิธีการสร้างโครงร่างวิศวกรรมเนื้อเยื่อแบบสองส่วน (Bi-phasic) จากไฟโบรอินและไคโตซาน,2017-06-19,2019-11-13,PETTY_PATENT
478,1503000335,กรรมวิธีการดัดแปรอาหารเม็ดสำเร็จรูปสำหรับอนุบาลเต่าตนุวัยอ่อน,2015-03-16,2017-03-10,PETTY_PATENT
479,1903000001,องค์ประกอบอนุภาคซิลเวอร์นาโนแบบเคมีสีเขียวที่มีสารสกัดจากเปลือกชุมเห็ดเทศเพื่อยับยั้งเชื้อจุลินทรีย์และกรรมวิธีการผลิตผลิตภัณฑ์ดังกล่าว,2019-01-02,,PETTY_PATENT
480,1603002001,อุปกรณ์จัดท่าผ่าตัดแบบนอนคว่ำคอตรง,2016-09-03,2017-04-05,PETTY_PATENT
481,1903000882,ชุดทดสอบไซบูทรามีน,2019-04-11,,PETTY_PATENT
482,1703000995,แผ่นยาแปะผิวหนังสูตรผสมเจลาตินและยางพารา,2017-06-07,2018-04-04,PETTY_PATENT
483,1703001308,ปลอกขาสำหรับการจัดท่าผู้ป่วยขึ้นขาหยั่ง,2017-07-20,2020-04-23,PETTY_PATENT
484,1703000784,กรรมวิธีการผลิตแป้งฝุ่นทาตัวผสมน้ำมะพร้าวอ่อนโดยใช้วิธีทำแห้งแบบเยือกแข็ง (Freeze Drying powder) และผลิตภัณฑ์ที่ได้จากกรรมวิธีนี้,2017-05-09,2020-08-25,PETTY_PATENT
485,1903000604,สูตรตำรับพิมเสนน้ำจากน้ำมันหอมระเหยของว่านสาวหลงและดอกสายหยุด,2019-03-08,,PETTY_PATENT
486,1703001422,สูตรไข่ตุ๋นโซเดียมต่ำเสริมใยอาหารและกรรมวิธีการผลิต,2017-08-04,,PETTY_PATENT
487,1303001061,กรรมวิธีการเตรียมจุลินทรีย์ Lactobacillus paracasei เพื่อใช้ในการยับยั้งการเจริญของเชื้อก่อโรคในช่องปาก,2010-07-15,2016-02-17,PETTY_PATENT
488,1103000665,อุปกรณ์ฝึกการยืนสำหรับเด็กเล็กที่มีพัฒนาการช้า,2011-07-08,2012-04-20,PETTY_PATENT
489,1203000190,วัสดุรองสกรูตรึงข้อต่อเชิงกราน,2012-02-24,2012-09-25,PETTY_PATENT
490,1203000710,สูตรแชมพูของสารสกัดเฟิร์นที่สามารถยับยั้งแบคทีเรีย,2012-07-17,2013-11-15,PETTY_PATENT
491,1203001417,กรรมวิธีผลิตกาวสำหรับติดยางกับโลหะโดยใช้กาวรองพื้น (ไพรเมอร์) และกาวยางธรรมชาติมาลิเอต,2012-12-03,2014-04-21,PETTY_PATENT
492,1303000570,กรรมวิธีการผลิตมวลรวมหยาบจากเปลือกเมล็ดยางพาราเคลือบด้วยยางธรรมชาติอีพอกไซด์,2013-05-28,2014-01-09,PETTY_PATENT
493,1403000144,กรรมวิธีการผลิตฟลุกโตโอลิโกแซคคาไรด์โดยเอนไซม์ฟรุกโตซิลทรานสเฟอเรสในหัวแก่นตะวัน,2014-02-16,2015-09-25,PETTY_PATENT
494,1403001215,เครื่องปั่นแยกขยะ,2014-09-29,,PETTY_PATENT
495,1503000143,อุปกรณ์สำหรับฉีดเมมเบรนเส้นใยกลวง,2015-02-09,2015-08-05,PETTY_PATENT
496,1303001515,ระบบออพติคอลโคฮีเรนท์โทโมกราฟีแบบโดเมนเวลาแบบที่มีการปรับปรุงคุณภาพของภาพโครงสร้างและความเร็วในเวลาเดียวกัน,2013-12-03,2015-12-23,PETTY_PATENT
497,1203000623,สูตรแหนมที่ประกอบด้วยกล้าเชื้อแบคทีเรียที่ผลิตกาบา (y-aminobutyric acid),2012-06-28,2014-08-01,PETTY_PATENT
498,1603002521,สารละลายโคพอลิเมอร์สำหรับผลิตยางก้อนถ้วย,2016-12-08,2018-04-24,PETTY_PATENT
499,1703001310,กรรมวิธีการผลิตแชร์ไซด์ ดีมินเนอร์ราไลซ์ทูธเมทริกซ์ (Chairside Demineralized Tooth Matrix) ,2017-07-20,2020-01-09,PETTY_PATENT
500,1903002044,ผลิตภัณฑ์สำหรับลดความกระด้างในน้ำที่มีส่วนผสมของโพลีเอทิลีนไกลคอลไดเมทะอะไคเลตชนิดผง,2019-08-09,,PETTY_PATENT
501,1703001225,กรรมวิธีการผลิตออโตโลกัส ดีมินเนอร์ราไลซ์ทูธเมทริกซ์ (Autologous Demineralized Tooth Matrix),2017-07-07,2020-02-07,PETTY_PATENT
502,1803001913,ผลิตภัณฑ์ข้าวต้มผสมเจลโปรตีน,2018-08-24,,PETTY_PATENT
503,1703001885,สูตรการเตรียมซาลโมเนลล่าแบคเทอริโอเฟจ (Salmonella bacteriophage) ในรูปแบบเอนแคปซูเลทลักษณะเป็นผงแห้งและกรรมวิธีการผลิต ,2017-09-25,2021-03-05,PETTY_PATENT
504,1703002357,อนุพันธ์โครโมน-2-คาร์บอกซามิโด-แอลคิลเอมีน ซึ่งมีฤทธิ์ยับยั้งอะเซติลโคลีนเอสเทอเรสและกรรมวิธีการผลิตผลิตภัณฑ์ดังกล่าว,2017-11-27,2021-01-15,PETTY_PATENT
505,1803000839,กรรมวิธีการผลิตน้ำนึ่งปลาทูน่ากาบาสูงด้วยกระบวนการผลิตแบบสองขั้นตอน,2018-04-05,,PETTY_PATENT
506,1703002358,สูตรการเตรียมอิฐมวลเบาที่ทนอุณหภูมิสูงและกรรมวิธีการผลิต,2017-11-27,2019-05-27,PETTY_PATENT
507,1703002359,กรรมวิธีการสังเคราะห์ชั้นเคลือบผิวให้มีสมบัติไม่ชอบน้ำยิ่งยวดและมีความใสด้วยเทคนิคการเคลือบไอเคมีโดยอาศัยไมโครเวฟพลาสมา,2017-11-27,2019-07-11,PETTY_PATENT
508,1703002492,สูตรการเตรียมผลิตภัณฑ์สำหรับทำความสะอาดที่มีดอกไม้เป็นองค์ประกอบ,2017-12-15,,PETTY_PATENT
509,1703002494,สูตรเครื่องดื่มเจลลี่จากน้ำคั้นต้นอ่อนข้าวและกรรมวิธีการผลิตผลิตภัณฑ์ดังกล่าว,2017-12-15,2019-09-03,PETTY_PATENT
510,1903000002,กรรมวิธีการตรึงราบนเส้นใยปาล์มน้ำมัน,2019-01-02,,PETTY_PATENT
511,1303000400,อุปกรณ์แผ่นรองเท้าแบบปรับรูปแบบการรองได้,2013-04-17,2014-06-13,PETTY_PATENT
512,1803001268,กรรมวิธีการวิเคราะห์หาปริมาณเอสเตอร์ในไบโอดีเซลด้วยวิธีการไทเทรต,2018-06-01,,PETTY_PATENT
513,1903000627,กรรมวิธีการผลิตโปรตีนพี450 (P450)แบบการทำบริสุทธิ์และผลิตภัณฑ์ที่ได้จากกรรมวิธีนี้,2019-03-12,,PETTY_PATENT
514,1903000610,เตียงป้องกันการเกิดแผลกดทับ,2019-03-08,,PETTY_PATENT
515,1103000760,กรรมวิธีการเตรียมผงขมิ้นชัน โดยวิธีการออโต้เคลฟ(Autoclave),2011-08-01,2013-03-22,PETTY_PATENT
516,1703000328,อิฐบล็อกกันรังสีที่มีส่วนผสมของหินเซอร์เพนทิไนต์และกรรมวิธีการผลิต,2017-02-28,2020-03-05,PETTY_PATENT
517,1703002036,ตัวดูดซับคอมโพสิตของกราฟีนออกไซด์-พอลิเอทิลีนไกลคอลแบบสเตอร์โฟมน้ำยางธรรมชาติ,2017-10-12,2021-01-21,PETTY_PATENT
518,1703000597,ปุ๋ยชีวภาพละลายฟอสเฟต,2017-04-07,2019-01-09,PETTY_PATENT
519,1403000017,กรรมวิธีการเตรียมน้ำยางกำจัดโปรตีนจากน้ำยางสด,2014-01-07,2015-04-23,PETTY_PATENT
520,1803002807,แผ่นกาวจากยางพาราต้านจุลินทรีย์ในอาหาร,2018-11-30,,PETTY_PATENT
521,1503000903,อุปกรณ์ช่วยเล็งในการเจาะกระดูกให้ได้แนวขนานแบบปรับระยะได้(Adjustable parallel drill guide),2015-06-17,2015-10-16,PETTY_PATENT
522,1503001815,โครงสร้างของแผ่นยางป้องกันแผลกดทับบริเวณหู,2015-10-27,2017-08-16,PETTY_PATENT
523,1603000446,กรรมวิธีการปลูกต้นอ่อนข้าวแบบไม่ใช้ดินหรือวัสดุค้ำจุน,2016-03-16,2020-04-23,PETTY_PATENT
524,1603000793,กรรมวิธีการผลิตต้นอ่อนข้าวชนิดผงเสริมแร่ธาตุซีลีเนียม,2016-05-12,2017-09-12,PETTY_PATENT
525,1603002034,วัสดุปิดแผลที่ได้จากเซลลูโลสที่ผลิตจากแบคทีเรียผสมสารชีวภาพจากเชื้อแลกโตบาซิลลัส แรมโนซัส จีจี เอทีซีซี 53103 (Lactobacillus rhamnosus GG ATCC 53103) และกรรมวิธีการผลิตผลิตภัณฑ์ดังกล่าว,2016-10-06,2021-05-03,PETTY_PATENT
526,1803001058,เตาฟลูอิไดซ์เบดแก๊สซิไฟเออร์แบบหมุนควง ,2018-05-04,2020-10-22,PETTY_PATENT
527,0803000689,น้ำยาฆ่าเชื้อจุลินทรีย์ในผลผลิตทางการเกษตรที่มีสารสกัดจากธรรมชาติเป็นองค์ประกอบ,2008-05-31,2010-09-30,PETTY_PATENT
528,1003000626,ตระกร้าอนุบาลสัตว์น้ำวัยอ่อน,2016-07-08,2012-07-24,PETTY_PATENT
529,1103000137,เครื่องผ่าผลปาล์มแบบไฟฟ้า,2011-02-14,2012-01-12,PETTY_PATENT
530,1903001415,สูตรราไตรโคเดอร์มาชนิดอิมัลชั่น,2019-05-31,,PETTY_PATENT
531,1903001417,แผ่นยางลดแรงกดทับบริเวณฝ่าเท้าจากยางธรรมชาติที่มีฤทธิต้านจุลชีพ,2019-05-31,,PETTY_PATENT
532,1903001416,เครื่องมือทดสอบการกระดอนของบอลในแนวตั้งด้วยหลักการไทม์ออฟไฟร์,2019-05-31,2020-02-05,PETTY_PATENT
533,1903001414,กรรมวิธีการผลิตถ่านชีวภาพจากสาหร่ายขนาดเล็กที่ผ่านการสกัด,2019-05-31,,PETTY_PATENT
534,1903002243,กรรมวิธีการผลิตเปบไทด์ลูกผสมทรอมโบสปอนดิน 3-2(Thrombospondin 3-2),2019-09-02,,PETTY_PATENT
535,1903002654,ชุดตรวจสอบหาปริมาณเหล็กเฟอร์ริกแบบแผ่นฟิล์มบางจากพอลิเมอร์ชีวภาพและสารสกัดใบฝรั่ง,2019-10-10,2021-03-05,PETTY_PATENT
536,1803001798,ชุดทดสอบความเข้มข้นของสารโปรเมทาซีนในเครื่องดื่ม,2018-08-14,2021-02-02,PETTY_PATENT
537,1803001799,กรรมวิธีการกำจัดโพแทสเซียมและกู้น้ำมันคืนกลับจากทะลายปาล์มเปล่าด้วยวิธีการให้ความร้อนด้วยน้ำ,2018-08-14,,PETTY_PATENT
538,1803001801,อุปกรณ์วัดความหนาแบบไม่สัมผัสตัวอย่าง,2018-08-14,2021-01-14,PETTY_PATENT
539,1803002070,ผลิตภัณฑ์ข้าวต้มพร้อมบริโภค,2018-09-14,,PETTY_PATENT
540,1803002066,อุปกรณ์ขาหยั่งที่มีปลอกหุ้มขาระบบนิวเมติก,2018-09-14,2020-03-19,PETTY_PATENT
541,1803002617,องค์ประกอบของซิลเวอร์นาโนที่มีสารจากยูคาลิปตัสหรือกระทุเป็นองค์ประกอบและกรรมวิธีการผลิตผลิตภัณฑ์ดังกล่าว,2018-11-09,,PETTY_PATENT
542,1803000147,อุปกรณ์หยิบจับวัตถุนิวแมติกส์แบบไหลวนพร้อมแท่งบังคับการไหลแบบเวนทูรี,2018-01-19,2020-01-07,PETTY_PATENT
543,1803000673,กรรมวิธีการสังเคราะห์ชั้นเคลือบอนุภาคซิลเวอร์นาโนบนพื้นผิวท่อหายใจ,2018-03-20,2020-04-23,PETTY_PATENT
544,1703002493,สูตรการเตรียมแผ่นโฟมยางพาราสำหรับรองพรมละหมาด,2017-12-15,2019-09-10,PETTY_PATENT
545,1803001254,กรรมวิธีการปรับค่าการนำไฟฟ้าในวัสดุเพาะกล้าจากขุยมะพร้าว,2018-06-01,2020-08-13,PETTY_PATENT
546,1003001367,อุปกรณ์พยุงกระดูกไหปลาร้าแบบปรับเองได้,2010-12-29,2011-04-08,PETTY_PATENT
547,1803001261,สูตรตำรับเจลต้านการอักเสบจากสารสกัดเหง้าเปราะป่า,2018-06-01,,PETTY_PATENT
548,1703002495,กระบวนการอบดอกไม้แห้ง,2017-12-15,2019-07-11,PETTY_PATENT
549,1603001157,มีดกรีดเปลือกต้นยางพารา,2016-07-01,2018-02-01,PETTY_PATENT
550,1603002252,เครื่องขัดชิ้นงานที่สามารถปรับระดับอุปกรณ์ยึดจับชิ้นงานได้,2016-11-04,2017-09-12,PETTY_PATENT
551,1503002119,เจลสมุนไพรแต้มสิว,2015-12-17,2017-08-16,PETTY_PATENT
552,0903000220,อุปกรณ์สลับสัญญานสี่เฟสสำหรับขั้วไฟฟ้าอินเทอร์ดิจิเทต,2009-03-12,,PETTY_PATENT
553,1903001525,อุปกรณ์วางชิ้นเนื้อสำหรับการถ่ายภาพรังสี,2019-06-10,2020-05-14,PETTY_PATENT
554,1903001583,สูตรเวชสำอางบำรุงผิวครีมไลโปโซมโพรไบโอติก ,2019-06-18,,PETTY_PATENT
555,1903001794,ชุดทดสอบหาสารไนไตรท์แบบก้อนพอลิเมอร์,2019-07-11,,PETTY_PATENT
556,1903001910,สูตรตำรับเจลสมานแผลที่มีส่วนผสมของสารจากเหง้าเปราะป่า,2019-07-26,,PETTY_PATENT
557,1903002448,กรรมวิธีการสกัดสารแคมเฟอรอลแบบหยาบจากผงเปลือกสะตอ,2019-09-20,,PETTY_PATENT
558,1903002457,สูตรการเตรียมปุ๋ยยูเรียละลายช้าเคลือบด้วยน้ำยางกราฟต์แป้งและกรรมวิธีในการผลิตผลิตภัณฑ์ดังกล่าว,2019-09-20,,PETTY_PATENT
559,1903002655,ยาเตรียมเฉพาะคราวรูปแบบฟองดองท์และกรรมวิธีการผลิตผลิตภัณฑ์ดังกล่าว,2019-10-10,,PETTY_PATENT
560,2003000936,เครื่องมือคัดแยกขนาดไข่,2020-05-01,,PETTY_PATENT
561,1903003106,กรรมวิธีการวิเคราะห์ปริมาณสารเมทิลโบรไมด์และหรือโบรไมด์ไอออนในตัวอย่างน้ำและพืช,2019-11-29,,PETTY_PATENT
562,2003000063,หนูจำลองจากยางธรรมชาติสำหรับฝึกปฏิบัติพื้นฐานทางเภสัชวิทยา,2020-01-10,,PETTY_PATENT
563,2003000064,แผ่นรองฝ่าเท้าจากยางธรรมชาติ และกรรมวิธีการผลิต,2020-01-10,,PETTY_PATENT
564,2003000318,เครื่องตรวจวัดกลูโคส กรดยูริก และโดพามีนแบบพร้อมกัน,2020-02-14,,PETTY_PATENT
565,2003000319,กาวดินน้ำมันยางพาราที่มีส่วนผสมน้ำมันหอมระเหยสำหรับไล่มดและแมลงสาบ,2020-02-14,,PETTY_PATENT
566,2003000825,กรรมวิธีการผลิตแผ่นเส้นใยสำหรับแผ่นกรองอากาศแบบอิเลกโทรสปินนิงจากพอลิเมอร์ชนิดพีวีดีเอฟ-เอชเอฟพี,2020-04-17,,PETTY_PATENT
567,2003000826,ผลิตภัณฑ์แผ่นเยื่อกั้นไฟโบรอินกลีเซอรอลคอลลาเจนและกรรมวิธีผลิตผลิตภัณฑ์ดังกล่าว,2020-04-17,,PETTY_PATENT
568,2003000935,อุปกรณ์การผลิตกรดไฮโปคลอรัสด้วยวิธีทางเคมีไฟฟ้า,2020-05-01,,PETTY_PATENT
569,2003001071,กรรมวิธีการหมักไวน์ข้าวเหนียวดำกล้องงอก,2020-05-22,,PETTY_PATENT
570,2003001164,กรรมวิธีการผลิตน้ำมันมะพร้าวและโปรตีนจากกะทิสด,2020-05-29,,PETTY_PATENT
571,2003001163,เครื่องวัดเนื้อยางแห้งในยางก้อนถ้วย,2020-05-29,,PETTY_PATENT
572,2003001162,ผลิตภัณฑ์อาหารเหลวพร้อมบริโภคและผงชงละลาย,2020-05-29,,PETTY_PATENT
573,2003001237,เครื่องไฮโดรโซนิกเพื่อผลิตสารอิมัลชันที่มีขนาดของหยดเล็กระดับนาโนเมตร,2020-06-09,,PETTY_PATENT
574,2003001334,กรรมวิธีผลิตสะตอดองในน้ำปรุงรสพาสเจอไรส์และผลิตภัณฑ์ที่ได้จากกรรมวิธีดังกล่าว ,2020-06-18,,PETTY_PATENT
575,2003001591,ชุดทดสอบความเข้มข้นของสารโปรเมทาซีนที่มีก้อยพอลิเมอร์ห่อหุ้มและกรรมวิธีในการเตรียมผลิตภัณฑ์ดังกล่าว,2020-07-10,,PETTY_PATENT
576,2003001659,กรรมวิธีการสกัดโปรตีนจากเห็ดแครง,2020-07-17,,PETTY_PATENT
577,2003001657,กรรมการวิธีการสร้างโครงร่างวิศวกรรมเนื้อเยื่อแบบสองส่วน (Biphasic structure) ,2020-07-17,,PETTY_PATENT
578,2003001766,อุปกรณ์ถ่างลิ้นสําหรับช่วยผ่าตัดพังผืดใต้ลิ้นในทารก,2020-07-30,2021-05-19,PETTY_PATENT
579,1003000421,ไม้ค้ำยันระบบไฮดรอลิก,2010-05-14,,PETTY_PATENT
580,1803001912,อุปกรณ์ถ่างทวารหนักสำหรับการผ่าตัดทางทวารหนัก,2018-08-24,2019-08-15,PETTY_PATENT
581,1803000677,กรรมวิธีการสกัดเชื้อไวรัสทริสเตซาส้มจากพืชตระกูลส้มโดยการบดขยี้เนื้อเยื่อด้วยทรายล้าง,2018-03-21,2019-08-02,PETTY_PATENT
582,1803002618,กรรมวิธีการเคลือบอนุภาคซิลเวอร์นาโนบนผลิตภัณฑ์ยางและผลิตภัณฑ์ที่ได้จากกรรมวิธีดังกล่าว,2018-11-09,2021-01-21,PETTY_PATENT
583,1703002360,สูตรเนื้อไก่ปรุงรสสำหรับทำเบอร์เกอร์และกรรมวิธีการผลิต,2017-11-27,,PETTY_PATENT
584,1703002140,สูตรการเตรียมเจลทาเฉพาะที่ที่มีส่วนผสมของสารสกัดผลยอด้วยน้ำรูปแบบไฟโตโซน,2017-10-27,2019-02-14,PETTY_PATENT
585,1803002672,กรรมวิธีการผลิตโครงร่างรองรับเซลล์จากชีววัสดุพอลิเมอร์โดยใช้ฟองก๊าชขนาดเล็กสำหรับวิศวกรรมเนื้อเยื่อกระดูก,2018-11-15,2021-01-21,PETTY_PATENT
586,1803001215,สูตรซอสแกงเขียวหวานสเตอริไลส์และกรรมวิธีการผลิตผลิตภัณฑ์ดังกล่าว,2018-05-25,2020-10-16,PETTY_PATENT
587,1803001260,ซอร์เบท์จากน้ำเชื่อมที่ผ่านการแช่อิ่มผลไม้และกรรมวิธีผลิตผลิตภัณฑ์,2018-06-01,,PETTY_PATENT
588,1803001216,สูตรผงโรยข้าวแกงเขียวหวานและกรรมวิธีการผลิตผลิตภัณฑ์,2018-05-25,2019-02-08,PETTY_PATENT
589,1903000481,ซอร์เบท์จากน้ำเชื่อมที่ผ่านการแช่อิ่มผลไม้และกรรมวิธีผลิตผลิตภัณฑ์,2019-02-26,2020-12-24,PETTY_PATENT
590,1903000878,กรรมวิธีการยับยั้งเชื้อราบนงวงตาลโดยใช้ซิลเวอร์นาโน,2019-04-11,2021-03-26,PETTY_PATENT
591,1903000879,กัมมี่เจลลี่ของยาโคลไตรมาโซลสำหรับอมในช่องปากและกรรมวิธีการผลิตผลิตภัณฑ์ดังกล่าว,2019-04-11,2021-05-19,PETTY_PATENT
592,1903000881,กระบวนการผลิตโฟมละลายน้ำได้ด้วยกระบวนการตีฟองร่วมกับการทำแห้งแบบแช่เยือกแข็ง,2019-04-11,,PETTY_PATENT
593,1903000883,ผลิตภัณฑ์อาหารเพื่อช่วยฝึกการกลืนเสริมภาวะโภชนาการและกรรมวิธีการผลิตผลิตภัณฑ์ดังกล่าว,2019-04-11,,PETTY_PATENT
594,1903001121,สูตรส่วนผสมสำหรับระแนงเทียมจากการเบลนด์ยางธรรมชาติรีเคลมกับเอทิลีนไวนิลอะซิเตท,2019-05-07,,PETTY_PATENT
595,1903001193,ระบบกั้นเนื้อเยื่อชนิดกึ่งแข็งที่ผลิตจากวัสดุผสมโพลิคาร์โพรแลคโตนและไบเฟสิกแคลเซียมฟอสเฟตสำหรับการคืนสภาพของกระดูกและกรรมวิธีการผลิตระบบดังกล่าว,2019-05-13,,PETTY_PATENT
596,1903001554,อุปกรณ์สำหรับติดตามผลการฝึกบริหารเพื่อขยายปริมาตรปอดด้วยระบบกล้องฝังตัว,2019-06-13,,PETTY_PATENT
597,1903001556,สูตรยาอมเม็ดนิ่มที่มีส่วนผสมของสารสกัดจากหญ้าดอกขาวสำหรับช่วยเลิกบุหรี่,2019-06-13,,PETTY_PATENT
598,1903001793,ผลิตภัณฑ์ชาอู่หลงที่มีองค์ประกอบของสาหร่ายผมนางและถั่งเช่า,2019-07-11,,PETTY_PATENT
599,1903002449,อุปกรณ์ช่วยในการเคลื่อนที่สำหรับผู้ป่วยที่ได้รับบาดเจ็บต่ำกว่าหัวเข่า,2019-09-20,2020-07-01,PETTY_PATENT
600,1903002653,ชุดตรวจสอบหาปริมาณเหล็กละลายน้ำแบบเเผ่นฟิล์มบางจากพอลิเมอร์ชีวภาพและสารสกัดใบชาเขียว,2019-10-10,2021-05-03,PETTY_PATENT
601,2003000534,ฟิล์มลามิเนตพอลิแลคติกแอซิดและพอลิไวนิลแอลกอฮอล์โดยใช้เส้นใยนาโนเซลลูโลสดัดแปรและกรรมวิธีการผลิต,2020-03-12,,PETTY_PATENT
602,1903003108,กรรมวิธีการผลิตน้ำส้มสายชูหมักจากมัลเบอร์รี่,2019-11-29,2021-01-14,PETTY_PATENT
603,2003000422,อุปกรณ์ผลิตฟองก๊าซสำหรับใช้ในกระบวนการผลิตโฟมยางธรรมชาติ,2020-02-28,,PETTY_PATENT
604,2003000539,กระบวนการตรวจวัดสารโยฮิมไบน์,2020-03-12,,PETTY_PATENT
605,2003000673,กาวจากน้ำยางพาราสูตรผสมพลาสติไซเซอร์สำหรับยึดสิ่งประดิษฐ์ใบหน้าขากรรไกรภายนอกช่องปาก,2020-03-27,,PETTY_PATENT
606,2003000892,อุปกรณ์ช่วยกดลิฟต์ไร้สัมผัส,2020-04-24,,PETTY_PATENT
607,2003000822,ตู้เก็บตัวอย่างตรวจ (SWAB ROOM) แบบห้องความดันลบ,2020-04-17,,PETTY_PATENT
608,2003001660,กรรมวิธีการผลิตบูดูผงและผลิตภัณฑ์ที่ได้จากกรรมวิธีนี้,2020-07-17,,PETTY_PATENT
609,2003001833,ชุดอุปกรณ์จัดท่าผ่าตัดผู้ป่วยโรคอ้วน,2020-08-06,,PETTY_PATENT
610,2003001835,กรรมวิธีการผลิตข้าวหมากหมักเร็วโดยใช้กล้าเชื้อยีสต์บริสุทธิ์ร่วมกับการเติมเอนไซม์อะมัยเลส,2020-08-06,,PETTY_PATENT
611,2003001834,อุปกรณ์ตรวจวัดยาปฏิชีวนะ,2020-08-06,,PETTY_PATENT
612,1603002253,ตะเกียบจากแป้งข้าวเจ้าผสมใยมะพร้าวและกรรมวิธีการผลิตผลิตภัณฑ์ดังกล่าว,2016-11-04,2018-07-12,PETTY_PATENT
613,2003001899,กรรมวิธีการเตรียมสารสกัดขิงที่มีสาร [6]-จินเจอรอล,2020-08-11,,PETTY_PATENT
614,2003001900,กรรมวิธีการเคลือบไหมเย็บแผลด้วยอนุภาคซิลเวอร์นาโนและผลิตภัณฑ์ที่ได้จากกรรมวิธีดังกล่าว,2020-08-11,,PETTY_PATENT
615,2003002002,กระบวนการเตรียมตัวอย่างและสกัดฟอร์มัลดีไฮด์ในตัวอย่างโฟมยางพารา,2020-08-21,,PETTY_PATENT
616,2003002119,ถังนึ่งผลปาล์มทั้งทะลายแบบให้ความร้อนจากไอน้ำโดยตรง,2020-08-31,,PETTY_PATENT
617,2003002481,ระบบคัดแยกคุณภาพของกล้วยแบบไม่ทำลายโดยใช้แสงใกล้อินฟาเรดแบบดิจิตัล,2020-09-28,,PETTY_PATENT
618,2003002482,กรรมวิธีการผลิตไฮโดรเจลที่มีอนุภาคซิลเวอร์นาโนที่สังเคราะห์โดยใช้สารสกัดจากพืชวงศ์ชมพู่เป็นสารต้านจุลินทรีย์ และผลิตภัณฑ์ที่ได้จากกรรมวิธีดังกล่าว,2020-09-28,,PETTY_PATENT
619,2003002483,เลนส์สำหรับการปรับแต่งลำเเสงเลเซอร์เพื่อลดการบานออกของลำแสง,2020-09-28,,PETTY_PATENT
620,0603001060,เตาปฏิกรณ์สำหรับสังเคราะห์เซรามิก วัสดุผสมและวัสดุผสมเชิงโลหะ โดยวิธีปฏิกิริยาก้าวหน้าด้วยตัวเองที่อุณหภูมิสูง,2006-08-11,2006-08-11,PETTY_PATENT
621,1803000738,ผลิตภัณฑ์กล้าเชื้อผงแลคโตบาซิลัส ฟูทซาอิ (Lactobacillus Futsaii) กาบาสูง,2018-03-28,2021-03-24,PETTY_PATENT
622,1803000737,แผ่นเกราะกันกระสุนทำจากวัสดุผสม,2018-03-28,2019-05-23,PETTY_PATENT
623,1803001656,สูตรการเตรียมผลิตภัณฑ์พุดดิ้งโปรตีนเสริมพรีไบโอติก,2018-07-25,2021-02-17,PETTY_PATENT
624,1803002313,กระเบื้องยางต่างสัมผัสจากยางพาราสำหรับคนพิการทางสายตา,2018-10-05,,PETTY_PATENT
625,1803002857,อุปกรณ์หนีบดึงถ่างลิ้นสำหรับช่วยผ่าตัดพังผืดใต้ลิ้นในทารก,2018-12-11,2019-07-11,PETTY_PATENT
626,1503001823,สูตรยางไล่ยุงแบบทาป้าย,2015-10-27,2016-07-13,PETTY_PATENT
627,1803001259,ตำรับครีมต้านการอักเสบจากสารสกัดขมิ้นขาว,2018-06-01,,PETTY_PATENT
628,1003000583,ถังหมักปุ๋ยสำหรับมูลฝอยอินทรีย์แบบแนวตั้ง,2010-07-02,2010-11-08,PETTY_PATENT
629,1003000485,เครื่องมือตั้งระดับจุดหยดน้ำไขสันหลัง,2010-06-07,2011-09-09,PETTY_PATENT
630,1903000965,ผลิตภัณฑ์ข้าวต้มพร้อมบริโภค,2019-04-24,,PETTY_PATENT
631,1903000877,ยาเตรียมเฉพาะคราวรูปแบบเม็ดบีดวุ้นเพื่อกลบรสขมและกรรมวิธีการผลิตดังกล่าว,2019-04-11,,PETTY_PATENT
632,1903000969,สูตรขนมกัมมี่เยลลี่ที่มีสมุนไพรเป็นส่วนประกอบ ,2019-04-24,2020-04-08,PETTY_PATENT
633,1903000966,กรรมวิธีการสกัดสารกึ่งบริสุทธิ์จากใบกระทุที่มีสารโรโดไมรโทนเป็นสารหลัก,2019-04-24,,PETTY_PATENT
634,1903001194,แผ่นยาสมุนไพรชนิดว่องไวต่อการกดจากยางพารา,2019-05-13,,PETTY_PATENT
635,1503001272,กรรมวิธีการผลิตเบต้า-กลูแคนจากเห็ดบริโภคได้เพื่อพัฒนาเป็นผลิตภัณฑ์เสริมอาหาร,2015-08-21,2016-09-15,PETTY_PATENT
636,1903002043,กรรมวิธีกำจัดไขมันในหนังปลาก่อนการสกัดเจลาตินหรือคอลลาเจนไฮโดรไลเสต,2019-08-09,,PETTY_PATENT
637,1903002453,ผลิตภัณฑ์ครีมนวดบรรเทาอาการปวดเมื่อยกล้ามเนื้อทั้งชนิดร้อนและเย็นที่มีสารสกัดจากลูกประคบ,2019-09-20,,PETTY_PATENT
638,1903002454,กระบวนการสกัดน้ำมันจากหัวกุ้ง,2019-09-20,,PETTY_PATENT
639,1903002451,อุปกรณ์ทดสอบหมู่เลือดแบบพกพาทางเข้าเดี่ยว,2019-09-20,2020-07-01,PETTY_PATENT
640,1903002452,เบาะรองเพื่อป้องกันแผลกดทับ,2019-09-20,2020-05-14,PETTY_PATENT
641,1903002652,ผลิตภัณฑ์กล้าเชื้อร่วมแบบผงของแบคทีเรียแลคโตบาซิลลัส เพนโทซัส และแลคโตบาซิลลัส แพลนทารัม,2019-10-10,,PETTY_PATENT
642,2003000536,กรรมวิธีการปรับสภาพเนื้อรังนกเพื่อป้องกันการละลายหลังผ่านกระบวนการฆ่าเชื้อด้วยความร้อนร่วมกับการใช้แรงดันสูง,2020-03-12,,PETTY_PATENT
643,2003000540,กรรมวิธีผลิตแวกซ์เอสเทอร์จากกรดไขมันปาล์มโดยใช้เอนไซม์ไลเปสบนตัวเซลล์,2020-03-12,,PETTY_PATENT
644,2003000541,กระบวนการตรวจวัดไฮโดรควิโนนในเครื่องสำอาง,2020-03-12,,PETTY_PATENT
645,2003000542,หลอดดูดน้ำลายสองทาง (2 way SS-suction),2020-03-12,,PETTY_PATENT
646,2003000675,อุปกรณ์ตรวจวัดความชื้นในดิน,2020-03-27,,PETTY_PATENT
647,2003000674,ผลิตภัณฑ์แบคทีเรียสังเคราะห์แสงและกรรมวิธีการผลิตผลิตภัณฑ์ดังกล่าว,2020-03-27,,PETTY_PATENT
648,2003000672,สูตรฟิล์มชนิดขยายตัวที่เตรียมจากแป้งข้าวเหนียวและไคโตซานสำหรับนำส่งสารประกอบในกระเพาะอาหาร,2020-03-27,,PETTY_PATENT
649,2003000731,กาวจากน้ำยางพาราสูตรผสมสารเพิ่มการเหนียวติดสำหรับยึดสิ่งประดิษฐ์ใบหน้าขากรรไกรภายนอกช่องปาก,2020-04-03,,PETTY_PATENT
650,2003000827,ผลิตภัณฑ์เครื่องดื่มเพื่อสุขภาพผสมไอโซมอลโตโอลิโกแชคคาไรด์และกรรมวิธีผลิตผลิตภัณฑ์ดังกล่าว ,2020-04-17,2020-11-18,PETTY_PATENT
651,2003001038,สูตรแอลกอฮอล์เหลวล้างมือฆ่าเชื้อโรคที่มีส่วนผสมของว่านหางจระเข้,2020-05-18,,PETTY_PATENT
652,2003001333,กรรมวิธีการสกัดสารกลุ่มเมทอกซีฟลาโวลจากเหง้ากระชายดำ,2020-06-18,,PETTY_PATENT
653,2003001594,หุ่นทางการแพทย์สำหรับจำลองการช่วยชีวิตขั้นพื้นฐาน,2020-07-10,,PETTY_PATENT
654,2003001764,กรรมวิธีการผลิตไอโซมอลโตโอลิโกแซคคาไรด์โดยใช้เอนไซม์ในการผลิตแบบ 2 ขั้นตอน,2020-07-30,,PETTY_PATENT
655,2003001898,สูตรตำรับลูกอมเม็ดนิ่มที่มีส่วนผสมของสารสกัดขิงที่มีสาร [6]-จินเจอรอล,2020-08-11,,PETTY_PATENT
656,2003002033,ชุดตรวจวัดและวิเคราะห์การเรืองแสงเชิงคุณภาพและเชิงปริมาณด้วยกล้องในสมาร์ตโฟน,2020-08-24,,PETTY_PATENT
657,2003002484,กระบวนการผลิตคลอสลิงค์โฟมจากไฮโดรเจล,2020-09-28,,PETTY_PATENT
658,2003002488,อุปกรณ์หักหลอดแก้วยา,2020-09-28,,PETTY_PATENT
659,1703001188,สูตรการเตรียมจุลินทรีย์โพไบโอติกผสม,2017-07-04,,PETTY_PATENT
660,1503000580,กรรมวิธีการผลิตผลิตภัณฑ์ผงปรุงรสลาบ-น้ำตกที่มีส่วนผสมกาบา,2015-08-20,2015-10-26,PETTY_PATENT
661,1503000828,ถุงรองรับสิ่งขับถ่ายจากทวารเทียมที่ผลิตจากพอลิบิวทิลีนอะดิเพตโคเทเรฟทาเลต สามารถย่อยสลายได้ทางชีวภาพและกรรมวิธีการผลิตผลิตภัณฑ์ดังกล่าว,2015-06-04,2015-11-30,PETTY_PATENT
662,1503000852,หุ่นจำลองเซลล์สำหรับการเรียนการสอนแบบมีเสียงบรรยาย,2015-06-08,2015-06-05,PETTY_PATENT
663,1503000980,กรรมวิธีเคลือบโครงร่างค้ำยันสามมิติโปรตีนไหมไฟโบรอินด้วยเนื้อเยื่อในฟันที่ย่อยเอาเซลล์ออกไป(decellularized pulp),2015-06-30,2016-02-17,PETTY_PATENT
664,1503001137,เครื่องอัดร้อนสำหรับวัสดุผสม,2015-07-24,2015-10-26,PETTY_PATENT
665,1503001218,เครื่องบันทึกภาพรากของพืชระบบอิเล็กทรอนิกส์,2015-08-13,2017-05-10,PETTY_PATENT
666,1503001231,อุปกรณ์กำเนิดคลื่นเฉือน,2015-08-14,2015-12-23,PETTY_PATENT
667,1503001826,เครื่องลอยแร่,2015-10-27,2016-09-09,PETTY_PATENT
668,1503001819,ชุดตรวจสารระเบิดไรโตรอะโรมาติก,2015-10-27,2016-09-15,PETTY_PATENT
669,1503001820,แผ่นยางที่มีกลิ่นหอม,2015-10-27,2016-07-13,PETTY_PATENT
670,1503001834,เครื่องยึดกระดูกนิ้วมือภายนอกชนิดดึงและเคลื่อนไหวข้อนิ้วแบบแกนคู่ด้านข้างสำหรับรักษากระดูกข้อนิ้วกลางหลุดและหัก,2015-10-29,2016-07-13,PETTY_PATENT
671,1503001959,กรรมวิธีการผลิตโพลีคลอนอลแอนติบอดี(IgG)ต่อเชื้อไวรัสทริสเตซาส้มและแอนติบอดีผลิตจากกรรมวิธีนี้,2015-11-17,2019-01-17,PETTY_PATENT
672,1503001958,ชุดสำเร็จรูปตรวจสอบไวรัสทริสเตซาของพืชตระกูลส้ม,2015-11-17,2020-03-05,PETTY_PATENT
673,1503002118,สารทดแทนฟอสเฟสและไบคาร์บอเนตในการปรับปรุงคุณสมบัติความสามารถในการอุ้มน้ำและน้ำหนักของเนื้อกุ้ง,2015-12-17,2016-09-02,PETTY_PATENT
674,1503002121,สูตรผสมที่มีส่วนผสมของสารสกัดใบกระทุและกรรมวิธีการผลิต,2015-12-17,2017-04-05,PETTY_PATENT
675,1603000084,กระบวนการผลิตน้ำตาลจากต้นปาล์มน้ำมันที่โค่นแล้ว,2016-01-19,2016-09-15,PETTY_PATENT
676,1603000147,อุปกรณ์สำหรับวัดและวิเคราะห์ข้อมูลกระแสและแรงดันโดยมีหน่วยแปลงสัญญาณแอนะลอกเป็นดิจิตอลแบบซิงโครนัสและสื่อสารได้หลายแบบ,2016-01-28,2017-05-17,PETTY_PATENT
677,1603000318,สูตรตำรับยาสมุนไพรสำหรับรักษาอาการผื่นคัน,2016-02-25,,PETTY_PATENT
678,1603000449,ยางธรรมชาติเทอร์โมพลาสติกลอกลายแบบ 3 มิติ สำหรับงานพิสูจน์หลักฐาน,2016-03-16,2016-09-15,PETTY_PATENT
679,1603000445,กรรมวิธีผลิตอุปกรณ์ทำหัตถการสอดใส่สายสวนหลอดเลือด จากยางธรรมชาติ,2016-03-16,2017-04-05,PETTY_PATENT
680,1603000447,กระบวนการผลิตผงโลหะบัดกรีไร้สารตะกั่ว กลุ่มโลหะผสมดีบุก-เงิน-ทองแดง โดยใช้เทคนิคการอะตอมไมเซชันแบบอาศัยหลักการหมุนเหวี่ยง,2016-03-16,2017-08-16,PETTY_PATENT
681,1603000458,กรรมวิธีการเตรียมน้ำมันพืช ดัดแปรด้วยอะนิลีนสำหรับใช้เป็นน้ำมันแปรรูปยาง,2016-03-16,2017-02-21,PETTY_PATENT
682,1603000450,ส่วนผสมสำหรับสเปรย์ช่องปากที่ประกอบด้วยสารสกัดเปลือกมังคุดและสารสกัดใบเทียนบ้าน,2016-03-16,2018-05-31,PETTY_PATENT
683,1603000448,เม็ดสีเทอร์โมโครมิกของผงวาเนเดียมไดออกไซด์เจือทังสเตนและกรรมวิธีการผลิต,2016-03-16,2018-11-14,PETTY_PATENT
684,1603000759,เตียงคลอดไฟฟ้า,2016-05-04,,PETTY_PATENT
685,1603000760,กรรมวิธีการผลิตน้ำมะพร้าวอ่อนผงโดยใช้เทคนิคการทำแห้งแบบเยือกแข็ง (Freeze Drying) และผลิตภัณฑ์ที่ได้จากกรรมวิธีนี้,2016-05-04,,PETTY_PATENT
686,1603000761,กรรมวิธีการสังเคราะห์ผงวาเนเดียมไดออกไซด์เจือแอมโมเนียมเฮปตะโมลิบเดตด้วยวิธีการเผาแบบ 2 ขั้นตอน,2016-05-04,2018-02-20,PETTY_PATENT
687,1603000762,กรรมวิธีการสกัดสารพิเพอลองกูมินิน(piperlongguminine) และคูซูโนไคนิน(kusunokinin)จากพริกไทยดำ,2016-05-04,,PETTY_PATENT
688,1603000763,กรรมวิธีการสังเคราะห์ชั้นเคลือบผิวให้มีสมบัติไม่ชอบน้ำยิ่งยวดและมีความใส,2016-05-04,2017-01-20,PETTY_PATENT
689,1603000928,สูตรเครื่องปรุงรสแกงเขียวหวานปรุงสำเร็จและกรรมวิธีการผลิตผลิตภัณฑ์ดังกล่าว,2016-05-31,2020-02-21,PETTY_PATENT
690,1603000929,สูตรเครื่องปรุงรสสตูปรุงสำเร็จชนิดผงและกรรมวิธีการผลิตผลิตภัณฑ์ดังกล่าว,2016-05-31,2020-10-05,PETTY_PATENT
691,1603000931,สูตรเครื่องปรุงรสต้มยำปรุงสำเร็จและกรรมวิธีการผลิตผลิตภัณฑ์ดังกล่าว,2016-05-31,2019-12-20,PETTY_PATENT
692,1603000930,อุปกรณ์ปอกลูกตาล,2016-05-31,2017-03-10,PETTY_PATENT
693,1603001155,กรรมวิธีการผลิตโครงร่างสามมิติชนิดสลายตัวได้ที่ผลิตจากโพลีเมอร์ผสม ด้วยวิธีเมลท์สเตรทชิงและคอมเพรสชันโมลดิง (Melt Stretching and Compression Molding; MSCM) และโครงร่างสามมิติชนิดสลายตัวได้ที่ผลิตจากโพลีเมอร์ผสม ตามกรรมวิธีการผลิตดังกล่าว,2016-07-01,2017-03-10,PETTY_PATENT
694,1603001772,เครื่องปอกและแยกเส้นใยจากเปลือกมะพร้าว,2016-09-13,2018-04-11,PETTY_PATENT
695,1603002002,สูตรเครื่องดื่มน้ำมะพร้าวที่มีกาบาและกรรมวิธีการผลิต,2016-10-03,2020-08-19,PETTY_PATENT
696,1603002019,ระบบจัดการพลังงานจากการแปลงพลังงานกลเป็นพลังงานไฟฟ้าด้วยวิธีทางไพอิโซอิเล็กทริกสำหรับอัดประจุให้แบตเตอรี่ชนิดประจุซ้ำได้และจ่ายพลังงานไฟฟ้า,2016-10-05,2019-11-13,PETTY_PATENT
697,2003003168,สูตรเครื่องแกงเขียวหวานใบเตยหอมและกรรมวิธีในการผลิตผลิตภัณฑ์ดังกล่าว,2020-11-25,,PETTY_PATENT
698,2003003170,ไอศกรีมกะทิผสมวุ้นสวรรค์และกรรมวิธีการผลิต,2020-11-25,,PETTY_PATENT
699,2103000210,สูตรการเตรียมอาหารขบเคี้ยวชนิดแท่งจากแป้งกล้วยน้ำว้าดิบและกรรมวิธีการผลิตผลิตภัณฑ์ดังกล่าว,2021-01-22,,PETTY_PATENT
700,2103000300,กระบวนการผลิตแผ่นกาวยางธรรมชาติที่ว่องไวต่อการกดด้วยเครื่องบดผสมแบบปิดสำหรับสูตรที่มีเนื้อพอลิเมอร์น้อย,2021-01-29,,PETTY_PATENT
701,2103000321,แผ่นผิวหนังเทียมฝึกเย็บจากยางพารา,2021-02-02,,PETTY_PATENT
702,2103000322,กรรมวิธีการเตรียมสารสกัดหญ้าดอกขาวที่มีสารอะพิจินินและลูติโอลินปริมาณสูง,2021-02-02,,PETTY_PATENT
703,2103000435,เมมเบรนชนิดเคลือบโพลีเอไมด์และกรรมวิธีการเตรียมผลิตภัณฑ์ดังกล่าว,2021-02-15,,PETTY_PATENT
704,2103000513,กรรมวิธีการลดสีของสารสกัดและการแยกส่วนสารโรโดไมรโทนจากใบกระทุ (Rhodomyrtus tomentosa (Ait.) Hassk.Leaves),2021-02-19,,PETTY_PATENT
705,2103000514,กรรมวิธีการผลิตวัสดุไบโอคอมโพสิตจากเส้นใยกัญชงสำหรับเป็นอุปกรณ์ใช้งานภายนอกอาคาร,2021-02-19,,PETTY_PATENT
706,2103000793,กรรมวิธีการผลิตโครงร่างสามมิติชนิดสลายตัวได้ที่ผลิตจากโพลีเมอร์ผสมกับเซรามิค ด้วยวิธีการพิมพ์สามมิติ (Three-dimensional printing) และโครงร่างสามมิติชนิดสลายตัวได้ที่ผลิตจากโพลีเมอร์ผสมกับเซรามิค ตามกรรมวิธีการผลิตดังกล่าว,2021-03-16,,PETTY_PATENT
707,1703001138,อุปกรณ์สกัดสารแบบสเตอร์บาร์รูปทรงดัมเบลล์ (dumbbell shape stir-bar sorptive extraction device) สำหรับการสกัดสารอินทรีย์ (organic compounds),2017-06-28,2019-05-23,PETTY_PATENT
708,2103001062,องค์ประกอบของวัสดุคาร์บอนที่มีรูพรุนสูง,2021-04-09,,PETTY_PATENT
709,2103001194,ไมโครพาร์ทิเคิลที่มีสารสกัดเหง้าขมิ้นชันร่วมกับไคโตซานและกรรมวิธีการผลิต,2021-04-30,,PETTY_PATENT
710,2103001300,สูตรการเตรียมชาดอกกระท่อมและกรรมวิธีผลิตชาดังกล่าว,2021-05-11,,PETTY_PATENT
711,2103001299,สูตรการเตรียมชาที่มีสารสกัดของกระท่อมและกรรมวิธีการผลิตชาดังกล่าว,2021-05-11,,PETTY_PATENT
712,2103001343,ชุดแผงโซล่าเซลล์ที่มีชุดทุ่นลอยน้ำกันคลื่น,2021-05-14,,PETTY_PATENT
713,2103001344,กระบวนการเตรียมยางรีไซเคิลหรือยางดีวัลคาไนซ์จากเศษถุงยางอนามัย,2021-05-14,,PETTY_PATENT
714,2103001342,กรรมวิธีผลิตแกงเลียงผักเหลียงกึ่งสำเร็จรูป,2021-05-14,,PETTY_PATENT
715,2103001340,สื่อการเรียนการสอนชุดทดลองการเคลื่อนที่ของการสั่นแบบหน่วง,2021-05-14,,PETTY_PATENT
716,2103001339,ทุ่นลอยน้ำกันคลื่นปะทะ,2021-05-14,,PETTY_PATENT
717,2103001337,กระบวนการผลิตยางรูปแบบเม็ด,2021-05-14,,PETTY_PATENT
718,2103001431,หุ่นข้อมือสำหรับฝึกการตรวจชีพจร,2021-05-25,,PETTY_PATENT
719,2103001432,โฟมยางที่ผสมซีโอไลต์เพื่อลดการลามไฟและกรรมวิธีการเตรียมผลิตภัณฑ์ดังกล่าว ,2021-05-25,,PETTY_PATENT
720,2103001566,แผ่นรองในรองเท้าแบบป้อนกลับและปฏิสัมพันธ์สำหรับการเดินที่ผิดปกติ,2021-06-07,,PETTY_PATENT
721,2103000114,สูตรส่วนผสมสารละลายคอมโพสิตไคโตซาน อนุภาคนาโนทอง ,2021-01-15,,PETTY_PATENT
722,2103000115,กระบวนการผลิตไวน์เมล่อนโดยการหมักแบบกะซ้ำ 	,2021-01-15,,PETTY_PATENT
723,2103000116,ไบโอเซนเซอร์โดยใช้เอนไซม์ออกซิเดส,2021-01-15,,PETTY_PATENT
724,2103000117,ลูกตาเทียมเพื่อการฝึกสอนดูจอตา (Schematic eye for fundus examination),2021-01-15,,PETTY_PATENT
725,2103000436,สูตรเครื่องแกงมัสมั่นผงพร้อมปรุงและกรรมวิธีการผลิต,2021-02-15,,PETTY_PATENT
726,1703001444,สูตรตำรับยาสีฟันใสที่มีส่วนผสมสารย้อมคราบจุลินทรีย์,2017-08-08,2020-11-26,PETTY_PATENT
727,2103000990,ผักแผ่นอบกรอบ,2021-04-02,,PETTY_PATENT
728,2103001064,สูตรตำรับสเปรย์ก่อฟิล์มที่มีส่วนผสมของสารสกัดแอลฟา-แมงโกสตินและลอว์โซนเมทิลอีเทอร์,2021-04-09,,PETTY_PATENT
729,2103001271,สูตรผลิตภัณฑ์สบู่เหลวทำความสะอาดผิวหน้าที่มีส่วนผสมของถ่านชีวภาพจากกากกาแฟและกรรมวิธีในการผลิตผลิตภัณฑ์ดังกล่าว,2021-05-07,,PETTY_PATENT
730,2103001434,น้ำลายเทียมแบบเจลบอล ,2021-05-25,,PETTY_PATENT
731,2103001565,เครื่องบีบปาล์มน้ำมันสำหรับลดระยะเวลาการอบ,2021-06-07,,PETTY_PATENT
732,2103001568,กรรมวิธีการผลิตน้ำมันปลาจากวัสดุเศษเหลือจากกระบวนการแปรรูปปลาโดยผ่านกระบวนการย่อยด้วยเอนไซม์ร่วมกับการแยกทางกล,2021-06-07,,PETTY_PATENT
733,2003002886,ยางธรรมชาติเทอร์โมพลาสติกย่อยสลายได้สำหรับบ่งชี้อุณหภูมิ,2020-10-27,,PETTY_PATENT
734,2003002887,ยางธรรมชาติเทอร์โมพลาสติก สำหรับใช้ทำเฝือกที่ยืดหยุ่นได้,2020-10-27,,PETTY_PATENT
735,2003003042,กรรมวิธีผลิตผลิตภัณฑ์ผักอบกรอบ ,2020-11-09,,PETTY_PATENT
736,1703000785,ผลิตภัณฑ์ธัญพืชเสริมคอลลาเจนไฮโดรไลเสทและไบโอแคลเซียม,2017-05-09,2020-06-11,PETTY_PATENT
737,2003003373,กรรมวิธีการผลิตผลิตภัณฑ์ผักเหลียงในรูปผงให้มีสีเขียว,2020-12-21,,PETTY_PATENT
738,2103000049,สูตรแผ่นมาส์กบำรุงผิวหน้าจากสารสกัดบัวบกและว่านหางจระเข้และกรรมวิธีการผลิต,2021-01-11,,PETTY_PATENT
739,2103000113,กระบวนการผลิตไวน์ผลไม้แบบต่อเนื่องด้วยเซลล์ยีสต์ตรึงรูปบนชิ้นเนื้อผลไม้,2021-01-15,,PETTY_PATENT
740,2103000207,กรรมวิธีการเตรียมสารสกัดอาโทคาร์ปินจากแก่นขนุน,2021-01-22,,PETTY_PATENT
741,2103000512,กระบวนการตรวจวัดไอโอไดด์โดยอาศัยเทคนิคทางเคมีไฟฟ้า,2021-02-19,,PETTY_PATENT
742,2103001191,กรรมวิธีการผลิตน้ำส้มสายชูหมักจากไวน์กล้วยหิน,2021-04-30,,PETTY_PATENT
743,2103001273,สูตรการเตรียมกาแฟที่มีสารสกัดของกระท่อมและกรรมวิธีการผลิตกาแฟดังกล่าว,2021-05-07,,PETTY_PATENT
744,2103001341,โดมปะการังเทียมแบบประสาน,2021-05-14,,PETTY_PATENT
745,2003002885,เจลอัลตราซาวด์ที่มีส่วนผสมของสารสกัดฟีนิลบิวทานอยด์จากเหง้าไพล,2020-10-27,,PETTY_PATENT
746,2003003037,แผ่นตรวจวัดแอลกอฮอล์สำหรับผลิตภัณฑ์อาหารหมักดอง,2020-11-09,,PETTY_PATENT
747,2003003038,ผลิตภัณฑ์ชาจากใบผักชีฝรั่งและผลดีปลีอบแห้ง,2020-11-09,,PETTY_PATENT
748,2003003039,กรรมวิธีการสกัดสารประกอบไบโอจินิกเอมีนจากผลิตภัณฑ์อาหารทะเลและผลิตภัณฑ์อาหารทะเลแปรรูป,2020-11-09,,PETTY_PATENT
749,2003003040,ผลิตภัณฑ์ผักเหลียงปรุงรสอบกรอบที่ไม่มีรสขม,2020-11-09,,PETTY_PATENT
750,2003003369,กรรมวิธีการเติมอนุภาคซิลเวอร์นาโนบนบรรจุภัณฑ์อาหารชนิดแผ่นฟิล์มและผลิตภัณฑ์ที่ได้จากกรรมวิธีดังกล่าว,2020-12-21,,PETTY_PATENT
751,2003003375,เครื่องผลิตกรดไขมันอิสระและส่วนผสมดีเซล จากน้ำมันชีวภาพและกรดไขมันอิสระ,2020-12-21,,PETTY_PATENT
752,2103000213,สูตรผสมน้ำมันหอมเเดงสำหรับลดอาการคัดจมูก,2021-01-22,,PETTY_PATENT
753,2103000792,อุปกรณ์ครอบป้องกันทวารเทียม ,2021-03-16,,PETTY_PATENT
754,2103001433,กรรมวิธีในการวิเคราะห์สารโคตินินในปัสสาวะ (Determination of Urinary Cotinine Residues),2021-05-25,,PETTY_PATENT
755,2103001567,อุปกรณ์ถ่ายภาพสำหรับระบบกรีดยางอัตโนมัติ(Camera and Lights for Automatic Rubber Tapping System)”  ,2021-06-07,,PETTY_PATENT
756,2003003167,แผ่นตรวจวัดแอลกอฮอล์ในสารคัดหลั่ง,2020-11-25,,PETTY_PATENT
757,2103000212,เจลทาผิวหนังผสมน้ำมันหอมแดงสำหรับลดอาการคัดจมูก,2021-01-22,,PETTY_PATENT
758,2103000299,สเปรย์ช่องปากรูปแบบไมโครอิมัลชันที่มีสารสกัดบัวบกรักษาแผลในปาก,2021-01-29,,PETTY_PATENT
759,2103000511,องค์ประกอบของอนุภาคนาโนทองคำแบบเคมีสีเขียวโดยใช้สารสกัดจากกล้วยน้ำว้า,2021-02-19,,PETTY_PATENT
760,2103001061,กรรมวิธีการผลิตไบโอแคลเซียม,2021-04-09,,PETTY_PATENT
761,2103001192,แบคเทอริโอเฟจไมโครแคปซูลสำหรับควบคุมปริมาณแบคทีเรียวิบริโอเรืองแสงในกุ้งทะเล,2021-04-30,,PETTY_PATENT
762,2103001272,สบู่ก้อนทำความสะอาดผิวที่มีส่วนผสมของถ่านชีวภาพจากกากกาแฟและกรรมวิธีการผลิตผลิตภัณฑ์ดังกล่าว,2021-05-07,,PETTY_PATENT
763,2003003171,กระบวนการสร้างขั้วไฟฟ้าอย่างง่ายสำหรับการตรวจวัดอะเซตามิโนเฟน,2020-11-25,,PETTY_PATENT
764,2003003374,กระบวนการผลิตซอสผักเหลียง ,2020-12-21,,PETTY_PATENT
765,2103000206,แผ่นแปะสมุนไพรตำรับยานึ่งท้อง,2021-01-22,,PETTY_PATENT
766,2103000208,แผ่นแปะปลดปล่อยกลิ่นสำหรับลดอาการคัดจมูก,2021-01-22,,PETTY_PATENT
767,2103000209,เจลแข็งปรับอากาศผสมน้ำมันหอมแดงสำหรับลดอาการคัดจมูก,2021-01-22,,PETTY_PATENT
768,2103000211,แผ่นกาวยางติดผิวหนังที่มีสารสกัดปูดเบญกานีเป็นองค์ประกอบและกรรมวิธีในการเตรียมผลิตภัณฑ์ดังกล่าว,2021-01-22,,PETTY_PATENT
769,2103001569,กรรมวิธีการเตรียมสารสกัดมาตรฐานเปลือกมะม่วงเบาที่มีสารแมงจิเฟอรินสูง,2021-06-07,,PETTY_PATENT
770,2003003041,กรรมวิธีผลิตผลิตภัณฑ์ใบกะเพราแห้งให้คงกลิ่นหอมและมีสีเขียวโดยใช้เตาไมโครเวฟ,2020-11-09,,PETTY_PATENT
771,2103000050,ผลิตภัณฑ์แผ่นแปะซับสิวจากสารสกัดบัวบกและว่านหางจระเข้,2021-01-11,,PETTY_PATENT
772,2103000051,อุปกรณ์ถ่ายภาพจอตาด้วยกล้องโทรศัพท์มือถือ,2021-01-11,,PETTY_PATENT
773,2103000052,ผลิตภัณฑ์ถุงมือที่มีน้ำยานาโนอิมัลชั่นอยู่บนพื้นผิวและกรรมวิธีในการเตรียมผลิตภัณฑ์ดังกล่าว,2021-01-11,,PETTY_PATENT
774,2103000054,ผลิตภัณฑ์เส้นหมี่ที่มีแป้งต้านทานการย่อยเป็นส่วนผสม,2021-01-11,,PETTY_PATENT
775,2103000301,กรรมวิธีการผลิตโครงร่างรองรับเซลล์แบบสามมิติโดยใช้ฟองก๊าซขนาดเล็กร่วมกับการทำแห้งแบบแช่แข็งสำหรับวิศวกรรมเนื้อเยื่อกระดูก,2021-01-29,,PETTY_PATENT
776,2103000437,สูตร และกรรมวิธีผลิตน้ำจิ้มซีฟูดส์แห้ง,2021-02-15,,PETTY_PATENT
777,2103000991,เซนเซอร์ทางเคมีไฟฟ้าร่วมกับพอลิเมอร์รอยพิมพ์ประทับระดับโมเลกุล,2021-04-02,,PETTY_PATENT
778,2103001063,สูตรตำรับอิมัลเจลที่มีส่วนผสมของสารสกัดแอลฟา-แมงโกสตินและลอว์โซนเมทิลอีเทอร์,2021-04-09,,PETTY_PATENT
779,2103001195,กระบวนการเตรียมยางรีไซเคิลหรือยางดีวัลคาไนซ์จากเศษถุงมือยางธรรมชาติ,2021-04-30,,PETTY_PATENT
780,1702001545,แผ่นป้องกันการเลื่อนและการกดทับที่เกิดจากสายสวน,2017-05-08,,PRODUCT_DESIGN
781,1702002567,อิฐบล็อก,2017-07-07,2019-12-11,PRODUCT_DESIGN
782,1802003099,อุปกรณ์นวด,2018-08-01,,PRODUCT_DESIGN
783,1802001669,เครื่องกรีดยางพารา,2018-04-25,2019-10-03,PRODUCT_DESIGN
784,1902000138,ลวดลายของป้ายติดซองชา,2019-01-11,,PRODUCT_DESIGN
785,1902000139,ลวดลายฉลากสินค้า,2019-01-11,,PRODUCT_DESIGN
786,1902000209,ลวดลายของซองบรรจุ,2019-01-18,,PRODUCT_DESIGN
787,1902000206,ลวดลายของซองบรรจุ,2019-01-18,,PRODUCT_DESIGN
788,1902000304,อุปกรณ์ทางการเเพทย์,2019-01-24,,PRODUCT_DESIGN
789,1902002298,อุปกรณ์สำหรับยึดขวดบรรจุของเหลวทางการเเพทย์,2019-06-13,,PRODUCT_DESIGN
790,1902004644,อุปกรณ์ทางการแพทย์,2019-11-15,,PRODUCT_DESIGN
791,2002000846,อุปกรณ์วิเคราะห์สำหรับใช้ในทางการแพทย์,2020-02-28,,PRODUCT_DESIGN
792,2002001876,อุปกรณ์ผลิตสารละลายกรด,2020-05-01,,PRODUCT_DESIGN
793,2002003760,รองเท้าสำหรับสัตว์,2020-08-21,,PRODUCT_DESIGN
794,2002005331,อุปกรณ์สำหรับตรวจสารให้ความเผ็ดในพริกแบบพกพา ,2020-11-25,,PRODUCT_DESIGN
795,2002005703,เครื่องผลิตกรดไขมันอิสระ ส่วนผสมดีโซฮอล์และไบโอดีเซล จากน้ำมันพืชหรือไขสัตว์หรือกรดไขมันอิสระ,2020-12-21,,PRODUCT_DESIGN
796,2102000469,เครื่องผลิตกรดไฮโปคลอรัสและไฮโปคลอไรด์ด้วยวิธีทางเคมีไฟฟ้าร่วมกับระบบไหลผ่าน,2021-02-02,,PRODUCT_DESIGN
797,2102000470,เซลล์อิเล็กโทรไลต์ระบบไหลผ่านสำหรับผลิตไฮโปคลอรัสและไฮโปคลอไรด์ด้วยวิธีทางเคมีไฟฟ้า,2021-02-02,,PRODUCT_DESIGN
798,1002002348,มีดกรีดยางพาราลดอาการโรคอุโมงค์ข้อมือ,2010-08-30,2010-08-30,PRODUCT_DESIGN
799,1202000366,อุปกรณ์การเรียนการสอน,2012-02-17,2012-02-25,PRODUCT_DESIGN
800,1202000434,อุปกรณ์รักษาระดับอุณหภูมิ,2012-02-24,2012-02-24,PRODUCT_DESIGN
801,1202002009,อุปกรณ์เสริมสะโพก,2012-07-30,2012-07-31,PRODUCT_DESIGN
802,1202002475,อุปกรณ์ตรวจวัดสารทางเคมีไฟฟ้า,2012-09-18,2012-09-18,PRODUCT_DESIGN
803,1302000839,อุปกรณ์ทางการแพทย์,2013-03-27,2013-03-27,PRODUCT_DESIGN
804,1302000840,อุปกรณ์ทางการแพทย์,2013-03-27,2016-07-13,PRODUCT_DESIGN
805,1302002483,หัวกรองน้ำยาง,2013-09-05,2013-09-05,PRODUCT_DESIGN
806,1302003038,อุปกรณ์การเรียนการสอน,2013-10-22,,PRODUCT_DESIGN
807,1302003039,อุปกรณ์การเรียนการสอน,2013-10-22,,PRODUCT_DESIGN
808,1302003040,อุปกรณ์การเรียนการสอน,2013-10-22,,PRODUCT_DESIGN
809,1302003041,อุปกรณ์การเรียนการสอน,2013-10-22,,PRODUCT_DESIGN
810,1302003042,อุปกรณ์การเรียนการสอน,2013-10-22,2016-02-25,PRODUCT_DESIGN
811,1302003043,อุปกรณ์การเรียนการสอน,2013-10-22,,PRODUCT_DESIGN
812,1302003044,อุปกรณ์การเรียนการสอน,2013-10-22,,PRODUCT_DESIGN
813,1302003045,อุปกรณ์การเรียนการสอน,2013-10-22,,PRODUCT_DESIGN
814,1302003046,อุปกรณ์การเรียนการสอน,2013-10-22,,PRODUCT_DESIGN
815,1302003047,อุปกรณ์การเรียนการสอน,2013-10-22,,PRODUCT_DESIGN
816,1302003048,อุปกรณ์การเรียนการสอน,2013-10-22,,PRODUCT_DESIGN
817,1302003049,อุปกรณ์การเรียนการสอน,2013-10-22,,PRODUCT_DESIGN
818,1302003050,อุปกรณ์การเรียนการสอน,2013-10-22,,PRODUCT_DESIGN
819,1302003051,อุปกรณ์การเรียนการสอน,2013-10-22,,PRODUCT_DESIGN
820,1402001614,อุปกรณ์ทางการแพทย์,2014-06-27,2016-09-15,PRODUCT_DESIGN
821,1402003884,แผ่นป้องกันแผลกดทับ,2014-12-12,2018-01-19,PRODUCT_DESIGN
822,1602004297,แผ่นป้องกันแผลกดทับ,2016-11-08,,PRODUCT_DESIGN
823,1702001097,อุปกรณ์ตรวจวัดคลอรีน,2017-03-30,,PRODUCT_DESIGN
824,1702002983,บรรจุภัณฑ์,2017-08-04,,PRODUCT_DESIGN
825,1702002568,อุปกรณ์ช่วยในการเจาะเลือด,2017-07-07,2020-04-01,PRODUCT_DESIGN
826,1702002981,อุปกรณ์ทางการแพทย์,2017-08-18,2019-10-03,PRODUCT_DESIGN
827,1702001099,อุปกรณ์ตรวจวัดคลอรีน,2017-03-30,2019-06-14,PRODUCT_DESIGN
828,1802001806,อุปกรณ์สำหรับฝึกการกรีดยาง,2018-05-04,2019-10-03,PRODUCT_DESIGN
829,1902000205,ลวดลายของซองบรรจุ,2019-01-18,,PRODUCT_DESIGN
830,1702002566,อิฐบล็อก,2017-07-07,2019-12-11,PRODUCT_DESIGN
831,1702002565,อิฐบล็อก,2017-07-07,2019-12-11,PRODUCT_DESIGN
832,1902003817,อุปกรณ์ยึดสายระบาย,2019-09-20,,PRODUCT_DESIGN
833,1902003819,เครื่องมือป้องกันอันตรายจากการขูดมะพร้าว,2019-09-20,,PRODUCT_DESIGN
834,2002001515,อุปกรณ์ทางการแพทย์,2020-04-03,,PRODUCT_DESIGN
835,2002003840,อุปกรณ์เสริมสำหรับถ่ายภาพฟลูออเรสเซนซ์ในหลอดด้วยกล้องในสมาร์ตโฟน,2020-08-18,,PRODUCT_DESIGN
836,2002003841,อุปกรณ์เสริมสำหรับถ่ายภาพฟลูออเรสเซนซ์ด้วยกล้องในสมาร์ตโฟน,2020-08-18,,PRODUCT_DESIGN
837,2002004395,เครื่องแปรรูปผลิตผลทางการเกษตร,2020-09-28,,PRODUCT_DESIGN
838,2002005706,การออกแบบเครื่องเก็บเกี่ยวทะลายปาล์มน้ำมันระบบนิวเมติกส์,2020-12-21,,PRODUCT_DESIGN
839,2102000702,เครื่องเตือนปริมาณน้ำเกลือ,2021-02-15,,PRODUCT_DESIGN
840,1702000405,เครื่องแปรรูปผลผลิตทางการเกษตร,2017-02-06,2018-06-20,PRODUCT_DESIGN
841,1702002984,ด้ามจับเคียว,2017-08-04,2019-08-22,PRODUCT_DESIGN
842,1802005314,อุปกรณ์สำหรับการผ่าตัด,2018-12-11,2020-04-21,PRODUCT_DESIGN
843,1902000204,ลวดลายของกล่อง,2019-01-18,,PRODUCT_DESIGN
844,1902000207,ลวดลายบนฉลากบรรจุภัณฑ์,2019-01-18,,PRODUCT_DESIGN
845,1902002211,อุปกรณ์ทางการแพทย์,2019-06-10,,PRODUCT_DESIGN
846,2002001408,ลวดลายผ้า,2020-03-27,,PRODUCT_DESIGN
847,2002001409,ลวดลายผ้า,2020-03-27,,PRODUCT_DESIGN
848,2002001410,ลวดลายผ้า,2020-03-27,,PRODUCT_DESIGN
849,2002001411,ลวดลายผ้า,2020-03-27,,PRODUCT_DESIGN
850,2002001414,ลวดลายผ้า,2020-03-27,,PRODUCT_DESIGN
851,2002001404,ลวดลายผ้า,2020-03-27,,PRODUCT_DESIGN
852,2002003185,หมอน,2020-07-14,,PRODUCT_DESIGN
853,2102001255,การออกแบบเครื่องวัดแรงตัดเฉือนทะลายและทางปาล์ม,2021-03-16,,PRODUCT_DESIGN
854,2102001256,อุปกรณ์ครอบป้องกันทวารเทียม ,2021-03-16,,PRODUCT_DESIGN
855,1802001698,อุปกรณ์ตรวจสอบ,2018-04-26,2020-08-13,PRODUCT_DESIGN
856,1902002212,อุปกรณ์ทางการเเพทย์,2019-06-10,,PRODUCT_DESIGN
857,1502001802,หมอนรองข้อมือช่วยในการเจาะเลือด,2015-06-04,2016-09-29,PRODUCT_DESIGN
858,1602001954,อุปกรณ์ปอกลูกตาล,2016-05-26,2019-01-07,PRODUCT_DESIGN
859,1602002515,มีดกรีดเปลือกต้นยางพารา,2016-06-29,2018-07-10,PRODUCT_DESIGN
860,1602003612,อุปกรณ์รองรับศีรษะ,2016-09-21,2018-11-13,PRODUCT_DESIGN
861,1602003608,อุปกรณ์ชุบเคลือบผิวและกัดผิวโลหะ,2016-09-30,2018-10-22,PRODUCT_DESIGN
862,1602004296,เครื่องขัดชิ้นงาน,2016-11-08,2018-07-04,PRODUCT_DESIGN
863,1902003816,อุปกรณ์ช่วยเดิน,2019-09-20,,PRODUCT_DESIGN
864,1602004295,อุปกรณ์กำหนดตำแหน่งฉีดยา,2016-11-08,2019-08-01,PRODUCT_DESIGN
865,1702003276,มีด,2017-08-24,2020-02-27,PRODUCT_DESIGN
866,2002001415,อุปกรณ์ตรวจวัดความชื้นในดิน,2020-03-27,,PRODUCT_DESIGN
867,2002001413,ลวดลายผ้า,2020-03-27,,PRODUCT_DESIGN
868,2002002347,เครื่องตรวจวัดสารเคมี,2020-05-29,,PRODUCT_DESIGN
869,1802003098,อุปกรณ์สำหรับการผ่าตัด,2018-08-21,2020-04-10,PRODUCT_DESIGN
870,1802002201,อุปกรณ์นวดตัว,2018-06-01,2020-10-22,PRODUCT_DESIGN
871,1902000208,อุปกรณ์ช่วยในการถ่ายภาพ,2019-01-18,,PRODUCT_DESIGN
872,1902000210,ลวดลายของแบบพับซองบรรจุ,2019-01-18,,PRODUCT_DESIGN
873,2002000597,เครื่องตรวจวัดตัวอย่างเลือด,2020-02-14,,PRODUCT_DESIGN
874,2002000845,เครื่องตรวจวัดความเปรี้ยว,2020-02-28,,PRODUCT_DESIGN
875,2002001412,ลวดลายผ้า,2020-03-27,,PRODUCT_DESIGN
876,2002001766,อุปกรณ์ช่วยควบคุมทิศทางสำหรับการระเบิดชั้นหิน,2020-04-24,,PRODUCT_DESIGN
877,2002003434,อุปกรณ์ทางการแพทย์ (อุปกรณ์ถ่างลิ้นสําหรับช่วยผ่าตัดพังผืดใต้ลิ้นในทารก),2020-07-30,,PRODUCT_DESIGN
878,2002002949,เครื่องตรวจวัดสารระเบิด,2020-07-02,,PRODUCT_DESIGN
879,2002003281,อุปกรณ์ห้ามเลือด,2020-07-17,,PRODUCT_DESIGN
880,2002004396,เครื่องวัดยาปฏิชีวนะ,2020-09-28,,PRODUCT_DESIGN
881,2002005704,อุปกรณ์ตรวจวัดคลอแรมเฟนิคอล,2020-12-21,,PRODUCT_DESIGN
882,2102002160,การออกแบบอุปกรณ์ตัดทะลายปาล์มน้ำมันระบบไฮดรอลิก,2021-05-25,,PRODUCT_DESIGN
